Series,ImageID,Filename,Repeat,HashMs,SignMs,EmbedMs,ExtractRecoverMs,VerifyMs,TotalMs,EmbeddingSuccess
CT-01,CT-01_image-00000,image-00000.tiff,1,1.42466666666667,5.27408333333333,13.246625,3.69125,2.40445833333333,26.0593333333333,1
CT-01,CT-01_image-00000,image-00000.tiff,2,1.70966666666667,5.25495833333333,13.392,3.54175,3.61066666666667,27.5344583333333,1
CT-01,CT-01_image-00000,image-00000.tiff,3,1.392375,5.305625,13.208375,3.41620833333333,2.80295833333333,26.1455833333333,1
CT-01,CT-01_image-00000,image-00000.tiff,4,1.436125,5.58708333333333,13.042125,3.39175,2.569875,26.0494166666667,1
CT-01,CT-01_image-00000,image-00000.tiff,5,1.37958333333333,5.35179166666667,12.9640416666667,3.37625,3.02483333333333,26.1171666666667,1
CT-01,CT-01_image-00000,image-00000.tiff,6,1.49579166666667,5.2665,13.1061666666667,3.32091666666667,3.27820833333333,26.4859166666667,1
CT-01,CT-01_image-00000,image-00000.tiff,7,1.435,5.30529166666667,13.081,3.91979166666667,3.14925,26.9145416666667,1
CT-01,CT-01_image-00000,image-00000.tiff,8,1.48129166666667,5.48020833333333,13.6140833333333,3.45166666666667,2.604375,26.655625,1
CT-01,CT-01_image-00000,image-00000.tiff,9,1.38883333333333,5.29820833333333,13.3919166666667,3.378375,2.26408333333333,25.7406666666667,1
CT-01,CT-01_image-00000,image-00000.tiff,10,1.35804166666667,5.240875,13.170375,3.420625,2.189625,25.3984166666667,1
CT-01,CT-01_image-00006,image-00006.tiff,1,1.373,5.34441666666667,13.0602083333333,3.44983333333333,1.66816666666667,24.9112083333333,1
CT-01,CT-01_image-00006,image-00006.tiff,2,1.324125,5.15358333333333,12.5790833333333,3.55220833333333,2.235625,24.8653333333333,1
CT-01,CT-01_image-00006,image-00006.tiff,3,2.07791666666667,5.30829166666667,12.867625,3.518,2.10145833333333,25.8960833333333,1
CT-01,CT-01_image-00006,image-00006.tiff,4,1.553125,5.07866666666667,12.5944583333333,3.31483333333333,1.911875,24.4742916666667,1
CT-01,CT-01_image-00006,image-00006.tiff,5,1.4485,5.09108333333333,12.6526666666667,3.30908333333333,1.81341666666667,24.3317083333333,1
CT-01,CT-01_image-00006,image-00006.tiff,6,1.34704166666667,5.08658333333333,12.5329583333333,3.30954166666667,1.68708333333333,23.979375,1
CT-01,CT-01_image-00006,image-00006.tiff,7,1.34583333333333,5.0805,12.5630416666667,3.264125,1.74829166666667,24.0185,1
CT-01,CT-01_image-00006,image-00006.tiff,8,1.30754166666667,5.06291666666667,12.683625,3.2725,1.74079166666667,24.0821666666667,1
CT-01,CT-01_image-00006,image-00006.tiff,9,1.2695,5.03325,12.5636666666667,3.25970833333333,1.626125,23.7669583333333,1
CT-01,CT-01_image-00006,image-00006.tiff,10,1.268,5.06229166666667,12.4052083333333,3.26783333333333,1.62154166666667,23.6394583333333,1
CT-01,CT-01_image-00018,image-00018.tiff,1,1.31741666666667,5.15529166666667,13.0625416666667,3.41345833333333,1.8085,24.7765416666667,1
CT-01,CT-01_image-00018,image-00018.tiff,2,1.2805,5.25970833333333,13.59225,3.857,1.96875,25.9786666666667,1
CT-01,CT-01_image-00018,image-00018.tiff,3,1.24433333333333,5.05966666666667,12.769875,3.35879166666667,1.60179166666667,24.0507083333333,1
CT-01,CT-01_image-00018,image-00018.tiff,4,1.252375,5.04341666666667,12.8270416666667,3.373375,1.58066666666667,24.0917916666667,1
CT-01,CT-01_image-00018,image-00018.tiff,5,1.24525,5.027375,12.6275,3.37095833333333,1.58975,23.8751666666667,1
CT-01,CT-01_image-00018,image-00018.tiff,6,1.24558333333333,5.09220833333333,12.7118333333333,3.28991666666667,1.6085,23.9621666666667,1
CT-01,CT-01_image-00018,image-00018.tiff,7,1.260625,5.09666666666667,12.603,3.27241666666667,1.56970833333333,23.816375,1
CT-01,CT-01_image-00018,image-00018.tiff,8,1.24045833333333,5.0035,12.5234166666667,3.25241666666667,1.56341666666667,23.597,1
CT-01,CT-01_image-00018,image-00018.tiff,9,1.25479166666667,5.01279166666667,12.5679583333333,3.30304166666667,1.57133333333333,23.7235833333333,1
CT-01,CT-01_image-00018,image-00018.tiff,10,1.256,5.07870833333333,12.720125,3.31458333333333,1.6695,24.0532916666667,1
CT-01,CT-01_image-00024,image-00024.tiff,1,1.56445833333333,5.12720833333333,12.54175,3.3365,1.66733333333333,24.25575,1
CT-01,CT-01_image-00024,image-00024.tiff,2,1.25441666666667,5.10758333333333,12.975625,3.36583333333333,1.82216666666667,24.5431666666667,1
CT-01,CT-01_image-00024,image-00024.tiff,3,1.255375,5.12433333333333,12.8484166666667,3.35141666666667,1.75708333333333,24.3542916666667,1
CT-01,CT-01_image-00024,image-00024.tiff,4,1.25683333333333,5.04533333333333,12.7425,3.409875,1.6145,24.0855,1
CT-01,CT-01_image-00024,image-00024.tiff,5,1.24729166666667,5.11691666666667,12.77525,3.3905,1.595375,24.1408333333333,1
CT-01,CT-01_image-00024,image-00024.tiff,6,1.25125,5.07,12.7513333333333,3.361375,1.647,24.0980833333333,1
CT-01,CT-01_image-00024,image-00024.tiff,7,1.23929166666667,5.03008333333333,13.0542083333333,3.43841666666667,1.59983333333333,24.3774166666667,1
CT-01,CT-01_image-00024,image-00024.tiff,8,1.24820833333333,5.02720833333333,12.9978333333333,3.46304166666667,1.57233333333333,24.323125,1
CT-01,CT-01_image-00024,image-00024.tiff,9,1.243375,5.03454166666667,13.000125,3.46916666666667,1.56516666666667,24.3266666666667,1
CT-01,CT-01_image-00024,image-00024.tiff,10,1.24595833333333,4.99158333333333,12.8831666666667,3.43779166666667,1.55283333333333,24.1252083333333,1
CT-01,CT-01_image-00036,image-00036.tiff,1,1.36875,5.27441666666667,14.31225,3.82245833333333,2.22970833333333,27.249125,1
CT-01,CT-01_image-00036,image-00036.tiff,2,1.32825,5.23304166666667,13.773625,3.71595833333333,2.01104166666667,26.212875,1
CT-01,CT-01_image-00036,image-00036.tiff,3,1.28141666666667,5.13141666666667,13.3520416666667,3.60641666666667,1.84929166666667,25.3352083333333,1
CT-01,CT-01_image-00036,image-00036.tiff,4,1.26879166666667,5.15508333333333,12.5507916666667,3.37833333333333,1.67683333333333,24.0885833333333,1
CT-01,CT-01_image-00036,image-00036.tiff,5,1.25279166666667,5.11529166666667,12.6864583333333,3.39183333333333,1.59658333333333,24.0934583333333,1
CT-01,CT-01_image-00036,image-00036.tiff,6,1.23304166666667,5.10275,12.65075,3.27420833333333,1.71716666666667,24.0082916666667,1
CT-01,CT-01_image-00036,image-00036.tiff,7,1.25570833333333,5.15575,12.74825,3.26,1.554625,24.05225,1
CT-01,CT-01_image-00036,image-00036.tiff,8,1.24354166666667,5.03741666666667,12.438375,3.25429166666667,1.50929166666667,23.5345833333333,1
CT-01,CT-01_image-00036,image-00036.tiff,9,1.222875,4.974875,12.5689583333333,3.242875,1.51958333333333,23.5577916666667,1
CT-01,CT-01_image-00036,image-00036.tiff,10,1.25083333333333,4.97841666666667,12.4730833333333,3.22541666666667,1.48916666666667,23.4325,1
CT-01,CT-01_image-00042,image-00042.tiff,1,1.19279166666667,4.97641666666667,13.0797083333333,3.32441666666667,1.5865,24.163875,1
CT-01,CT-01_image-00042,image-00042.tiff,2,1.24658333333333,5.09783333333333,12.8854166666667,3.19120833333333,1.80520833333333,24.2353333333333,1
CT-01,CT-01_image-00042,image-00042.tiff,3,1.252125,5.04016666666667,12.3532083333333,3.2995,1.523625,23.4747083333333,1
CT-01,CT-01_image-00042,image-00042.tiff,4,1.266125,4.96858333333333,12.5555416666667,3.25933333333333,1.47583333333333,23.5294166666667,1
CT-01,CT-01_image-00042,image-00042.tiff,5,1.241375,5.01283333333333,12.5846666666667,3.28854166666667,1.44670833333333,23.577875,1
CT-01,CT-01_image-00042,image-00042.tiff,6,1.21095833333333,4.97825,12.535125,3.332625,1.44145833333333,23.5010833333333,1
CT-01,CT-01_image-00042,image-00042.tiff,7,1.24383333333333,4.99729166666667,12.63925,3.32541666666667,1.42254166666667,23.6309583333333,1
CT-01,CT-01_image-00042,image-00042.tiff,8,1.21725,4.96816666666667,12.6398333333333,3.30304166666667,1.4245,23.5552083333333,1
CT-01,CT-01_image-00042,image-00042.tiff,9,1.22695833333333,4.98933333333333,12.8361666666667,3.32191666666667,1.48183333333333,23.8589166666667,1
CT-01,CT-01_image-00042,image-00042.tiff,10,1.19566666666667,4.97158333333333,13.0499583333333,3.384125,1.48183333333333,24.0878333333333,1
CT-01,CT-01_image-00054,image-00054.tiff,1,1.22416666666667,4.97808333333333,12.5187083333333,3.23066666666667,1.46129166666667,23.4164583333333,1
CT-01,CT-01_image-00054,image-00054.tiff,2,1.24325,5.21775,12.7484166666667,3.25408333333333,1.727875,24.2041666666667,1
CT-01,CT-01_image-00054,image-00054.tiff,3,1.24941666666667,5.01675,12.433125,3.34445833333333,1.50475,23.553625,1
CT-01,CT-01_image-00054,image-00054.tiff,4,1.18925,5.01645833333333,12.9242083333333,3.32570833333333,1.471375,23.9310416666667,1
CT-01,CT-01_image-00054,image-00054.tiff,5,1.233375,5.00416666666667,12.7722083333333,3.21604166666667,1.43458333333333,23.6633333333333,1
CT-01,CT-01_image-00054,image-00054.tiff,6,1.23808333333333,4.96416666666667,12.52225,3.24291666666667,1.440875,23.411125,1
CT-01,CT-01_image-00054,image-00054.tiff,7,1.21820833333333,4.97441666666667,12.4074166666667,3.2495,1.42375,23.275875,1
CT-01,CT-01_image-00054,image-00054.tiff,8,1.24741666666667,4.97141666666667,12.3169583333333,3.279875,1.43616666666667,23.2546666666667,1
CT-01,CT-01_image-00054,image-00054.tiff,9,1.61254166666667,5.00358333333333,12.865875,3.46320833333333,1.48816666666667,24.4385416666667,1
CT-01,CT-01_image-00054,image-00054.tiff,10,1.231875,4.96258333333333,13.191875,3.50091666666667,1.458375,24.3489583333333,1
CT-01,CT-01_image-00060,image-00060.tiff,1,1.21829166666667,4.99704166666667,12.5074583333333,3.236,1.433375,23.3947083333333,1
CT-01,CT-01_image-00060,image-00060.tiff,2,1.23279166666667,5.020375,12.7026666666667,3.28820833333333,1.762125,24.0120416666667,1
CT-01,CT-01_image-00060,image-00060.tiff,3,1.18525,4.976,12.9470416666667,3.31125,1.474125,23.899,1
CT-01,CT-01_image-00060,image-00060.tiff,4,1.24591666666667,4.96579166666667,13.0299166666667,3.36729166666667,1.54720833333333,24.161125,1
CT-01,CT-01_image-00060,image-00060.tiff,5,1.23166666666667,4.98241666666667,12.8217083333333,3.34020833333333,1.45541666666667,23.8352916666667,1
CT-01,CT-01_image-00060,image-00060.tiff,6,1.252375,4.975875,12.6149166666667,3.34233333333333,1.450625,23.6395833333333,1
CT-01,CT-01_image-00060,image-00060.tiff,7,1.22966666666667,4.96754166666667,12.6372083333333,3.29416666666667,1.44429166666667,23.5755,1
CT-01,CT-01_image-00060,image-00060.tiff,8,1.23908333333333,4.931875,12.6218333333333,3.32779166666667,1.43608333333333,23.559625,1
CT-01,CT-01_image-00060,image-00060.tiff,9,1.220625,4.93495833333333,12.6264583333333,3.34533333333333,1.42379166666667,23.55375,1
CT-01,CT-01_image-00060,image-00060.tiff,10,1.23166666666667,4.9595,12.80175,3.32095833333333,1.43191666666667,23.7486666666667,1
CT-01,CT-01_image-00073,image-00073.tiff,1,1.24129166666667,4.931,12.7899166666667,3.28370833333333,1.42745833333333,23.67675,1
CT-01,CT-01_image-00073,image-00073.tiff,2,1.22916666666667,4.9405,12.7556666666667,3.33108333333333,1.51445833333333,23.775375,1
CT-01,CT-01_image-00073,image-00073.tiff,3,1.31629166666667,5.01854166666667,13.123625,3.221875,1.53375,24.2215833333333,1
CT-01,CT-01_image-00073,image-00073.tiff,4,1.225875,5.00920833333333,12.6845833333333,3.30170833333333,1.42145833333333,23.6477083333333,1
CT-01,CT-01_image-00073,image-00073.tiff,5,1.230875,4.9605,12.2267083333333,3.33,1.46166666666667,23.2132916666667,1
CT-01,CT-01_image-00073,image-00073.tiff,6,1.22375,4.984,12.309875,3.186125,1.46408333333333,23.1711666666667,1
CT-01,CT-01_image-00073,image-00073.tiff,7,1.56825,4.93454166666667,12.423,3.22533333333333,1.43775,23.592,1
CT-01,CT-01_image-00073,image-00073.tiff,8,1.21954166666667,4.9385,12.4610416666667,3.17716666666667,1.42354166666667,23.2225416666667,1
CT-01,CT-01_image-00073,image-00073.tiff,9,1.218875,4.94545833333333,12.6797916666667,3.174125,1.42620833333333,23.4467916666667,1
CT-01,CT-01_image-00073,image-00073.tiff,10,1.21958333333333,4.94345833333333,12.4534583333333,3.17570833333333,1.422125,23.2167083333333,1
CT-01,CT-01_image-00079,image-00079.tiff,1,1.2155,5.06041666666667,12.9083333333333,3.26995833333333,1.43170833333333,23.889,1
CT-01,CT-01_image-00079,image-00079.tiff,2,1.21983333333333,4.94933333333333,12.5501666666667,3.33266666666667,1.42783333333333,23.48225,1
CT-01,CT-01_image-00079,image-00079.tiff,3,1.21829166666667,5.09704166666667,13.0984583333333,3.39291666666667,1.65066666666667,24.4651666666667,1
CT-01,CT-01_image-00079,image-00079.tiff,4,1.22933333333333,5.00091666666667,12.49525,3.36408333333333,1.48954166666667,23.584375,1
CT-01,CT-01_image-00079,image-00079.tiff,5,1.22508333333333,4.951625,12.740375,3.293,1.44520833333333,23.6587083333333,1
CT-01,CT-01_image-00079,image-00079.tiff,6,1.2155,4.942875,12.5508333333333,3.28983333333333,1.42541666666667,23.4274166666667,1
CT-01,CT-01_image-00079,image-00079.tiff,7,1.22016666666667,4.93608333333333,12.7478333333333,3.287,1.417625,23.61175,1
CT-01,CT-01_image-00079,image-00079.tiff,8,1.206125,4.93175,12.7089166666667,3.28566666666667,1.411,23.54575,1
CT-01,CT-01_image-00079,image-00079.tiff,9,1.21483333333333,4.95145833333333,12.6983333333333,3.26333333333333,1.41695833333333,23.547375,1
CT-01,CT-01_image-00079,image-00079.tiff,10,1.211,4.94904166666667,12.5424166666667,3.35833333333333,1.37533333333333,23.4385,1
CT-01,CT-01_image-00091,image-00091.tiff,1,1.21620833333333,4.969125,12.5421666666667,3.35108333333333,1.45695833333333,23.5390833333333,1
CT-01,CT-01_image-00091,image-00091.tiff,2,1.21316666666667,4.97016666666667,12.3352916666667,3.28783333333333,1.43325,23.2425833333333,1
CT-01,CT-01_image-00091,image-00091.tiff,3,1.235625,5.161875,12.571625,3.562125,1.627375,24.1678333333333,1
CT-01,CT-01_image-00091,image-00091.tiff,4,1.23516666666667,5.007,12.5004166666667,3.210625,1.467125,23.4258333333333,1
CT-01,CT-01_image-00091,image-00091.tiff,5,1.54975,4.98170833333333,12.4439166666667,3.30304166666667,1.45645833333333,23.7386666666667,1
CT-01,CT-01_image-00091,image-00091.tiff,6,1.208,4.98466666666667,12.3443333333333,3.233,1.43658333333333,23.2092916666667,1
CT-01,CT-01_image-00091,image-00091.tiff,7,1.23441666666667,5.010375,12.5006666666667,3.19691666666667,1.44479166666667,23.3903333333333,1
CT-01,CT-01_image-00091,image-00091.tiff,8,1.224125,4.97195833333333,12.4194166666667,3.15808333333333,1.414,23.1902083333333,1
CT-01,CT-01_image-00091,image-00091.tiff,9,1.21683333333333,4.947625,12.4052083333333,3.17216666666667,1.41466666666667,23.158875,1
CT-01,CT-01_image-00091,image-00091.tiff,10,1.21491666666667,4.93129166666667,12.2319166666667,3.159125,1.49704166666667,23.0365833333333,1
CT-01,CT-01_image-00097,image-00097.tiff,1,1.25691666666667,5.17008333333333,12.692,3.21533333333333,1.660625,24.0014583333333,1
CT-01,CT-01_image-00097,image-00097.tiff,2,1.24458333333333,5.02595833333333,12.681125,3.20329166666667,1.58195833333333,23.7426666666667,1
CT-01,CT-01_image-00097,image-00097.tiff,3,1.2285,4.997625,12.7550833333333,3.36995833333333,1.63904166666667,23.9961666666667,1
CT-01,CT-01_image-00097,image-00097.tiff,4,1.231625,5.02633333333333,12.7585,3.34066666666667,1.48325,23.8452916666667,1
CT-01,CT-01_image-00097,image-00097.tiff,5,1.230375,4.97816666666667,12.7765833333333,3.31695833333333,1.4395,23.74525,1
CT-01,CT-01_image-00097,image-00097.tiff,6,1.20908333333333,4.965875,12.6229583333333,3.30266666666667,1.41741666666667,23.5207083333333,1
CT-01,CT-01_image-00097,image-00097.tiff,7,1.21570833333333,4.95116666666667,12.67175,3.308625,1.41583333333333,23.565625,1
CT-01,CT-01_image-00097,image-00097.tiff,8,1.21008333333333,4.98408333333333,12.5910416666667,3.29791666666667,1.42441666666667,23.5102083333333,1
CT-01,CT-01_image-00097,image-00097.tiff,9,1.21920833333333,4.95858333333333,12.7594583333333,3.30395833333333,1.40475,23.648375,1
CT-01,CT-01_image-00097,image-00097.tiff,10,1.20866666666667,4.946,12.516375,3.319125,1.417,23.4094583333333,1
CT-01,CT-01_image-00109,image-00109.tiff,1,1.29216666666667,4.948875,12.6036666666667,3.225125,1.41966666666667,23.492625,1
CT-01,CT-01_image-00109,image-00109.tiff,2,1.218625,4.94104166666667,12.6396666666667,3.22820833333333,1.42425,23.4546666666667,1
CT-01,CT-01_image-00109,image-00109.tiff,3,1.558625,4.972,12.834,3.24129166666667,1.57041666666667,24.1812083333333,1
CT-01,CT-01_image-00109,image-00109.tiff,4,1.2265,4.99704166666667,12.977125,3.49,1.56466666666667,24.2606666666667,1
CT-01,CT-01_image-00109,image-00109.tiff,5,1.21458333333333,4.983,13.0542916666667,3.47845833333333,1.45258333333333,24.1869583333333,1
CT-01,CT-01_image-00109,image-00109.tiff,6,1.20679166666667,4.99291666666667,13.1155833333333,3.48583333333333,1.41770833333333,24.2214583333333,1
CT-01,CT-01_image-00109,image-00109.tiff,7,1.21016666666667,4.94716666666667,13.0127916666667,3.48283333333333,1.40841666666667,24.064,1
CT-01,CT-01_image-00109,image-00109.tiff,8,1.20266666666667,4.93408333333333,13.0539166666667,3.45575,1.42141666666667,24.0700833333333,1
CT-01,CT-01_image-00109,image-00109.tiff,9,1.20525,4.948375,12.99725,3.46225,1.40733333333333,24.0228333333333,1
CT-01,CT-01_image-00109,image-00109.tiff,10,1.20775,4.93270833333333,12.932625,3.465,1.411125,23.9515416666667,1
CT-01,CT-01_image-00115,image-00115.tiff,1,1.23075,5.03083333333333,12.349375,3.2085,1.43658333333333,23.25925,1
CT-01,CT-01_image-00115,image-00115.tiff,2,1.21933333333333,5.01075,12.311125,3.20929166666667,1.42004166666667,23.1735416666667,1
CT-01,CT-01_image-00115,image-00115.tiff,3,1.214125,4.98079166666667,12.649625,3.26895833333333,1.56716666666667,23.6845,1
CT-01,CT-01_image-00115,image-00115.tiff,4,1.238875,5.16170833333333,13.0578333333333,3.22075,1.58604166666667,24.2742916666667,1
CT-01,CT-01_image-00115,image-00115.tiff,5,1.226,4.990625,12.870625,3.41816666666667,1.458125,23.9684166666667,1
CT-01,CT-01_image-00115,image-00115.tiff,6,1.214,4.95175,12.9293333333333,3.36275,1.417375,23.8781666666667,1
CT-01,CT-01_image-00115,image-00115.tiff,7,1.2205,4.94454166666667,13.03125,3.41383333333333,1.42979166666667,24.0424583333333,1
CT-01,CT-01_image-00115,image-00115.tiff,8,1.21304166666667,4.95845833333333,13.001125,3.38516666666667,1.42041666666667,23.9809166666667,1
CT-01,CT-01_image-00115,image-00115.tiff,9,1.2125,4.936,12.7622916666667,3.40704166666667,1.41775,23.7382083333333,1
CT-01,CT-01_image-00115,image-00115.tiff,10,1.212375,4.92970833333333,12.834,3.35883333333333,1.39845833333333,23.7358333333333,1
CT-01,CT-01_image-00127,image-00127.tiff,1,1.55275,5.046,12.845875,3.40525,1.43966666666667,24.2927083333333,1
CT-01,CT-01_image-00127,image-00127.tiff,2,1.21625,4.9295,12.3742083333333,3.23379166666667,1.41466666666667,23.1710833333333,1
CT-01,CT-01_image-00127,image-00127.tiff,3,1.206375,4.93675,12.50925,3.35516666666667,1.429375,23.439375,1
CT-01,CT-01_image-00127,image-00127.tiff,4,1.21575,5.16458333333333,13.0626666666667,3.56433333333333,1.6085,24.62775,1
CT-01,CT-01_image-00127,image-00127.tiff,5,1.23979166666667,4.96158333333333,12.93725,3.45458333333333,1.456125,24.0537916666667,1
CT-01,CT-01_image-00127,image-00127.tiff,6,1.26970833333333,4.98708333333333,12.5354583333333,3.29025,1.45666666666667,23.5429583333333,1
CT-01,CT-01_image-00127,image-00127.tiff,7,1.22125,4.97029166666667,12.7705,3.22520833333333,1.41975,23.6099583333333,1
CT-01,CT-01_image-00127,image-00127.tiff,8,1.21025,4.988,12.718,3.29916666666667,1.41766666666667,23.635875,1
CT-01,CT-01_image-00127,image-00127.tiff,9,1.20770833333333,4.98170833333333,12.7605833333333,3.310125,1.42054166666667,23.6830833333333,1
CT-01,CT-01_image-00127,image-00127.tiff,10,1.21570833333333,4.97479166666667,12.7411666666667,3.34679166666667,1.42279166666667,23.7035,1
CT-01,CT-01_image-00133,image-00133.tiff,1,1.20704166666667,4.957875,12.67075,3.28495833333333,1.41825,23.5415416666667,1
CT-01,CT-01_image-00133,image-00133.tiff,2,1.20925,4.95308333333333,12.6822083333333,3.282,1.411625,23.5405833333333,1
CT-01,CT-01_image-00133,image-00133.tiff,3,1.21825,4.95695833333333,12.6455,3.27045833333333,1.41033333333333,23.50375,1
CT-01,CT-01_image-00133,image-00133.tiff,4,1.21958333333333,4.96491666666667,12.6657083333333,3.490875,1.585125,23.9308333333333,1
CT-01,CT-01_image-00133,image-00133.tiff,5,1.23354166666667,5.011625,12.9409166666667,3.45391666666667,1.449875,24.0951666666667,1
CT-01,CT-01_image-00133,image-00133.tiff,6,1.22133333333333,4.97975,13.0169166666667,3.391375,1.41908333333333,24.03175,1
CT-01,CT-01_image-00133,image-00133.tiff,7,1.210625,4.93204166666667,12.9660833333333,3.380875,1.41695833333333,23.9091666666667,1
CT-01,CT-01_image-00133,image-00133.tiff,8,1.21045833333333,4.94458333333333,12.9838333333333,3.44595833333333,1.42233333333333,24.0096666666667,1
CT-01,CT-01_image-00133,image-00133.tiff,9,1.21816666666667,4.94791666666667,12.8215833333333,3.43545833333333,1.422875,23.8484583333333,1
CT-01,CT-01_image-00133,image-00133.tiff,10,1.235625,4.95666666666667,12.9131666666667,3.45220833333333,1.443625,24.0037916666667,1
CT-01,CT-01_image-00145,image-00145.tiff,1,1.227875,5.029375,12.6489583333333,3.15508333333333,1.43966666666667,23.504,1
CT-01,CT-01_image-00145,image-00145.tiff,2,1.21208333333333,4.92495833333333,12.3987083333333,3.14375,1.40879166666667,23.0909166666667,1
CT-01,CT-01_image-00145,image-00145.tiff,3,1.21383333333333,4.91395833333333,12.2983333333333,3.14304166666667,1.40941666666667,22.9807916666667,1
CT-01,CT-01_image-00145,image-00145.tiff,4,1.21408333333333,4.91795833333333,11.96575,3.13166666666667,1.40966666666667,22.6415416666667,1
CT-01,CT-01_image-00145,image-00145.tiff,5,1.23604166666667,5.196375,12.937125,3.18116666666667,1.65345833333333,24.2127916666667,1
CT-01,CT-01_image-00145,image-00145.tiff,6,1.23154166666667,4.983375,12.492375,3.14316666666667,1.48266666666667,23.3379166666667,1
CT-01,CT-01_image-00145,image-00145.tiff,7,1.22570833333333,4.93720833333333,12.3847916666667,3.11633333333333,1.46454166666667,23.1315,1
CT-01,CT-01_image-00145,image-00145.tiff,8,1.214125,4.935,12.3404166666667,3.13691666666667,1.41775,23.0468333333333,1
CT-01,CT-01_image-00145,image-00145.tiff,9,1.21675,4.99579166666667,12.121875,3.19604166666667,1.48941666666667,23.0247083333333,1
CT-01,CT-01_image-00145,image-00145.tiff,10,1.21633333333333,4.992,12.657125,3.20675,1.43795833333333,23.5136666666667,1
CT-01,CT-01_image-00151,image-00151.tiff,1,1.210125,4.967375,12.6977916666667,3.19379166666667,1.4245,23.496625,1
CT-01,CT-01_image-00151,image-00151.tiff,2,1.217,4.922,12.376875,3.34041666666667,1.40791666666667,23.26675,1
CT-01,CT-01_image-00151,image-00151.tiff,3,1.22154166666667,4.92858333333333,12.525,3.218625,1.41579166666667,23.3120833333333,1
CT-01,CT-01_image-00151,image-00151.tiff,4,1.23079166666667,4.93816666666667,12.374,3.18208333333333,1.41470833333333,23.1419583333333,1
CT-01,CT-01_image-00151,image-00151.tiff,5,1.21829166666667,4.91966666666667,12.6865,3.32595833333333,1.73833333333333,23.8929583333333,1
CT-01,CT-01_image-00151,image-00151.tiff,6,1.23941666666667,5.01791666666667,12.703125,3.3615,1.45525,23.78275,1
CT-01,CT-01_image-00151,image-00151.tiff,7,1.21775,4.97083333333333,12.4550833333333,3.17170833333333,1.51995833333333,23.3395416666667,1
CT-01,CT-01_image-00151,image-00151.tiff,8,1.23029166666667,4.99216666666667,12.2659583333333,3.21804166666667,1.43554166666667,23.1457916666667,1
CT-01,CT-01_image-00151,image-00151.tiff,9,1.5105,4.93079166666667,12.655125,3.4675,1.473,24.04075,1
CT-01,CT-01_image-00151,image-00151.tiff,10,1.24079166666667,5.09491666666667,13.1938333333333,3.47904166666667,1.533375,24.546,1
CT-01,CT-01_image-00163,image-00163.tiff,1,1.244375,5.05029166666667,13.1139166666667,3.27404166666667,1.47433333333333,24.1615833333333,1
CT-01,CT-01_image-00163,image-00163.tiff,2,1.224375,4.978375,12.475125,3.29004166666667,1.42383333333333,23.3950416666667,1
CT-01,CT-01_image-00163,image-00163.tiff,3,1.2145,4.94854166666667,12.4001666666667,3.36441666666667,1.43520833333333,23.3655833333333,1
CT-01,CT-01_image-00163,image-00163.tiff,4,1.20704166666667,4.93875,12.4875,3.33833333333333,1.41083333333333,23.3849583333333,1
CT-01,CT-01_image-00163,image-00163.tiff,5,1.244125,4.96275,12.6394583333333,3.20733333333333,1.43416666666667,23.4913333333333,1
CT-01,CT-01_image-00163,image-00163.tiff,6,1.22266666666667,4.95608333333333,12.6605416666667,3.21666666666667,1.42304166666667,23.4819166666667,1
CT-01,CT-01_image-00163,image-00163.tiff,7,1.21895833333333,4.95241666666667,12.4809583333333,3.22883333333333,1.41179166666667,23.2955416666667,1
CT-01,CT-01_image-00163,image-00163.tiff,8,1.21033333333333,4.98420833333333,12.4359583333333,3.241875,1.40879166666667,23.2838333333333,1
CT-01,CT-01_image-00163,image-00163.tiff,9,1.21316666666667,4.9415,12.5567083333333,3.23158333333333,1.39966666666667,23.3450416666667,1
CT-01,CT-01_image-00163,image-00163.tiff,10,1.21633333333333,4.94416666666667,12.589125,3.202625,1.40729166666667,23.3615,1
CT-01,CT-01_image-00169,image-00169.tiff,1,1.29083333333333,5.10791666666667,12.5583333333333,3.350625,1.48158333333333,23.7944166666667,1
CT-01,CT-01_image-00169,image-00169.tiff,2,1.21791666666667,4.95229166666667,12.5805,3.29295833333333,1.43191666666667,23.4789166666667,1
CT-01,CT-01_image-00169,image-00169.tiff,3,1.21008333333333,4.94320833333333,12.55875,3.27441666666667,1.40741666666667,23.3968333333333,1
CT-01,CT-01_image-00169,image-00169.tiff,4,1.2085,4.9275,12.8179583333333,3.472875,1.54029166666667,23.9697916666667,1
CT-01,CT-01_image-00169,image-00169.tiff,5,1.27079166666667,5.055125,13.0782916666667,3.39566666666667,1.47525,24.2797083333333,1
CT-01,CT-01_image-00169,image-00169.tiff,6,1.24883333333333,5.00645833333333,12.6795833333333,3.33016666666667,1.68433333333333,23.95225,1
CT-01,CT-01_image-00169,image-00169.tiff,7,1.64016666666667,5.10679166666667,12.929375,3.284375,1.53829166666667,24.5070833333333,1
CT-01,CT-01_image-00169,image-00169.tiff,8,1.22708333333333,5.13670833333333,12.56375,3.20666666666667,1.422,23.5600416666667,1
CT-01,CT-01_image-00169,image-00169.tiff,9,1.22354166666667,4.96741666666667,12.5270833333333,3.22204166666667,1.42683333333333,23.369625,1
CT-01,CT-01_image-00169,image-00169.tiff,10,1.21983333333333,4.96133333333333,12.5286666666667,3.184375,1.41958333333333,23.3162083333333,1
CT-01,CT-01_image-00181,image-00181.tiff,1,1.268,4.99791666666667,12.5234166666667,3.21066666666667,1.46595833333333,23.4720833333333,1
CT-01,CT-01_image-00181,image-00181.tiff,2,1.21341666666667,4.946125,12.3125416666667,3.20275,1.43783333333333,23.1164166666667,1
CT-01,CT-01_image-00181,image-00181.tiff,3,1.216125,4.93225,12.6578333333333,3.20770833333333,1.40975,23.4263333333333,1
CT-01,CT-01_image-00181,image-00181.tiff,4,1.21,4.963,12.4245416666667,3.206625,1.4125,23.2191666666667,1
CT-01,CT-01_image-00181,image-00181.tiff,5,1.205375,4.94979166666667,12.500875,3.206,1.408625,23.273,1
CT-01,CT-01_image-00181,image-00181.tiff,6,1.21608333333333,4.92633333333333,12.5289583333333,3.20066666666667,1.400375,23.2746666666667,1
CT-01,CT-01_image-00181,image-00181.tiff,7,1.21258333333333,4.92425,12.5289166666667,3.269125,1.41079166666667,23.3480416666667,1
CT-01,CT-01_image-00181,image-00181.tiff,8,1.210125,4.92966666666667,12.415375,3.20866666666667,1.411125,23.177125,1
CT-01,CT-01_image-00181,image-00181.tiff,9,1.20133333333333,4.944375,12.4414583333333,3.19916666666667,1.39745833333333,23.1860833333333,1
CT-01,CT-01_image-00181,image-00181.tiff,10,1.20575,4.94116666666667,12.5518333333333,3.19375,1.39745833333333,23.292125,1
CT-01,CT-01_image-00187,image-00187.tiff,1,1.37716666666667,5.17258333333333,12.8365416666667,3.22616666666667,1.579375,24.202375,1
CT-01,CT-01_image-00187,image-00187.tiff,2,1.22941666666667,5.006375,12.793375,3.449,1.57720833333333,24.059875,1
CT-01,CT-01_image-00187,image-00187.tiff,3,1.24454166666667,5.010625,12.4423333333333,3.25708333333333,1.50425,23.4624166666667,1
CT-01,CT-01_image-00187,image-00187.tiff,4,1.23433333333333,4.93016666666667,12.2680833333333,3.199125,1.41433333333333,23.0489166666667,1
CT-01,CT-01_image-00187,image-00187.tiff,5,1.5875,4.9915,12.6779583333333,3.2825,1.457875,24.001875,1
CT-01,CT-01_image-00187,image-00187.tiff,6,1.22075,4.96654166666667,13.0949166666667,3.417,1.42475,24.1269583333333,1
CT-01,CT-01_image-00187,image-00187.tiff,7,1.21466666666667,4.95704166666667,12.8990416666667,3.40541666666667,1.416875,23.8957916666667,1
CT-01,CT-01_image-00187,image-00187.tiff,8,1.21925,4.95675,13.04075,3.30754166666667,1.4005,23.9272916666667,1
CT-01,CT-01_image-00187,image-00187.tiff,9,1.206,4.95108333333333,13.0948333333333,3.31433333333333,1.42508333333333,23.9936666666667,1
CT-01,CT-01_image-00187,image-00187.tiff,10,1.20654166666667,4.95225,12.9572083333333,3.32154166666667,1.40529166666667,23.8449583333333,1
CT-01,CT-01_image-00200,image-00200.tiff,1,1.22016666666667,4.96720833333333,12.9195,3.439375,1.5915,24.1432916666667,1
CT-01,CT-01_image-00200,image-00200.tiff,2,1.21629166666667,4.954,12.4847916666667,3.21845833333333,1.44166666666667,23.319875,1
CT-01,CT-01_image-00200,image-00200.tiff,3,1.21870833333333,4.98595833333333,13.2477083333333,3.42604166666667,1.47341666666667,24.3563333333333,1
CT-01,CT-01_image-00200,image-00200.tiff,4,1.22525,4.92591666666667,13.121,3.40933333333333,1.42604166666667,24.1116666666667,1
CT-01,CT-01_image-00200,image-00200.tiff,5,1.21558333333333,4.9225,13.2534166666667,3.4715,1.42575,24.2914166666667,1
CT-01,CT-01_image-00200,image-00200.tiff,6,1.21058333333333,4.92375,13.2760833333333,3.45029166666667,1.409625,24.2730833333333,1
CT-01,CT-01_image-00200,image-00200.tiff,7,1.22633333333333,4.94670833333333,13.2027916666667,3.397875,1.40641666666667,24.1822916666667,1
CT-01,CT-01_image-00200,image-00200.tiff,8,1.21579166666667,4.9165,13.1247916666667,3.40629166666667,1.44745833333333,24.1132083333333,1
CT-01,CT-01_image-00200,image-00200.tiff,9,1.21458333333333,4.91283333333333,12.970125,3.40295833333333,1.40058333333333,23.9032916666667,1
CT-01,CT-01_image-00200,image-00200.tiff,10,1.21304166666667,4.92283333333333,13.067375,3.40666666666667,1.40625,24.0182083333333,1
CT-01,CT-01_image-00206,image-00206.tiff,1,1.21291666666667,4.92966666666667,12.7894583333333,3.42770833333333,1.79404166666667,24.1590416666667,1
CT-01,CT-01_image-00206,image-00206.tiff,2,1.23304166666667,4.95254166666667,12.6105,3.23358333333333,1.436625,23.471,1
CT-01,CT-01_image-00206,image-00206.tiff,3,1.57954166666667,5.0315,12.65875,3.29304166666667,1.48920833333333,24.0570833333333,1
CT-01,CT-01_image-00206,image-00206.tiff,4,1.22525,4.992375,12.5204166666667,3.26325,1.42983333333333,23.4345833333333,1
CT-01,CT-01_image-00206,image-00206.tiff,5,1.20666666666667,4.9825,12.7249583333333,3.27604166666667,1.42729166666667,23.6203333333333,1
CT-01,CT-01_image-00206,image-00206.tiff,6,1.21179166666667,4.97395833333333,12.6813333333333,3.24125,1.4025,23.51325,1
CT-01,CT-01_image-00206,image-00206.tiff,7,1.218875,4.95670833333333,12.7545416666667,3.258,1.40345833333333,23.5940416666667,1
CT-01,CT-01_image-00206,image-00206.tiff,8,1.20383333333333,4.98941666666667,12.95125,3.354625,1.44125,23.9437083333333,1
CT-01,CT-01_image-00206,image-00206.tiff,9,1.20445833333333,4.93625,13.0487083333333,3.334625,1.41379166666667,23.9406666666667,1
CT-01,CT-01_image-00206,image-00206.tiff,10,1.21279166666667,4.93041666666667,12.880375,3.342375,1.4025,23.770875,1
CT-01,CT-01_image-00218,image-00218.tiff,1,1.25470833333333,5.07266666666667,12.7390416666667,3.369125,1.46829166666667,23.9092916666667,1
CT-01,CT-01_image-00218,image-00218.tiff,2,1.21675,5.08841666666667,13.1401666666667,3.44533333333333,1.58091666666667,24.478,1
CT-01,CT-01_image-00218,image-00218.tiff,3,1.229625,4.98704166666667,12.7232083333333,3.37191666666667,1.44408333333333,23.760375,1
CT-01,CT-01_image-00218,image-00218.tiff,4,1.21533333333333,4.95179166666667,12.7215833333333,3.29525,1.42454166666667,23.6117916666667,1
CT-01,CT-01_image-00218,image-00218.tiff,5,1.21275,4.923625,12.5911666666667,3.27883333333333,1.42395833333333,23.4327083333333,1
CT-01,CT-01_image-00218,image-00218.tiff,6,1.22866666666667,4.90995833333333,12.68175,3.34095833333333,1.403625,23.5672083333333,1
CT-01,CT-01_image-00218,image-00218.tiff,7,1.20883333333333,4.92104166666667,12.5207083333333,3.24383333333333,1.40525,23.3019166666667,1
CT-01,CT-01_image-00218,image-00218.tiff,8,1.201875,4.920625,12.510375,3.251,1.39858333333333,23.284375,1
CT-01,CT-01_image-00218,image-00218.tiff,9,1.21325,4.90179166666667,12.6551666666667,3.264125,1.39841666666667,23.4348333333333,1
CT-01,CT-01_image-00218,image-00218.tiff,10,1.204,4.90775,12.7134583333333,3.255,1.40429166666667,23.4865416666667,1
CT-01,CT-01_image-00224,image-00224.tiff,1,1.60770833333333,4.98216666666667,12.3390833333333,3.17029166666667,1.45520833333333,23.5594166666667,1
CT-01,CT-01_image-00224,image-00224.tiff,2,1.21529166666667,4.97558333333333,13.0770833333333,3.36125,1.54841666666667,24.1822083333333,1
CT-01,CT-01_image-00224,image-00224.tiff,3,1.263125,5.121,13.2302916666667,3.46658333333333,1.58425,24.6738333333333,1
CT-01,CT-01_image-00224,image-00224.tiff,4,1.23233333333333,4.947125,12.6080416666667,3.21683333333333,1.474875,23.4834166666667,1
CT-01,CT-01_image-00224,image-00224.tiff,5,1.21645833333333,4.99745833333333,12.4805,3.22020833333333,1.441875,23.3597916666667,1
CT-01,CT-01_image-00224,image-00224.tiff,6,1.21020833333333,4.94666666666667,12.3879166666667,3.22254166666667,1.414625,23.1848333333333,1
CT-01,CT-01_image-00224,image-00224.tiff,7,1.21054166666667,4.939375,12.321375,3.21641666666667,1.40925,23.0995416666667,1
CT-01,CT-01_image-00224,image-00224.tiff,8,1.203875,4.93883333333333,12.4365416666667,3.18079166666667,1.4125,23.1749583333333,1
CT-01,CT-01_image-00224,image-00224.tiff,9,1.21308333333333,4.91858333333333,12.5804166666667,3.22425,1.41729166666667,23.355875,1
CT-01,CT-01_image-00224,image-00224.tiff,10,1.21866666666667,4.92029166666667,12.4587083333333,3.223125,1.415375,23.23825,1
CT-01,CT-01_image-00230,image-00230.tiff,1,1.225875,4.94883333333333,12.616125,3.24920833333333,1.414125,23.4570416666667,1
CT-01,CT-01_image-00230,image-00230.tiff,2,1.20995833333333,4.93783333333333,12.8532916666667,3.32725,1.54283333333333,23.8762083333333,1
CT-01,CT-01_image-00230,image-00230.tiff,3,1.26308333333333,5.08825,13.1694583333333,3.38858333333333,1.54916666666667,24.4668333333333,1
CT-01,CT-01_image-00230,image-00230.tiff,4,1.22704166666667,4.934375,12.9248333333333,3.284,1.50545833333333,23.8800416666667,1
CT-01,CT-01_image-00230,image-00230.tiff,5,1.228,4.9765,12.824125,3.38675,1.45908333333333,23.8779583333333,1
CT-01,CT-01_image-00230,image-00230.tiff,6,1.27941666666667,4.96579166666667,12.7818333333333,3.23433333333333,1.47258333333333,23.7388333333333,1
CT-01,CT-01_image-00230,image-00230.tiff,7,1.22079166666667,4.95475,12.5996666666667,3.221625,1.41670833333333,23.4167083333333,1
CT-01,CT-01_image-00230,image-00230.tiff,8,1.213375,4.96066666666667,12.7675416666667,3.23870833333333,1.41083333333333,23.5938333333333,1
CT-01,CT-01_image-00230,image-00230.tiff,9,1.2115,4.91733333333333,12.402875,3.19458333333333,1.40175,23.130375,1
CT-01,CT-01_image-00230,image-00230.tiff,10,1.217125,4.91595833333333,12.9467916666667,3.30783333333333,1.46495833333333,23.856125,1
CT-01,CT-01_image-00236,image-00236.tiff,1,1.21283333333333,4.93558333333333,12.4450833333333,3.260125,1.43083333333333,23.2872916666667,1
CT-01,CT-01_image-00236,image-00236.tiff,2,1.21845833333333,4.99816666666667,12.49925,3.27479166666667,1.45566666666667,23.4489166666667,1
CT-01,CT-01_image-00236,image-00236.tiff,3,1.24195833333333,5.14275,12.8872916666667,3.30120833333333,1.557375,24.1389166666667,1
CT-01,CT-01_image-00236,image-00236.tiff,4,1.22520833333333,4.973125,12.486125,3.23658333333333,1.42816666666667,23.3527916666667,1
CT-01,CT-01_image-00236,image-00236.tiff,5,1.22266666666667,5.02458333333333,12.8004166666667,3.34758333333333,1.49158333333333,23.8915416666667,1
CT-01,CT-01_image-00236,image-00236.tiff,6,1.22616666666667,4.938125,12.838125,3.293125,1.42433333333333,23.72325,1
CT-01,CT-01_image-00236,image-00236.tiff,7,1.20654166666667,4.96629166666667,12.8324166666667,3.295625,1.41908333333333,23.7225833333333,1
CT-01,CT-01_image-00236,image-00236.tiff,8,1.22633333333333,4.937125,12.7162916666667,3.27508333333333,1.408625,23.5656666666667,1
CT-01,CT-01_image-00236,image-00236.tiff,9,1.2055,4.92175,12.691875,3.28133333333333,1.39645833333333,23.499125,1
CT-01,CT-01_image-00236,image-00236.tiff,10,1.20979166666667,4.91516666666667,12.931875,3.30433333333333,1.40683333333333,23.770125,1
CT-01,CT-01_image-00242,image-00242.tiff,1,1.209375,4.96641666666667,12.175875,3.15304166666667,1.42158333333333,22.9288333333333,1
CT-01,CT-01_image-00242,image-00242.tiff,2,1.21904166666667,4.93179166666667,12.3472916666667,3.14045833333333,1.40429166666667,23.0452916666667,1
CT-01,CT-01_image-00242,image-00242.tiff,3,1.21116666666667,4.91820833333333,12.68425,3.47104166666667,1.71145833333333,24.00225,1
CT-01,CT-01_image-00242,image-00242.tiff,4,1.25254166666667,4.993,13.020625,3.42645833333333,1.60804166666667,24.3065,1
CT-01,CT-01_image-00242,image-00242.tiff,5,1.27175,5.046375,12.3724166666667,3.22954166666667,1.56570833333333,23.4914583333333,1
CT-01,CT-01_image-00242,image-00242.tiff,6,1.23729166666667,4.945625,12.3885,3.21904166666667,1.44683333333333,23.2407916666667,1
CT-01,CT-01_image-00242,image-00242.tiff,7,1.21375,4.91916666666667,12.2048333333333,3.214375,1.42883333333333,22.9839583333333,1
CT-01,CT-01_image-00242,image-00242.tiff,8,1.23270833333333,4.93683333333333,12.3885416666667,3.236625,1.40183333333333,23.199,1
CT-01,CT-01_image-00242,image-00242.tiff,9,1.48208333333333,4.95066666666667,12.0689583333333,3.23854166666667,1.41970833333333,23.1628333333333,1
CT-01,CT-01_image-00242,image-00242.tiff,10,1.22254166666667,4.9175,12.25325,3.13325,1.40558333333333,22.9347083333333,1
CT-01,CT-01_image-00248,image-00248.tiff,1,1.220125,4.95941666666667,12.360125,3.232625,1.4145,23.1897083333333,1
CT-01,CT-01_image-00248,image-00248.tiff,2,1.21833333333333,4.91741666666667,12.5696666666667,3.24058333333333,1.41558333333333,23.363875,1
CT-01,CT-01_image-00248,image-00248.tiff,3,1.20775,4.91708333333333,12.6276666666667,3.24741666666667,1.43079166666667,23.4332083333333,1
CT-01,CT-01_image-00248,image-00248.tiff,4,1.208625,5.01570833333333,12.5417916666667,3.33591666666667,1.62125,23.72875,1
CT-01,CT-01_image-00248,image-00248.tiff,5,1.19066666666667,4.96866666666667,12.8894583333333,3.30033333333333,1.46116666666667,23.8159583333333,1
CT-01,CT-01_image-00248,image-00248.tiff,6,1.214875,4.992625,12.8432083333333,3.359375,1.48816666666667,23.9030833333333,1
CT-01,CT-01_image-00248,image-00248.tiff,7,1.227125,4.997125,13.0704166666667,3.35841666666667,1.41904166666667,24.0753333333333,1
CT-01,CT-01_image-00248,image-00248.tiff,8,1.20620833333333,4.943,12.8637083333333,3.34270833333333,1.425625,23.784,1
CT-01,CT-01_image-00248,image-00248.tiff,9,1.21433333333333,4.93245833333333,12.9060833333333,3.351625,1.40066666666667,23.8077083333333,1
CT-01,CT-01_image-00248,image-00248.tiff,10,1.20433333333333,4.945625,12.9829583333333,3.35120833333333,1.40854166666667,23.8947916666667,1
CT-01,CT-01_image-00254,image-00254.tiff,1,1.22258333333333,4.952125,13.202875,3.401875,1.40658333333333,24.1890416666667,1
CT-01,CT-01_image-00254,image-00254.tiff,2,1.217625,4.93045833333333,13.1749166666667,3.38591666666667,1.40775,24.1191666666667,1
CT-01,CT-01_image-00254,image-00254.tiff,3,1.209625,4.91945833333333,13.1688333333333,3.35779166666667,1.41179166666667,24.0699166666667,1
CT-01,CT-01_image-00254,image-00254.tiff,4,1.222,4.9225,13.2682083333333,3.434,1.63170833333333,24.484625,1
CT-01,CT-01_image-00254,image-00254.tiff,5,1.23058333333333,5.010125,12.973375,3.265875,1.46454166666667,23.950125,1
CT-01,CT-01_image-00254,image-00254.tiff,6,1.22804166666667,5.01670833333333,12.67425,3.31429166666667,1.46420833333333,23.70225,1
CT-01,CT-01_image-00254,image-00254.tiff,7,1.46341666666667,4.94704166666667,12.9447083333333,3.326625,1.42075,24.1056666666667,1
CT-01,CT-01_image-00254,image-00254.tiff,8,1.22516666666667,4.94154166666667,12.7372083333333,3.31879166666667,1.41304166666667,23.6384166666667,1
CT-01,CT-01_image-00254,image-00254.tiff,9,1.20629166666667,4.93429166666667,12.507625,3.30825,1.41783333333333,23.376625,1
CT-01,CT-01_image-00254,image-00254.tiff,10,1.219,4.923625,12.6957083333333,3.32945833333333,1.40983333333333,23.5797916666667,1
CT-01,CT-01_image-00260,image-00260.tiff,1,1.28945833333333,5.16741666666667,12.6642083333333,3.37445833333333,1.41420833333333,23.9125416666667,1
CT-01,CT-01_image-00260,image-00260.tiff,2,1.22129166666667,4.91575,12.628375,3.28245833333333,1.41116666666667,23.4615416666667,1
CT-01,CT-01_image-00260,image-00260.tiff,3,1.21220833333333,4.94383333333333,12.6819166666667,3.27016666666667,1.40958333333333,23.5202083333333,1
CT-01,CT-01_image-00260,image-00260.tiff,4,1.206125,4.919125,12.5221666666667,3.395875,1.42570833333333,23.4712916666667,1
CT-01,CT-01_image-00260,image-00260.tiff,5,1.30345833333333,5.08370833333333,13.1025,3.45483333333333,1.66520833333333,24.61825,1
CT-01,CT-01_image-00260,image-00260.tiff,6,1.26170833333333,4.98745833333333,12.70375,3.26258333333333,1.45125,23.6714166666667,1
CT-01,CT-01_image-00260,image-00260.tiff,7,1.25458333333333,4.92954166666667,12.4817083333333,3.31529166666667,1.43870833333333,23.42375,1
CT-01,CT-01_image-00260,image-00260.tiff,8,1.21108333333333,4.92308333333333,12.748125,3.30058333333333,1.41616666666667,23.6022083333333,1
CT-01,CT-01_image-00260,image-00260.tiff,9,1.21870833333333,4.963125,12.3469583333333,3.22316666666667,1.46375,23.2194583333333,1
CT-01,CT-01_image-00260,image-00260.tiff,10,1.2205,4.99458333333333,12.7238333333333,3.20479166666667,1.42445833333333,23.5711666666667,1
CT-01,CT-01_image-00266,image-00266.tiff,1,1.21075,4.948375,12.9168333333333,3.31133333333333,1.41033333333333,23.8001666666667,1
CT-01,CT-01_image-00266,image-00266.tiff,2,1.22920833333333,4.927875,12.9103333333333,3.35916666666667,1.41608333333333,23.8449583333333,1
CT-01,CT-01_image-00266,image-00266.tiff,3,1.21804166666667,4.91833333333333,12.6212916666667,3.27633333333333,1.407875,23.4442916666667,1
CT-01,CT-01_image-00266,image-00266.tiff,4,1.21258333333333,4.9085,12.7886666666667,3.31816666666667,1.39879166666667,23.6289583333333,1
CT-01,CT-01_image-00266,image-00266.tiff,5,1.464375,4.988625,12.8039166666667,3.48145833333333,1.569375,24.3126666666667,1
CT-01,CT-01_image-00266,image-00266.tiff,6,1.23754166666667,4.93825,12.4717083333333,3.28579166666667,1.42020833333333,23.3581666666667,1
CT-01,CT-01_image-00266,image-00266.tiff,7,1.22408333333333,4.99304166666667,13.0748333333333,3.47329166666667,1.47125,24.2407916666667,1
CT-01,CT-01_image-00266,image-00266.tiff,8,1.22445833333333,4.97358333333333,13.2055416666667,3.45058333333333,1.41716666666667,24.2745416666667,1
CT-01,CT-01_image-00266,image-00266.tiff,9,1.211,4.933,13.1819166666667,3.47395833333333,1.405125,24.2075416666667,1
CT-01,CT-01_image-00266,image-00266.tiff,10,1.21725,4.92770833333333,13.2842083333333,3.44241666666667,1.40304166666667,24.2771666666667,1
CT-02,CT-02_image-00000,image-00000.tiff,1,1.30095833333333,5.383375,13.3509583333333,3.324125,1.42566666666667,24.788375,1
CT-02,CT-02_image-00000,image-00000.tiff,2,1.21870833333333,4.92866666666667,12.9674583333333,3.32833333333333,1.418375,23.864125,1
CT-02,CT-02_image-00000,image-00000.tiff,3,1.21645833333333,4.92391666666667,13.152,3.24704166666667,1.49820833333333,24.040875,1
CT-02,CT-02_image-00000,image-00000.tiff,4,1.22354166666667,4.96004166666667,12.8335833333333,3.22608333333333,1.45241666666667,23.6991666666667,1
CT-02,CT-02_image-00000,image-00000.tiff,5,1.21466666666667,4.94654166666667,12.681875,3.20879166666667,1.43554166666667,23.4899583333333,1
CT-02,CT-02_image-00000,image-00000.tiff,6,1.22066666666667,4.92875,12.8278333333333,3.24216666666667,1.45595833333333,23.6780416666667,1
CT-02,CT-02_image-00000,image-00000.tiff,7,1.23245833333333,4.98354166666667,13.0751666666667,3.25383333333333,1.47825,24.0262916666667,1
CT-02,CT-02_image-00000,image-00000.tiff,8,1.235375,4.98895833333333,13.0271666666667,3.270875,1.45841666666667,23.9839166666667,1
CT-02,CT-02_image-00000,image-00000.tiff,9,1.234125,4.99141666666667,12.8492083333333,3.23025,1.46054166666667,23.76875,1
CT-02,CT-02_image-00000,image-00000.tiff,10,1.21875,4.93529166666667,12.6383333333333,3.19704166666667,1.42308333333333,23.4155833333333,1
CT-02,CT-02_image-00004,image-00004.tiff,1,1.23604166666667,4.938125,13.2690833333333,3.30225,1.646125,24.3968333333333,1
CT-02,CT-02_image-00004,image-00004.tiff,2,1.27779166666667,5.10720833333333,12.936625,3.40979166666667,1.466375,24.2035416666667,1
CT-02,CT-02_image-00004,image-00004.tiff,3,1.46008333333333,4.96033333333333,12.2356666666667,3.24179166666667,1.45891666666667,23.3617916666667,1
CT-02,CT-02_image-00004,image-00004.tiff,4,1.211375,4.94704166666667,12.4520416666667,3.2315,1.42604166666667,23.271125,1
CT-02,CT-02_image-00004,image-00004.tiff,5,1.21729166666667,4.91041666666667,12.475625,3.24025,1.40720833333333,23.2532083333333,1
CT-02,CT-02_image-00004,image-00004.tiff,6,1.22175,5.04025,13.101,3.33208333333333,1.557125,24.2575416666667,1
CT-02,CT-02_image-00004,image-00004.tiff,7,1.26125,4.92270833333333,12.3215833333333,3.20016666666667,1.43175,23.1410833333333,1
CT-02,CT-02_image-00004,image-00004.tiff,8,1.21841666666667,4.92895833333333,12.1784583333333,3.26025,1.41558333333333,23.00425,1
CT-02,CT-02_image-00004,image-00004.tiff,9,1.21558333333333,4.93483333333333,12.123125,3.207375,1.40433333333333,22.8873333333333,1
CT-02,CT-02_image-00004,image-00004.tiff,10,1.21495833333333,4.92395833333333,12.4067083333333,3.2085,1.41266666666667,23.1689583333333,1
CT-02,CT-02_image-00013,image-00013.tiff,1,1.25220833333333,5.17,13.4202916666667,3.35933333333333,1.50716666666667,24.7137083333333,1
CT-02,CT-02_image-00013,image-00013.tiff,2,1.22483333333333,4.95175,13.048375,3.36183333333333,1.42145833333333,24.011125,1
CT-02,CT-02_image-00013,image-00013.tiff,3,1.22458333333333,4.9275,13.0703333333333,3.344,1.416875,23.9860833333333,1
CT-02,CT-02_image-00013,image-00013.tiff,4,1.238375,4.93225,13.3128333333333,3.33779166666667,1.42041666666667,24.24425,1
CT-02,CT-02_image-00013,image-00013.tiff,5,1.214125,4.927375,13.1832083333333,3.322125,1.41758333333333,24.0668333333333,1
CT-02,CT-02_image-00013,image-00013.tiff,6,1.217875,4.93166666666667,13.019125,3.33070833333333,1.40720833333333,23.909,1
CT-02,CT-02_image-00013,image-00013.tiff,7,1.21733333333333,4.93108333333333,13.1278333333333,3.344625,1.41104166666667,24.0341666666667,1
CT-02,CT-02_image-00013,image-00013.tiff,8,1.20783333333333,4.92333333333333,13.01575,3.309125,1.404375,23.8627083333333,1
CT-02,CT-02_image-00013,image-00013.tiff,9,1.21045833333333,4.9255,13.2051666666667,3.32966666666667,1.40745833333333,24.080375,1
CT-02,CT-02_image-00013,image-00013.tiff,10,1.218375,4.92458333333333,13.2713333333333,3.33029166666667,1.40320833333333,24.1499166666667,1
CT-02,CT-02_image-00018,image-00018.tiff,1,1.47308333333333,4.95845833333333,12.907625,3.17916666666667,1.46633333333333,23.9899166666667,1
CT-02,CT-02_image-00018,image-00018.tiff,2,1.22170833333333,5.0245,13.2936666666667,3.406625,1.47129166666667,24.4222083333333,1
CT-02,CT-02_image-00018,image-00018.tiff,3,1.22258333333333,4.95958333333333,13.0289583333333,3.30833333333333,1.42958333333333,23.9520833333333,1
CT-02,CT-02_image-00018,image-00018.tiff,4,1.22375,4.92879166666667,12.955,3.28491666666667,1.415125,23.8102083333333,1
CT-02,CT-02_image-00018,image-00018.tiff,5,1.2235,4.92741666666667,13.0445833333333,3.323125,1.41820833333333,23.9392916666667,1
CT-02,CT-02_image-00018,image-00018.tiff,6,1.21466666666667,4.93683333333333,12.8755,3.338375,1.41620833333333,23.7836666666667,1
CT-02,CT-02_image-00018,image-00018.tiff,7,1.21733333333333,4.952875,12.9177083333333,3.31141666666667,1.40829166666667,23.8097916666667,1
CT-02,CT-02_image-00018,image-00018.tiff,8,1.21125,4.917875,12.9891666666667,3.346875,1.4025,23.86975,1
CT-02,CT-02_image-00018,image-00018.tiff,9,1.21566666666667,4.93420833333333,12.8995833333333,3.32504166666667,1.43420833333333,23.81175,1
CT-02,CT-02_image-00018,image-00018.tiff,10,1.22016666666667,5.025875,12.683,3.21354166666667,1.42795833333333,23.5733333333333,1
CT-02,CT-02_image-00026,image-00026.tiff,1,1.23229166666667,4.9785,12.9982916666667,3.42695833333333,1.617375,24.2582083333333,1
CT-02,CT-02_image-00026,image-00026.tiff,2,1.36504166666667,4.96775,12.6548333333333,3.20758333333333,1.4775,23.6775416666667,1
CT-02,CT-02_image-00026,image-00026.tiff,3,1.22008333333333,4.93016666666667,12.580125,3.21454166666667,1.44808333333333,23.396375,1
CT-02,CT-02_image-00026,image-00026.tiff,4,1.21533333333333,4.932125,12.483875,3.215,1.432875,23.282,1
CT-02,CT-02_image-00026,image-00026.tiff,5,1.21845833333333,4.919375,12.591875,3.215875,1.41991666666667,23.367875,1
CT-02,CT-02_image-00026,image-00026.tiff,6,1.212625,4.905375,12.6386666666667,3.20504166666667,1.40495833333333,23.3690416666667,1
CT-02,CT-02_image-00026,image-00026.tiff,7,1.222,4.92120833333333,12.5994583333333,3.19916666666667,1.39825,23.3425416666667,1
CT-02,CT-02_image-00026,image-00026.tiff,8,1.21116666666667,4.91866666666667,12.77425,3.176375,1.40158333333333,23.4843333333333,1
CT-02,CT-02_image-00026,image-00026.tiff,9,1.22179166666667,4.90520833333333,12.6840833333333,3.20179166666667,1.40158333333333,23.4166666666667,1
CT-02,CT-02_image-00026,image-00026.tiff,10,1.21916666666667,4.913375,12.537625,3.193875,1.40683333333333,23.272875,1
CT-02,CT-02_image-00031,image-00031.tiff,1,1.19691666666667,5.00075,12.5881666666667,3.189375,1.5385,23.5205,1
CT-02,CT-02_image-00031,image-00031.tiff,2,1.23195833333333,4.95041666666667,12.841875,3.1925,1.44679166666667,23.6677083333333,1
CT-02,CT-02_image-00031,image-00031.tiff,3,1.22304166666667,4.925,12.8482083333333,3.17054166666667,1.40991666666667,23.5795833333333,1
CT-02,CT-02_image-00031,image-00031.tiff,4,1.21891666666667,4.92416666666667,12.8864166666667,3.18925,1.425625,23.64675,1
CT-02,CT-02_image-00031,image-00031.tiff,5,1.23495833333333,4.940625,12.6800833333333,3.28941666666667,1.45129166666667,23.5994166666667,1
CT-02,CT-02_image-00031,image-00031.tiff,6,1.223375,5.01716666666667,12.4904583333333,3.35845833333333,1.40933333333333,23.501875,1
CT-02,CT-02_image-00031,image-00031.tiff,7,1.22795833333333,4.978125,12.558125,3.36254166666667,1.399875,23.5292916666667,1
CT-02,CT-02_image-00031,image-00031.tiff,8,1.21820833333333,4.96475,12.7435833333333,3.34333333333333,1.40041666666667,23.672625,1
CT-02,CT-02_image-00031,image-00031.tiff,9,1.212,4.95745833333333,12.6735416666667,3.345875,1.41083333333333,23.6019166666667,1
CT-02,CT-02_image-00031,image-00031.tiff,10,1.22625,4.92945833333333,12.4761666666667,3.35625,1.40275,23.393,1
CT-02,CT-02_image-00040,image-00040.tiff,1,1.227875,5.00320833333333,13.3139166666667,3.36845833333333,1.57933333333333,24.4989166666667,1
CT-02,CT-02_image-00040,image-00040.tiff,2,1.24295833333333,4.97575,12.9263333333333,3.30970833333333,1.43025,23.8917083333333,1
CT-02,CT-02_image-00040,image-00040.tiff,3,1.25916666666667,4.97179166666667,12.9572916666667,3.39545833333333,1.42479166666667,24.012,1
CT-02,CT-02_image-00040,image-00040.tiff,4,1.21958333333333,4.955625,13.0060833333333,3.36075,1.41875,23.96325,1
CT-02,CT-02_image-00040,image-00040.tiff,5,1.21075,4.960625,13.0924166666667,3.3995,1.40304166666667,24.0688333333333,1
CT-02,CT-02_image-00040,image-00040.tiff,6,1.213125,4.94329166666667,12.8530833333333,3.38520833333333,1.41179166666667,23.808625,1
CT-02,CT-02_image-00040,image-00040.tiff,7,1.207875,4.93716666666667,12.9673333333333,3.37183333333333,1.49095833333333,23.9784583333333,1
CT-02,CT-02_image-00040,image-00040.tiff,8,1.227625,4.98225,12.9971666666667,3.289125,1.42691666666667,23.92675,1
CT-02,CT-02_image-00040,image-00040.tiff,9,1.44066666666667,4.93216666666667,12.8207083333333,3.304625,1.42941666666667,23.9305833333333,1
CT-02,CT-02_image-00040,image-00040.tiff,10,1.22004166666667,4.93108333333333,12.801125,3.30904166666667,1.42370833333333,23.6877083333333,1
CT-02,CT-02_image-00044,image-00044.tiff,1,1.220125,4.92645833333333,13.1045833333333,3.35741666666667,1.48270833333333,24.0958333333333,1
CT-02,CT-02_image-00044,image-00044.tiff,2,1.217375,4.95654166666667,13.142,3.42129166666667,1.57308333333333,24.315625,1
CT-02,CT-02_image-00044,image-00044.tiff,3,1.244125,4.93654166666667,13.09325,3.22504166666667,1.52633333333333,24.0309583333333,1
CT-02,CT-02_image-00044,image-00044.tiff,4,1.227875,4.951375,12.5479166666667,3.219625,1.44579166666667,23.396375,1
CT-02,CT-02_image-00044,image-00044.tiff,5,1.22745833333333,4.94620833333333,12.3986666666667,3.201125,1.414125,23.1904583333333,1
CT-02,CT-02_image-00044,image-00044.tiff,6,1.22875,4.96279166666667,12.40325,3.15966666666667,1.41141666666667,23.1685416666667,1
CT-02,CT-02_image-00044,image-00044.tiff,7,1.212625,4.94504166666667,12.4225,3.15879166666667,1.42129166666667,23.1629166666667,1
CT-02,CT-02_image-00044,image-00044.tiff,8,1.22616666666667,4.93733333333333,12.3932083333333,3.16508333333333,1.40995833333333,23.1342083333333,1
CT-02,CT-02_image-00044,image-00044.tiff,9,1.21495833333333,4.95108333333333,12.1247916666667,3.16333333333333,1.41233333333333,22.869,1
CT-02,CT-02_image-00044,image-00044.tiff,10,1.21591666666667,4.92104166666667,12.26925,3.14383333333333,1.41175,22.96425,1
CT-02,CT-02_image-00053,image-00053.tiff,1,1.212625,4.91770833333333,12.8317916666667,3.22416666666667,1.42266666666667,23.6115416666667,1
CT-02,CT-02_image-00053,image-00053.tiff,2,1.22816666666667,4.94908333333333,13.2291666666667,3.235375,1.64804166666667,24.295375,1
CT-02,CT-02_image-00053,image-00053.tiff,3,1.24345833333333,4.98991666666667,12.73225,3.25891666666667,1.51325,23.7435833333333,1
CT-02,CT-02_image-00053,image-00053.tiff,4,1.22704166666667,4.93295833333333,12.8622916666667,3.20354166666667,1.43345833333333,23.6624166666667,1
CT-02,CT-02_image-00053,image-00053.tiff,5,1.21120833333333,4.92483333333333,12.8578333333333,3.36558333333333,1.41875,23.7807916666667,1
CT-02,CT-02_image-00053,image-00053.tiff,6,1.21729166666667,4.9545,12.6997916666667,3.32716666666667,1.41425,23.6154583333333,1
CT-02,CT-02_image-00053,image-00053.tiff,7,1.41345833333333,4.94758333333333,12.6355,3.31254166666667,1.42495833333333,23.7366666666667,1
CT-02,CT-02_image-00053,image-00053.tiff,8,1.2215,4.93883333333333,12.6048333333333,3.31925,1.41154166666667,23.49825,1
CT-02,CT-02_image-00053,image-00053.tiff,9,1.22595833333333,4.95616666666667,12.7775416666667,3.31995833333333,1.40725,23.689375,1
CT-02,CT-02_image-00053,image-00053.tiff,10,1.21679166666667,4.935125,12.6373333333333,3.09466666666667,1.44679166666667,23.333875,1
CT-02,CT-02_image-00057,image-00057.tiff,1,1.21995833333333,4.95008333333333,12.75675,3.2385,1.4155,23.5837083333333,1
CT-02,CT-02_image-00057,image-00057.tiff,2,1.23291666666667,4.93791666666667,12.6297083333333,3.40770833333333,1.50341666666667,23.7153333333333,1
CT-02,CT-02_image-00057,image-00057.tiff,3,1.22583333333333,4.964625,12.807875,3.43133333333333,1.535,23.9694583333333,1
CT-02,CT-02_image-00057,image-00057.tiff,4,1.2045,5.00291666666667,12.8428333333333,3.362125,1.46854166666667,23.886,1
CT-02,CT-02_image-00057,image-00057.tiff,5,1.21525,5.00766666666667,12.8224583333333,3.279375,1.42525,23.7528333333333,1
CT-02,CT-02_image-00057,image-00057.tiff,6,1.22358333333333,4.93466666666667,12.9927916666667,3.28329166666667,1.42245833333333,23.859375,1
CT-02,CT-02_image-00057,image-00057.tiff,7,1.222625,4.92716666666667,12.7625833333333,3.25670833333333,1.40541666666667,23.5767916666667,1
CT-02,CT-02_image-00057,image-00057.tiff,8,1.21829166666667,4.92941666666667,12.648,3.19954166666667,1.41825,23.4160833333333,1
CT-02,CT-02_image-00057,image-00057.tiff,9,1.22354166666667,5.01125,12.5201666666667,3.20495833333333,1.41925,23.3820416666667,1
CT-02,CT-02_image-00057,image-00057.tiff,10,1.21579166666667,4.92429166666667,12.890125,3.20229166666667,1.40641666666667,23.6413333333333,1
CT-02,CT-02_image-00066,image-00066.tiff,1,1.22425,4.90795833333333,12.8377083333333,3.31754166666667,1.462375,23.7529583333333,1
CT-02,CT-02_image-00066,image-00066.tiff,2,1.22191666666667,4.91895833333333,12.8718333333333,3.282375,1.43075,23.72825,1
CT-02,CT-02_image-00066,image-00066.tiff,3,1.21920833333333,5.1795,13.2427083333333,3.49054166666667,1.65245833333333,24.792875,1
CT-02,CT-02_image-00066,image-00066.tiff,4,1.25891666666667,5.032,13.1675,3.39208333333333,1.483,24.338,1
CT-02,CT-02_image-00066,image-00066.tiff,5,1.45570833333333,4.93925,13.0376666666667,3.30441666666667,1.42275,24.1632916666667,1
CT-02,CT-02_image-00066,image-00066.tiff,6,1.209875,4.92354166666667,13.1507916666667,3.39383333333333,1.45825,24.1390833333333,1
CT-02,CT-02_image-00066,image-00066.tiff,7,1.22029166666667,4.97908333333333,13.3805833333333,3.43454166666667,1.48929166666667,24.507,1
CT-02,CT-02_image-00066,image-00066.tiff,8,1.25904166666667,5.003375,13.1389166666667,3.42245833333333,1.53979166666667,24.3675,1
CT-02,CT-02_image-00066,image-00066.tiff,9,1.27445833333333,5.03129166666667,12.9646666666667,3.45695833333333,1.52391666666667,24.2555833333333,1
CT-02,CT-02_image-00066,image-00066.tiff,10,1.20320833333333,4.9115,13.0772083333333,3.44795833333333,1.46333333333333,24.10625,1
CT-02,CT-02_image-00071,image-00071.tiff,1,1.23279166666667,4.94525,12.9030416666667,3.38866666666667,1.404375,23.8763333333333,1
CT-02,CT-02_image-00071,image-00071.tiff,2,1.2135,4.90208333333333,13.1721666666667,3.46316666666667,1.44733333333333,24.200375,1
CT-02,CT-02_image-00071,image-00071.tiff,3,1.23541666666667,5.09516666666667,13.2549583333333,3.39275,1.66558333333333,24.6506666666667,1
CT-02,CT-02_image-00071,image-00071.tiff,4,1.23704166666667,4.96316666666667,12.8820833333333,3.304875,1.45566666666667,23.8475833333333,1
CT-02,CT-02_image-00071,image-00071.tiff,5,1.22316666666667,4.936,12.789,3.380625,1.40975,23.7414583333333,1
CT-02,CT-02_image-00071,image-00071.tiff,6,1.22691666666667,4.92770833333333,12.8724166666667,3.29579166666667,1.39945833333333,23.7247083333333,1
CT-02,CT-02_image-00071,image-00071.tiff,7,1.23216666666667,4.92466666666667,13.027875,3.37941666666667,1.41845833333333,23.9848333333333,1
CT-02,CT-02_image-00071,image-00071.tiff,8,1.21041666666667,4.93504166666667,12.634,3.42525,1.41208333333333,23.619125,1
CT-02,CT-02_image-00071,image-00071.tiff,9,1.20791666666667,4.929125,12.6679166666667,3.38241666666667,1.41004166666667,23.5995416666667,1
CT-02,CT-02_image-00071,image-00071.tiff,10,1.2185,4.93225,12.9486666666667,3.40729166666667,1.401875,23.9107916666667,1
CT-02,CT-02_image-00079,image-00079.tiff,1,1.21666666666667,4.92429166666667,12.6187916666667,3.299,1.41483333333333,23.476,1
CT-02,CT-02_image-00079,image-00079.tiff,2,1.22895833333333,4.91641666666667,12.685625,3.27808333333333,1.41845833333333,23.5300833333333,1
CT-02,CT-02_image-00079,image-00079.tiff,3,1.48041666666667,4.97154166666667,13.26575,3.29854166666667,1.61166666666667,24.6344583333333,1
CT-02,CT-02_image-00079,image-00079.tiff,4,1.241625,5.200375,13.0120833333333,3.330125,1.586,24.3785833333333,1
CT-02,CT-02_image-00079,image-00079.tiff,5,1.23608333333333,4.97645833333333,12.7925,3.41620833333333,1.470375,23.8957916666667,1
CT-02,CT-02_image-00079,image-00079.tiff,6,1.21633333333333,4.93966666666667,12.6143333333333,3.30525,1.420875,23.49975,1
CT-02,CT-02_image-00079,image-00079.tiff,7,1.22266666666667,4.92216666666667,12.7100416666667,3.35433333333333,1.41741666666667,23.6295416666667,1
CT-02,CT-02_image-00079,image-00079.tiff,8,1.213875,4.91979166666667,12.677875,3.36545833333333,1.41883333333333,23.598375,1
CT-02,CT-02_image-00079,image-00079.tiff,9,1.20979166666667,4.91820833333333,12.7724583333333,3.40933333333333,1.41008333333333,23.7222083333333,1
CT-02,CT-02_image-00079,image-00079.tiff,10,1.21079166666667,4.92445833333333,12.9506666666667,3.35283333333333,1.42270833333333,23.863875,1
CT-02,CT-02_image-00084,image-00084.tiff,1,1.25441666666667,4.915,12.846,3.39745833333333,1.414625,23.83025,1
CT-02,CT-02_image-00084,image-00084.tiff,2,1.20891666666667,4.90854166666667,12.7437916666667,3.36533333333333,1.409,23.6381666666667,1
CT-02,CT-02_image-00084,image-00084.tiff,3,1.22325,4.92066666666667,12.797125,3.36608333333333,1.415375,23.725,1
CT-02,CT-02_image-00084,image-00084.tiff,4,1.302375,5.11883333333333,12.9695833333333,3.29408333333333,1.698125,24.3915,1
CT-02,CT-02_image-00084,image-00084.tiff,5,1.235,4.989125,12.69925,3.41020833333333,1.499,23.8374583333333,1
CT-02,CT-02_image-00084,image-00084.tiff,6,1.22804166666667,4.96595833333333,12.810625,3.37216666666667,1.421375,23.8014583333333,1
CT-02,CT-02_image-00084,image-00084.tiff,7,1.20870833333333,4.92925,13.0727083333333,3.38758333333333,1.42308333333333,24.024,1
CT-02,CT-02_image-00084,image-00084.tiff,8,1.21629166666667,4.93225,12.9696666666667,3.36941666666667,1.414125,23.9042083333333,1
CT-02,CT-02_image-00084,image-00084.tiff,9,1.22375,4.91691666666667,13.09,3.40833333333333,1.41166666666667,24.05275,1
CT-02,CT-02_image-00084,image-00084.tiff,10,1.231375,4.9155,12.787125,3.385875,1.41475,23.7366666666667,1
CT-02,CT-02_image-00093,image-00093.tiff,1,1.43479166666667,4.94225,12.5550833333333,3.2735,1.40991666666667,23.6187916666667,1
CT-02,CT-02_image-00093,image-00093.tiff,2,1.20741666666667,4.93904166666667,12.6872083333333,3.31670833333333,1.41104166666667,23.5637916666667,1
CT-02,CT-02_image-00093,image-00093.tiff,3,1.220625,4.98054166666667,12.7516666666667,3.25195833333333,1.400625,23.607875,1
CT-02,CT-02_image-00093,image-00093.tiff,4,1.217,4.941625,12.7205416666667,3.32995833333333,1.63045833333333,23.84425,1
CT-02,CT-02_image-00093,image-00093.tiff,5,1.313125,4.97129166666667,12.87725,3.26491666666667,1.47116666666667,23.9037083333333,1
CT-02,CT-02_image-00093,image-00093.tiff,6,1.21983333333333,4.95604166666667,12.6539166666667,3.33608333333333,1.4565,23.6254166666667,1
CT-02,CT-02_image-00093,image-00093.tiff,7,1.22933333333333,4.925125,12.730125,3.36079166666667,1.41433333333333,23.6624166666667,1
CT-02,CT-02_image-00093,image-00093.tiff,8,1.21104166666667,4.91841666666667,12.4381666666667,3.27770833333333,1.40295833333333,23.2504166666667,1
CT-02,CT-02_image-00093,image-00093.tiff,9,1.20925,4.9295,12.8453333333333,3.29816666666667,1.42329166666667,23.7075416666667,1
CT-02,CT-02_image-00093,image-00093.tiff,10,1.22175,4.92241666666667,12.7945,3.28908333333333,1.41083333333333,23.6406666666667,1
CT-02,CT-02_image-00097,image-00097.tiff,1,1.22275,4.96683333333333,12.6215833333333,3.16270833333333,1.422375,23.3990833333333,1
CT-02,CT-02_image-00097,image-00097.tiff,2,1.221875,4.91729166666667,12.5078333333333,3.20629166666667,1.4185,23.2743333333333,1
CT-02,CT-02_image-00097,image-00097.tiff,3,1.220375,4.92695833333333,12.5935416666667,3.18966666666667,1.40970833333333,23.3426666666667,1
CT-02,CT-02_image-00097,image-00097.tiff,4,1.2215,4.91525,12.4636666666667,3.30266666666667,1.63325,23.5395416666667,1
CT-02,CT-02_image-00097,image-00097.tiff,5,1.21904166666667,5.14504166666667,13.0065833333333,3.26529166666667,1.55375,24.1970416666667,1
CT-02,CT-02_image-00097,image-00097.tiff,6,1.22754166666667,4.979125,12.3652916666667,3.231,1.42879166666667,23.23575,1
CT-02,CT-02_image-00097,image-00097.tiff,7,1.22175,4.94979166666667,12.2990416666667,3.22283333333333,1.41920833333333,23.1152916666667,1
CT-02,CT-02_image-00097,image-00097.tiff,8,1.22358333333333,4.93291666666667,12.4435,3.19475,1.40229166666667,23.1992083333333,1
CT-02,CT-02_image-00097,image-00097.tiff,9,1.216,4.935875,12.2464583333333,3.19841666666667,1.40475,23.0036666666667,1
CT-02,CT-02_image-00097,image-00097.tiff,10,1.21525,4.93104166666667,12.1841666666667,3.20008333333333,1.40895833333333,22.94175,1
CT-02,CT-02_image-00106,image-00106.tiff,1,1.24533333333333,4.934,12.6535833333333,3.26716666666667,1.428625,23.53375,1
CT-02,CT-02_image-00106,image-00106.tiff,2,1.20979166666667,4.99029166666667,12.6482916666667,3.36658333333333,1.47820833333333,23.6968333333333,1
CT-02,CT-02_image-00106,image-00106.tiff,3,1.230875,4.944125,12.6472916666667,3.37208333333333,1.42329166666667,23.6207083333333,1
CT-02,CT-02_image-00106,image-00106.tiff,4,1.22470833333333,4.95470833333333,12.9475416666667,3.36408333333333,1.41679166666667,23.9105,1
CT-02,CT-02_image-00106,image-00106.tiff,5,1.22975,5.09279166666667,13.12975,3.333625,1.61354166666667,24.4070416666667,1
CT-02,CT-02_image-00106,image-00106.tiff,6,1.24154166666667,4.94541666666667,12.3896666666667,3.21629166666667,1.43304166666667,23.2307083333333,1
CT-02,CT-02_image-00106,image-00106.tiff,7,1.22141666666667,5.06591666666667,13.1482083333333,3.41725,1.505875,24.363875,1
CT-02,CT-02_image-00106,image-00106.tiff,8,1.22579166666667,4.95270833333333,13.2734166666667,3.43141666666667,1.43533333333333,24.3222083333333,1
CT-02,CT-02_image-00106,image-00106.tiff,9,1.21558333333333,4.94833333333333,13.5405,3.36395833333333,1.42095833333333,24.4923333333333,1
CT-02,CT-02_image-00106,image-00106.tiff,10,1.246875,4.934375,13.255625,3.37420833333333,1.42916666666667,24.2430416666667,1
CT-02,CT-02_image-00110,image-00110.tiff,1,1.232375,4.94304166666667,12.542625,3.26370833333333,1.41995833333333,23.4065,1
CT-02,CT-02_image-00110,image-00110.tiff,2,1.21725,4.94833333333333,12.5374583333333,3.23308333333333,1.413625,23.352625,1
CT-02,CT-02_image-00110,image-00110.tiff,3,1.21758333333333,4.95191666666667,12.4117916666667,3.23808333333333,1.43320833333333,23.2549583333333,1
CT-02,CT-02_image-00110,image-00110.tiff,4,1.206375,4.92579166666667,12.4162083333333,3.31445833333333,1.546,23.412,1
CT-02,CT-02_image-00110,image-00110.tiff,5,1.327,5.11283333333333,12.837625,3.18666666666667,1.626375,24.1004166666667,1
CT-02,CT-02_image-00110,image-00110.tiff,6,1.25708333333333,4.98316666666667,12.6377916666667,3.33570833333333,1.43520833333333,23.65325,1
CT-02,CT-02_image-00110,image-00110.tiff,7,1.21233333333333,5.002,13.0244583333333,3.31733333333333,1.45558333333333,24.0148333333333,1
CT-02,CT-02_image-00110,image-00110.tiff,8,1.22070833333333,4.93920833333333,12.7635,3.27041666666667,1.43020833333333,23.6270833333333,1
CT-02,CT-02_image-00110,image-00110.tiff,9,1.46129166666667,4.9565,12.565625,3.21308333333333,1.45654166666667,23.6572916666667,1
CT-02,CT-02_image-00110,image-00110.tiff,10,1.22079166666667,4.90933333333333,12.5544583333333,3.29358333333333,1.45408333333333,23.4352916666667,1
CT-02,CT-02_image-00119,image-00119.tiff,1,1.2515,4.95970833333333,12.8629583333333,3.46095833333333,1.42754166666667,23.9659166666667,1
CT-02,CT-02_image-00119,image-00119.tiff,2,1.2265,4.93991666666667,12.889625,3.47266666666667,1.41395833333333,23.9452916666667,1
CT-02,CT-02_image-00119,image-00119.tiff,3,1.222125,4.94825,12.7946666666667,3.41058333333333,1.411875,23.7897916666667,1
CT-02,CT-02_image-00119,image-00119.tiff,4,1.22025,4.9445,12.8017083333333,3.29604166666667,1.610125,23.8759583333333,1
CT-02,CT-02_image-00119,image-00119.tiff,5,1.23266666666667,4.965625,13.0003333333333,3.405125,1.56808333333333,24.177625,1
CT-02,CT-02_image-00119,image-00119.tiff,6,1.22770833333333,4.980875,12.759375,3.36408333333333,1.42516666666667,23.762625,1
CT-02,CT-02_image-00119,image-00119.tiff,7,1.21995833333333,4.95729166666667,13.36125,3.48516666666667,1.425,24.4515416666667,1
CT-02,CT-02_image-00119,image-00119.tiff,8,1.214625,4.95308333333333,13.060875,3.452375,1.4705,24.1546666666667,1
CT-02,CT-02_image-00119,image-00119.tiff,9,1.22491666666667,4.93729166666667,12.6822916666667,3.327,1.45908333333333,23.6339166666667,1
CT-02,CT-02_image-00119,image-00119.tiff,10,1.207625,4.960625,12.7447916666667,3.26845833333333,1.42179166666667,23.605875,1
CT-02,CT-02_image-00123,image-00123.tiff,1,1.23025,4.97875,12.4715,3.34041666666667,1.42191666666667,23.4455,1
CT-02,CT-02_image-00123,image-00123.tiff,2,1.21491666666667,4.94870833333333,12.4520833333333,3.260375,1.44095833333333,23.319625,1
CT-02,CT-02_image-00123,image-00123.tiff,3,1.22483333333333,4.93333333333333,12.447125,3.22458333333333,1.40783333333333,23.240125,1
CT-02,CT-02_image-00123,image-00123.tiff,4,1.21966666666667,4.927625,12.5320833333333,3.28166666666667,1.43016666666667,23.393625,1
CT-02,CT-02_image-00123,image-00123.tiff,5,1.21820833333333,4.97845833333333,13.142,3.30195833333333,1.68008333333333,24.3263333333333,1
CT-02,CT-02_image-00123,image-00123.tiff,6,1.230125,5.019625,12.9655,3.39566666666667,1.46929166666667,24.0859166666667,1
CT-02,CT-02_image-00123,image-00123.tiff,7,1.38258333333333,4.941375,12.8497083333333,3.29141666666667,1.45625,23.925625,1
CT-02,CT-02_image-00123,image-00123.tiff,8,1.22633333333333,4.91858333333333,12.443125,3.33770833333333,1.42045833333333,23.3495416666667,1
CT-02,CT-02_image-00123,image-00123.tiff,9,1.22729166666667,4.96254166666667,12.479,3.19408333333333,1.420125,23.2857083333333,1
CT-02,CT-02_image-00123,image-00123.tiff,10,1.213375,4.93070833333333,12.280625,3.20529166666667,1.407625,23.0401666666667,1
CT-02,CT-02_image-00132,image-00132.tiff,1,1.24475,4.96595833333333,12.7558333333333,3.27083333333333,1.44891666666667,23.689875,1
CT-02,CT-02_image-00132,image-00132.tiff,2,1.21933333333333,4.92570833333333,12.7704166666667,3.20008333333333,1.421,23.5393333333333,1
CT-02,CT-02_image-00132,image-00132.tiff,3,1.21383333333333,4.91841666666667,12.7764166666667,3.244625,1.40508333333333,23.5606666666667,1
CT-02,CT-02_image-00132,image-00132.tiff,4,1.22391666666667,4.92204166666667,12.6374166666667,3.24754166666667,1.40775,23.4409583333333,1
CT-02,CT-02_image-00132,image-00132.tiff,5,1.20858333333333,4.92529166666667,12.5287916666667,3.24204166666667,1.40366666666667,23.3107916666667,1
CT-02,CT-02_image-00132,image-00132.tiff,6,1.20633333333333,4.91341666666667,12.6974583333333,3.23304166666667,1.40616666666667,23.4586666666667,1
CT-02,CT-02_image-00132,image-00132.tiff,7,1.21729166666667,4.92466666666667,12.5463333333333,3.19966666666667,1.40391666666667,23.294125,1
CT-02,CT-02_image-00132,image-00132.tiff,8,1.21170833333333,4.91529166666667,12.7331666666667,3.24358333333333,1.39829166666667,23.5041666666667,1
CT-02,CT-02_image-00132,image-00132.tiff,9,1.21966666666667,4.94141666666667,12.5527916666667,3.25758333333333,1.397875,23.371375,1
CT-02,CT-02_image-00132,image-00132.tiff,10,1.226875,4.929875,12.3974583333333,3.25641666666667,1.40229166666667,23.2148333333333,1
CT-02,CT-02_image-00137,image-00137.tiff,1,1.25558333333333,5.0315,12.9180833333333,3.456125,1.46325,24.1297083333333,1
CT-02,CT-02_image-00137,image-00137.tiff,2,1.23879166666667,4.9465,12.3599583333333,3.11141666666667,1.46283333333333,23.1246666666667,1
CT-02,CT-02_image-00137,image-00137.tiff,3,1.25525,5.001875,12.2109166666667,3.13658333333333,1.46145833333333,23.07,1
CT-02,CT-02_image-00137,image-00137.tiff,4,1.22641666666667,4.92116666666667,12.068125,3.119625,1.416,22.7543333333333,1
CT-02,CT-02_image-00137,image-00137.tiff,5,1.404625,4.93170833333333,12.4204166666667,3.05133333333333,1.411375,23.2222083333333,1
CT-02,CT-02_image-00137,image-00137.tiff,6,1.21766666666667,4.92616666666667,12.1785,3.12341666666667,1.40979166666667,22.8579583333333,1
CT-02,CT-02_image-00137,image-00137.tiff,7,1.21029166666667,4.92258333333333,12.246875,3.13304166666667,1.43145833333333,22.9465,1
CT-02,CT-02_image-00137,image-00137.tiff,8,1.216375,5.06125,12.37525,3.16420833333333,1.45441666666667,23.2744583333333,1
CT-02,CT-02_image-00137,image-00137.tiff,9,1.22008333333333,4.9175,12.1385833333333,3.10945833333333,1.41345833333333,22.80175,1
CT-02,CT-02_image-00137,image-00137.tiff,10,1.20875,4.91325,11.9413333333333,3.13154166666667,1.413,22.6100833333333,1
CT-02,CT-02_image-00146,image-00146.tiff,1,1.26683333333333,4.97983333333333,13.133625,3.29295833333333,1.563375,24.242875,1
CT-02,CT-02_image-00146,image-00146.tiff,2,1.21466666666667,4.95454166666667,12.807125,3.39825,1.461875,23.8399583333333,1
CT-02,CT-02_image-00146,image-00146.tiff,3,1.21708333333333,4.99745833333333,12.406625,3.22325,1.49958333333333,23.3489583333333,1
CT-02,CT-02_image-00146,image-00146.tiff,4,1.227,4.957125,12.48425,3.17654166666667,1.45083333333333,23.29925,1
CT-02,CT-02_image-00146,image-00146.tiff,5,1.22495833333333,4.96258333333333,12.40025,3.19841666666667,1.43395833333333,23.2230833333333,1
CT-02,CT-02_image-00146,image-00146.tiff,6,1.21983333333333,4.93575,12.5006666666667,3.21233333333333,1.44220833333333,23.313375,1
CT-02,CT-02_image-00146,image-00146.tiff,7,1.21775,4.95075,12.5149583333333,3.20575,1.41458333333333,23.30625,1
CT-02,CT-02_image-00146,image-00146.tiff,8,1.21633333333333,4.9465,12.4759583333333,3.21154166666667,1.40079166666667,23.2534166666667,1
CT-02,CT-02_image-00146,image-00146.tiff,9,1.20829166666667,4.95033333333333,12.3865833333333,3.21975,1.43066666666667,23.197875,1
CT-02,CT-02_image-00146,image-00146.tiff,10,1.21241666666667,4.942,12.4789583333333,3.24633333333333,1.40916666666667,23.2911666666667,1
CT-02,CT-02_image-00150,image-00150.tiff,1,1.23604166666667,5.03983333333333,13.08175,3.31054166666667,1.607875,24.2812916666667,1
CT-02,CT-02_image-00150,image-00150.tiff,2,1.22208333333333,4.97625,12.6511666666667,3.28891666666667,1.44233333333333,23.58525,1
CT-02,CT-02_image-00150,image-00150.tiff,3,1.43991666666667,4.94454166666667,12.6774583333333,3.23120833333333,1.41945833333333,23.7155416666667,1
CT-02,CT-02_image-00150,image-00150.tiff,4,1.21375,4.958875,12.6229583333333,3.22929166666667,1.407875,23.4352916666667,1
CT-02,CT-02_image-00150,image-00150.tiff,5,1.22654166666667,4.92604166666667,12.6789166666667,3.20641666666667,1.41570833333333,23.456125,1
CT-02,CT-02_image-00150,image-00150.tiff,6,1.2085,4.91666666666667,12.5155833333333,3.173125,1.40020833333333,23.216375,1
CT-02,CT-02_image-00150,image-00150.tiff,7,1.211375,4.92020833333333,12.7235833333333,3.180125,1.41029166666667,23.44775,1
CT-02,CT-02_image-00150,image-00150.tiff,8,1.22058333333333,4.91820833333333,12.5465,3.18233333333333,1.40358333333333,23.2735833333333,1
CT-02,CT-02_image-00150,image-00150.tiff,9,1.21479166666667,4.90875,12.62675,3.171,1.40441666666667,23.3279166666667,1
CT-02,CT-02_image-00150,image-00150.tiff,10,1.23345833333333,4.93108333333333,12.5630833333333,3.186125,1.40341666666667,23.3194166666667,1
CT-02,CT-02_image-00159,image-00159.tiff,1,1.24729166666667,5.029625,13.09425,3.50329166666667,1.55870833333333,24.4373333333333,1
CT-02,CT-02_image-00159,image-00159.tiff,2,1.29591666666667,4.94425,12.86025,3.28095833333333,1.57620833333333,23.9632083333333,1
CT-02,CT-02_image-00159,image-00159.tiff,3,1.21283333333333,4.985125,12.512375,3.29675,1.43545833333333,23.4467916666667,1
CT-02,CT-02_image-00159,image-00159.tiff,4,1.2165,4.96720833333333,12.6291666666667,3.250875,1.40608333333333,23.4725833333333,1
CT-02,CT-02_image-00159,image-00159.tiff,5,1.21970833333333,4.946,12.4531666666667,3.13770833333333,1.516875,23.2766666666667,1
CT-02,CT-02_image-00159,image-00159.tiff,6,1.2465,4.94195833333333,12.122125,3.15775,1.44,22.9120416666667,1
CT-02,CT-02_image-00159,image-00159.tiff,7,1.22945833333333,4.93054166666667,12.36175,3.43845833333333,1.41629166666667,23.3795,1
CT-02,CT-02_image-00159,image-00159.tiff,8,1.21775,4.94029166666667,12.3013333333333,3.100625,1.42041666666667,22.9832083333333,1
CT-02,CT-02_image-00159,image-00159.tiff,9,1.21166666666667,4.90895833333333,12.242,3.06229166666667,1.39925,22.8266666666667,1
CT-02,CT-02_image-00159,image-00159.tiff,10,1.21145833333333,4.91920833333333,12.232125,3.06,1.40945833333333,22.8345833333333,1
CT-02,CT-02_image-00163,image-00163.tiff,1,1.41295833333333,4.92508333333333,13.25375,3.32029166666667,1.42708333333333,24.3420833333333,1
CT-02,CT-02_image-00163,image-00163.tiff,2,1.21716666666667,4.96779166666667,12.8882083333333,3.44445833333333,1.59908333333333,24.121125,1
CT-02,CT-02_image-00163,image-00163.tiff,3,1.23279166666667,4.96920833333333,12.8916666666667,3.33745833333333,1.44,23.8761666666667,1
CT-02,CT-02_image-00163,image-00163.tiff,4,1.21895833333333,4.984125,12.595625,3.30029166666667,1.43433333333333,23.5369166666667,1
CT-02,CT-02_image-00163,image-00163.tiff,5,1.21770833333333,4.92245833333333,12.392125,3.3145,1.42083333333333,23.27025,1
CT-02,CT-02_image-00163,image-00163.tiff,6,1.222,4.92545833333333,12.4813333333333,3.23129166666667,1.42845833333333,23.2907916666667,1
CT-02,CT-02_image-00163,image-00163.tiff,7,1.21816666666667,4.950125,12.5934166666667,3.292125,1.41358333333333,23.4696666666667,1
CT-02,CT-02_image-00163,image-00163.tiff,8,1.217,4.92366666666667,12.6417916666667,3.304625,1.41316666666667,23.502375,1
CT-02,CT-02_image-00163,image-00163.tiff,9,1.21408333333333,4.91829166666667,12.6455833333333,3.26433333333333,1.42895833333333,23.4735416666667,1
CT-02,CT-02_image-00163,image-00163.tiff,10,1.214875,4.92808333333333,12.790875,3.25729166666667,1.42516666666667,23.6189166666667,1
CT-02,CT-02_image-00168,image-00168.tiff,1,1.2425,4.96695833333333,12.6279166666667,3.27679166666667,1.42425,23.5415416666667,1
CT-02,CT-02_image-00168,image-00168.tiff,2,1.20625,4.937625,12.848625,3.28704166666667,1.52395833333333,23.8060833333333,1
CT-02,CT-02_image-00168,image-00168.tiff,3,1.25095833333333,5.08483333333333,13.2542083333333,3.33570833333333,1.55070833333333,24.4835,1
CT-02,CT-02_image-00168,image-00168.tiff,4,1.22241666666667,4.957,12.805625,3.27641666666667,1.42725,23.6924166666667,1
CT-02,CT-02_image-00168,image-00168.tiff,5,1.24154166666667,4.94179166666667,12.85275,3.27425,1.41479166666667,23.7275416666667,1
CT-02,CT-02_image-00168,image-00168.tiff,6,1.21666666666667,4.93183333333333,12.58525,3.23858333333333,1.50825,23.4839166666667,1
CT-02,CT-02_image-00168,image-00168.tiff,7,1.24829166666667,4.94925,12.5783333333333,3.29816666666667,1.45033333333333,23.528125,1
CT-02,CT-02_image-00168,image-00168.tiff,8,1.21425,4.94720833333333,12.610375,3.38833333333333,1.56979166666667,23.734375,1
CT-02,CT-02_image-00168,image-00168.tiff,9,1.28583333333333,5.00908333333333,12.3577083333333,3.277625,1.452875,23.387625,1
CT-02,CT-02_image-00168,image-00168.tiff,10,1.21470833333333,4.91729166666667,12.13975,3.20729166666667,1.45229166666667,22.9343333333333,1
CT-02,CT-02_image-00172,image-00172.tiff,1,1.243375,4.98933333333333,12.835,3.22920833333333,1.435125,23.7355833333333,1
CT-02,CT-02_image-00172,image-00172.tiff,2,1.244375,4.93408333333333,12.6493333333333,3.21975,1.42091666666667,23.4712916666667,1
CT-02,CT-02_image-00172,image-00172.tiff,3,1.22125,4.93141666666667,12.9195,3.36579166666667,1.674,24.1165,1
CT-02,CT-02_image-00172,image-00172.tiff,4,1.235125,4.98408333333333,12.5961666666667,3.26108333333333,1.462375,23.5434583333333,1
CT-02,CT-02_image-00172,image-00172.tiff,5,1.2255,4.95816666666667,12.5388333333333,3.24541666666667,1.43233333333333,23.4029583333333,1
CT-02,CT-02_image-00172,image-00172.tiff,6,1.22341666666667,4.905125,12.578375,3.26483333333333,1.40970833333333,23.38425,1
CT-02,CT-02_image-00172,image-00172.tiff,7,1.21675,4.906,12.4635833333333,3.26491666666667,1.42333333333333,23.27675,1
CT-02,CT-02_image-00172,image-00172.tiff,8,1.21108333333333,4.95241666666667,12.3402916666667,3.23729166666667,1.40658333333333,23.15,1
CT-02,CT-02_image-00172,image-00172.tiff,9,1.21408333333333,4.96141666666667,12.5649583333333,3.26675,1.41279166666667,23.4220416666667,1
CT-02,CT-02_image-00172,image-00172.tiff,10,1.22370833333333,4.93670833333333,12.4802916666667,3.2615,1.41283333333333,23.317375,1
CT-02,CT-02_image-00176,image-00176.tiff,1,1.239625,4.91916666666667,12.953875,3.55733333333333,1.41820833333333,24.0910833333333,1
CT-02,CT-02_image-00176,image-00176.tiff,2,1.21675,4.9205,12.8535416666667,3.268375,1.5035,23.7665833333333,1
CT-02,CT-02_image-00176,image-00176.tiff,3,1.228375,5.003375,13.1419583333333,3.35908333333333,1.60525,24.3433333333333,1
CT-02,CT-02_image-00176,image-00176.tiff,4,1.23891666666667,5.107625,13.0450833333333,3.26833333333333,1.52466666666667,24.1914166666667,1
CT-02,CT-02_image-00176,image-00176.tiff,5,1.21695833333333,4.92379166666667,12.8865833333333,3.32441666666667,1.42575,23.7815833333333,1
CT-02,CT-02_image-00176,image-00176.tiff,6,1.21491666666667,4.927625,13.0105,3.29920833333333,1.41183333333333,23.8670416666667,1
CT-02,CT-02_image-00176,image-00176.tiff,7,1.21383333333333,4.91925,12.8707916666667,3.25704166666667,1.40625,23.66975,1
CT-02,CT-02_image-00176,image-00176.tiff,8,1.21091666666667,4.90866666666667,13.019,3.28333333333333,1.454625,23.878875,1
CT-02,CT-02_image-00176,image-00176.tiff,9,1.41533333333333,4.993875,12.8757916666667,3.327125,1.48608333333333,24.101625,1
CT-02,CT-02_image-00176,image-00176.tiff,10,1.240375,4.99075,12.7587916666667,3.31020833333333,1.469375,23.7732916666667,1
CT-02,CT-02_image-00181,image-00181.tiff,1,1.250625,4.91970833333333,12.8095416666667,3.232875,1.42175,23.637625,1
CT-02,CT-02_image-00181,image-00181.tiff,2,1.22158333333333,4.92575,12.8335,3.292875,1.45041666666667,23.726625,1
CT-02,CT-02_image-00181,image-00181.tiff,3,1.223375,4.9315,12.56275,3.196625,1.40808333333333,23.3248333333333,1
CT-02,CT-02_image-00181,image-00181.tiff,4,1.26858333333333,5.06433333333333,13.0625,3.42079166666667,1.67941666666667,24.5012083333333,1
CT-02,CT-02_image-00181,image-00181.tiff,5,1.2385,4.999,12.8384166666667,3.33004166666667,1.442625,23.8535,1
CT-02,CT-02_image-00181,image-00181.tiff,6,1.22079166666667,4.93266666666667,12.4714166666667,3.23925,1.41279166666667,23.2795416666667,1
CT-02,CT-02_image-00181,image-00181.tiff,7,1.222875,4.92554166666667,12.5581666666667,3.19525,1.40591666666667,23.3100416666667,1
CT-02,CT-02_image-00181,image-00181.tiff,8,1.20954166666667,4.91770833333333,12.5578333333333,3.23666666666667,1.40770833333333,23.3315,1
CT-02,CT-02_image-00181,image-00181.tiff,9,1.20875,4.92316666666667,12.6502916666667,3.24454166666667,1.4075,23.4364583333333,1
CT-02,CT-02_image-00181,image-00181.tiff,10,1.205125,4.91875,12.5260416666667,3.265375,1.40345833333333,23.3207083333333,1
CT-02,CT-02_image-00185,image-00185.tiff,1,1.24120833333333,4.9635,12.6694166666667,3.206125,1.42604166666667,23.50925,1
CT-02,CT-02_image-00185,image-00185.tiff,2,1.23308333333333,4.911125,12.3692083333333,3.256125,1.41633333333333,23.1882083333333,1
CT-02,CT-02_image-00185,image-00185.tiff,3,1.2175,4.92629166666667,12.4727083333333,3.20341666666667,1.40729166666667,23.2295833333333,1
CT-02,CT-02_image-00185,image-00185.tiff,4,1.217375,4.909625,12.3889583333333,3.38825,1.513875,23.4214583333333,1
CT-02,CT-02_image-00185,image-00185.tiff,5,1.2295,5.002625,12.82825,3.24816666666667,1.62725,23.9424166666667,1
CT-02,CT-02_image-00185,image-00185.tiff,6,1.24520833333333,4.990125,12.6204583333333,3.24420833333333,1.43995833333333,23.5445833333333,1
CT-02,CT-02_image-00185,image-00185.tiff,7,1.48845833333333,5.00658333333333,12.6787083333333,3.299,1.436125,23.9125,1
CT-02,CT-02_image-00185,image-00185.tiff,8,1.2205,4.99329166666667,12.5405416666667,3.25970833333333,1.414,23.431,1
CT-02,CT-02_image-00185,image-00185.tiff,9,1.22195833333333,4.96675,12.7383333333333,3.25495833333333,1.41116666666667,23.5957916666667,1
CT-02,CT-02_image-00185,image-00185.tiff,10,1.22533333333333,4.923875,12.5478333333333,3.25216666666667,1.40504166666667,23.3566666666667,1
CT-02,CT-02_image-00190,image-00190.tiff,1,1.241875,5.05683333333333,12.79725,3.346,1.48925,23.9350416666667,1
CT-02,CT-02_image-00190,image-00190.tiff,2,1.23583333333333,5.030375,13.1143333333333,3.342375,1.45366666666667,24.1800833333333,1
CT-02,CT-02_image-00190,image-00190.tiff,3,1.22341666666667,4.95570833333333,12.833125,3.31554166666667,1.41829166666667,23.749,1
CT-02,CT-02_image-00190,image-00190.tiff,4,1.22104166666667,4.95429166666667,12.6387083333333,3.23958333333333,1.41483333333333,23.4708333333333,1
CT-02,CT-02_image-00190,image-00190.tiff,5,1.211125,5.06716666666667,13.5175833333333,3.41154166666667,1.736875,24.9528333333333,1
CT-02,CT-02_image-00190,image-00190.tiff,6,1.28033333333333,5.12841666666667,12.7296666666667,3.18783333333333,1.55920833333333,23.8920416666667,1
CT-02,CT-02_image-00190,image-00190.tiff,7,1.23129166666667,4.966125,12.3975833333333,3.20816666666667,1.45304166666667,23.2601666666667,1
CT-02,CT-02_image-00190,image-00190.tiff,8,1.22879166666667,4.942625,12.3501666666667,3.15341666666667,1.43141666666667,23.1094166666667,1
CT-02,CT-02_image-00190,image-00190.tiff,9,1.20983333333333,4.92654166666667,12.4252083333333,3.12375,1.42679166666667,23.114625,1
CT-02,CT-02_image-00190,image-00190.tiff,10,1.24008333333333,4.92295833333333,12.1785833333333,3.07379166666667,1.406375,22.82425,1
CT-02,CT-02_image-00194,image-00194.tiff,1,1.222625,4.95366666666667,12.4098333333333,3.29266666666667,1.4145,23.295625,1
CT-02,CT-02_image-00194,image-00194.tiff,2,1.21170833333333,4.99504166666667,12.443,3.15708333333333,1.42541666666667,23.2351666666667,1
CT-02,CT-02_image-00194,image-00194.tiff,3,1.22279166666667,4.92766666666667,12.55,3.12920833333333,1.40691666666667,23.2389166666667,1
CT-02,CT-02_image-00194,image-00194.tiff,4,1.209625,4.93879166666667,12.4502916666667,3.126125,1.40625,23.13325,1
CT-02,CT-02_image-00194,image-00194.tiff,5,1.44783333333333,4.96658333333333,12.9897916666667,3.37504166666667,1.76704166666667,24.5519583333333,1
CT-02,CT-02_image-00194,image-00194.tiff,6,1.2305,5.00895833333333,12.6662083333333,3.1125,1.48804166666667,23.5124166666667,1
CT-02,CT-02_image-00194,image-00194.tiff,7,1.21858333333333,4.98504166666667,12.79975,3.240125,1.44904166666667,23.6972083333333,1
CT-02,CT-02_image-00194,image-00194.tiff,8,1.23954166666667,4.91633333333333,12.6553333333333,3.26754166666667,1.42358333333333,23.50525,1
CT-02,CT-02_image-00194,image-00194.tiff,9,1.222125,4.94483333333333,12.7017083333333,3.268875,1.42283333333333,23.5630833333333,1
CT-02,CT-02_image-00194,image-00194.tiff,10,1.23166666666667,4.92616666666667,12.68225,3.269375,1.419,23.5309166666667,1
CT-03,CT-03_image-00000,image-00000.tiff,1,1.246125,4.98033333333333,12.34,3.090375,1.45954166666667,23.12075,1
CT-03,CT-03_image-00000,image-00000.tiff,2,1.216125,4.91983333333333,12.4572083333333,3.08270833333333,1.418375,23.097125,1
CT-03,CT-03_image-00000,image-00000.tiff,3,1.21958333333333,4.93733333333333,12.4641666666667,3.07208333333333,1.40225,23.0979166666667,1
CT-03,CT-03_image-00000,image-00000.tiff,4,1.24158333333333,4.92070833333333,12.4664166666667,3.0635,1.41720833333333,23.111625,1
CT-03,CT-03_image-00000,image-00000.tiff,5,1.217375,4.92366666666667,12.2608333333333,3.07508333333333,1.394,22.8732083333333,1
CT-03,CT-03_image-00000,image-00000.tiff,6,1.21520833333333,4.943,12.4880416666667,3.05808333333333,1.39841666666667,23.1049166666667,1
CT-03,CT-03_image-00000,image-00000.tiff,7,1.210125,4.90754166666667,12.3675416666667,3.0855,1.41883333333333,22.9918333333333,1
CT-03,CT-03_image-00000,image-00000.tiff,8,1.21825,4.95433333333333,12.2340833333333,3.07766666666667,1.40525,22.891625,1
CT-03,CT-03_image-00000,image-00000.tiff,9,1.21079166666667,4.91729166666667,12.2376666666667,3.08670833333333,1.40458333333333,22.8590416666667,1
CT-03,CT-03_image-00000,image-00000.tiff,10,1.21954166666667,4.91875,12.331875,3.08170833333333,1.40566666666667,22.9595416666667,1
CT-03,CT-03_image-00011,image-00011.tiff,1,1.35758333333333,5.01391666666667,13.1353333333333,3.39216666666667,1.49654166666667,24.4027083333333,1
CT-03,CT-03_image-00011,image-00011.tiff,2,1.21620833333333,4.996625,12.4525,3.199,1.445125,23.31325,1
CT-03,CT-03_image-00011,image-00011.tiff,3,1.43241666666667,4.93475,12.7075416666667,3.20641666666667,1.419,23.702875,1
CT-03,CT-03_image-00011,image-00011.tiff,4,1.21908333333333,4.928875,12.6925833333333,3.20541666666667,1.424125,23.4727083333333,1
CT-03,CT-03_image-00011,image-00011.tiff,5,1.213625,4.93970833333333,12.5573333333333,3.21241666666667,1.41758333333333,23.3430833333333,1
CT-03,CT-03_image-00011,image-00011.tiff,6,1.221625,4.92470833333333,12.6285416666667,3.41333333333333,1.40379166666667,23.5940833333333,1
CT-03,CT-03_image-00011,image-00011.tiff,7,1.22666666666667,4.930125,12.5122083333333,3.20054166666667,1.40575,23.277375,1
CT-03,CT-03_image-00011,image-00011.tiff,8,1.211625,4.94729166666667,12.6735833333333,3.2015,1.41575,23.4517083333333,1
CT-03,CT-03_image-00011,image-00011.tiff,9,1.2125,4.91683333333333,12.602875,3.23095833333333,1.40775,23.3728333333333,1
CT-03,CT-03_image-00011,image-00011.tiff,10,1.20491666666667,4.92154166666667,12.6820416666667,3.219375,1.40758333333333,23.4375416666667,1
CT-03,CT-03_image-00034,image-00034.tiff,1,1.2465,5.18641666666667,12.8150416666667,3.3455,1.61320833333333,24.2134166666667,1
CT-03,CT-03_image-00034,image-00034.tiff,2,1.22833333333333,5.001625,12.754375,3.1795,1.49108333333333,23.6596666666667,1
CT-03,CT-03_image-00034,image-00034.tiff,3,1.2185,4.95929166666667,12.6889583333333,3.267,1.41875,23.5554166666667,1
CT-03,CT-03_image-00034,image-00034.tiff,4,1.20366666666667,4.966375,12.6145833333333,3.25975,1.415875,23.4625833333333,1
CT-03,CT-03_image-00034,image-00034.tiff,5,1.22404166666667,4.91854166666667,12.7165,3.26095833333333,1.40883333333333,23.531375,1
CT-03,CT-03_image-00034,image-00034.tiff,6,1.21554166666667,4.94695833333333,12.8779583333333,3.22258333333333,1.412,23.6774583333333,1
CT-03,CT-03_image-00034,image-00034.tiff,7,1.2135,4.94483333333333,12.6655416666667,3.25666666666667,1.39979166666667,23.482625,1
CT-03,CT-03_image-00034,image-00034.tiff,8,1.2135,4.94854166666667,12.6059166666667,3.27583333333333,1.44266666666667,23.4891666666667,1
CT-03,CT-03_image-00034,image-00034.tiff,9,1.20758333333333,4.97095833333333,12.2184166666667,3.26104166666667,1.40795833333333,23.0687083333333,1
CT-03,CT-03_image-00034,image-00034.tiff,10,1.21641666666667,4.95554166666667,12.4550833333333,3.31891666666667,1.40229166666667,23.35075,1
CT-03,CT-03_image-00045,image-00045.tiff,1,1.42679166666667,4.96429166666667,13.135375,3.37608333333333,1.53504166666667,24.442375,1
CT-03,CT-03_image-00045,image-00045.tiff,2,1.236125,5.16170833333333,13.0963333333333,3.45208333333333,1.56729166666667,24.5209166666667,1
CT-03,CT-03_image-00045,image-00045.tiff,3,1.22329166666667,4.951375,13.084625,3.334875,1.43654166666667,24.03475,1
CT-03,CT-03_image-00045,image-00045.tiff,4,1.21570833333333,4.952625,12.8076666666667,3.33825,1.40195833333333,23.71875,1
CT-03,CT-03_image-00045,image-00045.tiff,5,1.211375,4.91879166666667,13.0010416666667,3.32558333333333,1.42095833333333,23.8799583333333,1
CT-03,CT-03_image-00045,image-00045.tiff,6,1.207,4.925375,12.8095,3.38525,1.40841666666667,23.7377916666667,1
CT-03,CT-03_image-00045,image-00045.tiff,7,1.21125,4.913375,12.8537916666667,3.358125,1.39183333333333,23.7304583333333,1
CT-03,CT-03_image-00045,image-00045.tiff,8,1.22304166666667,4.94679166666667,12.779625,3.36629166666667,1.41233333333333,23.73,1
CT-03,CT-03_image-00045,image-00045.tiff,9,1.20666666666667,4.914625,12.622125,3.34629166666667,1.40495833333333,23.4968333333333,1
CT-03,CT-03_image-00045,image-00045.tiff,10,1.217375,4.95508333333333,12.7227083333333,3.39454166666667,1.41616666666667,23.7082083333333,1
CT-03,CT-03_image-00068,image-00068.tiff,1,1.21779166666667,4.952125,12.697625,3.26070833333333,1.40979166666667,23.5406666666667,1
CT-03,CT-03_image-00068,image-00068.tiff,2,1.23125,5.13425,13.2285,3.48116666666667,1.554625,24.637625,1
CT-03,CT-03_image-00068,image-00068.tiff,3,1.223,4.933375,13.025625,3.40233333333333,1.50904166666667,24.0976666666667,1
CT-03,CT-03_image-00068,image-00068.tiff,4,1.234375,4.94241666666667,12.8485,3.41708333333333,1.41404166666667,23.8597083333333,1
CT-03,CT-03_image-00068,image-00068.tiff,5,1.228375,4.93091666666667,13.0619583333333,3.40870833333333,1.41270833333333,24.045375,1
CT-03,CT-03_image-00068,image-00068.tiff,6,1.20629166666667,4.93183333333333,12.8975,3.35395833333333,1.41354166666667,23.8055,1
CT-03,CT-03_image-00068,image-00068.tiff,7,1.21016666666667,4.93425,12.8259166666667,3.33295833333333,1.40179166666667,23.7074166666667,1
CT-03,CT-03_image-00068,image-00068.tiff,8,1.20841666666667,4.919,12.9205833333333,3.36716666666667,1.397875,23.8151666666667,1
CT-03,CT-03_image-00068,image-00068.tiff,9,1.20983333333333,4.91979166666667,12.7612916666667,3.38979166666667,1.39966666666667,23.6823333333333,1
CT-03,CT-03_image-00068,image-00068.tiff,10,1.205875,4.92791666666667,12.925,3.3865,1.40745833333333,23.8548333333333,1
CT-03,CT-03_image-00080,image-00080.tiff,1,1.21804166666667,4.970625,12.573625,3.38029166666667,1.42033333333333,23.5655416666667,1
CT-03,CT-03_image-00080,image-00080.tiff,2,1.224375,4.96666666666667,12.846,3.19179166666667,1.55620833333333,23.788875,1
CT-03,CT-03_image-00080,image-00080.tiff,3,1.24445833333333,5.13441666666667,12.4725,3.22279166666667,1.491875,23.5722083333333,1
CT-03,CT-03_image-00080,image-00080.tiff,4,1.21445833333333,4.91875,12.5705833333333,3.27879166666667,1.52095833333333,23.5072083333333,1
CT-03,CT-03_image-00080,image-00080.tiff,5,1.24175,4.96479166666667,12.4590416666667,3.18025,1.42583333333333,23.2748333333333,1
CT-03,CT-03_image-00080,image-00080.tiff,6,1.20833333333333,4.94304166666667,12.558125,3.17283333333333,1.40625,23.2912083333333,1
CT-03,CT-03_image-00080,image-00080.tiff,7,1.20716666666667,4.940875,12.5801666666667,3.14766666666667,1.409,23.28725,1
CT-03,CT-03_image-00080,image-00080.tiff,8,1.20475,4.95570833333333,12.78575,3.23445833333333,1.43929166666667,23.622125,1
CT-03,CT-03_image-00080,image-00080.tiff,9,1.23966666666667,5.055625,12.56775,3.200375,1.45033333333333,23.5160416666667,1
CT-03,CT-03_image-00080,image-00080.tiff,10,1.25054166666667,5.04208333333333,12.59725,3.16725,1.44108333333333,23.5004583333333,1
CT-03,CT-03_image-00102,image-00102.tiff,1,1.27158333333333,5.21829166666667,13.1472083333333,3.38629166666667,1.424625,24.4508333333333,1
CT-03,CT-03_image-00102,image-00102.tiff,2,1.21183333333333,4.91929166666667,12.6395,3.342875,1.45420833333333,23.5699166666667,1
CT-03,CT-03_image-00102,image-00102.tiff,3,1.25429166666667,5.100375,13.212125,3.26495833333333,1.58529166666667,24.422625,1
CT-03,CT-03_image-00102,image-00102.tiff,4,1.22316666666667,4.96425,12.7572083333333,3.31183333333333,1.49429166666667,23.756,1
CT-03,CT-03_image-00102,image-00102.tiff,5,1.21420833333333,5.019,12.339,3.21566666666667,1.42254166666667,23.213375,1
CT-03,CT-03_image-00102,image-00102.tiff,6,1.20633333333333,4.989875,12.4017916666667,3.25975,1.40691666666667,23.2672083333333,1
CT-03,CT-03_image-00102,image-00102.tiff,7,1.208375,4.97020833333333,12.4752916666667,3.11291666666667,1.420125,23.1893333333333,1
CT-03,CT-03_image-00102,image-00102.tiff,8,1.229875,4.99725,12.3709166666667,3.24445833333333,1.40833333333333,23.2533333333333,1
CT-03,CT-03_image-00102,image-00102.tiff,9,1.419,4.94266666666667,12.719375,3.277625,1.4175,23.779,1
CT-03,CT-03_image-00102,image-00102.tiff,10,1.2175,4.93075,12.8351666666667,3.24733333333333,1.40558333333333,23.6384583333333,1
CT-03,CT-03_image-00114,image-00114.tiff,1,1.22116666666667,4.9285,12.44725,3.35820833333333,1.412,23.3695833333333,1
CT-03,CT-03_image-00114,image-00114.tiff,2,1.219625,4.95179166666667,12.7359583333333,3.331625,1.41308333333333,23.6544166666667,1
CT-03,CT-03_image-00114,image-00114.tiff,3,1.21054166666667,4.92125,12.7217916666667,3.413125,1.52379166666667,23.7932916666667,1
CT-03,CT-03_image-00114,image-00114.tiff,4,1.31983333333333,4.9785,13.0024166666667,3.3215,1.55079166666667,24.17875,1
CT-03,CT-03_image-00114,image-00114.tiff,5,1.227375,4.95491666666667,12.837875,3.09241666666667,1.511125,23.6291666666667,1
CT-03,CT-03_image-00114,image-00114.tiff,6,1.23104166666667,4.98308333333333,12.568625,3.14420833333333,1.431875,23.3624166666667,1
CT-03,CT-03_image-00114,image-00114.tiff,7,1.21741666666667,4.93220833333333,12.420125,3.11525,1.41958333333333,23.107625,1
CT-03,CT-03_image-00114,image-00114.tiff,8,1.20733333333333,4.91125,12.39925,3.17145833333333,1.43366666666667,23.1255833333333,1
CT-03,CT-03_image-00114,image-00114.tiff,9,1.20579166666667,4.91720833333333,12.4870833333333,3.17683333333333,1.40270833333333,23.1920833333333,1
CT-03,CT-03_image-00114,image-00114.tiff,10,1.20508333333333,4.99404166666667,13.0424166666667,3.46470833333333,1.43566666666667,24.1450833333333,1
CT-03,CT-03_image-00136,image-00136.tiff,1,1.22795833333333,4.92666666666667,12.8301666666667,3.435375,1.40383333333333,23.8264583333333,1
CT-03,CT-03_image-00136,image-00136.tiff,2,1.21316666666667,4.9325,12.95675,3.38725,1.41391666666667,23.9056666666667,1
CT-03,CT-03_image-00136,image-00136.tiff,3,1.209375,4.93441666666667,12.7934166666667,3.39545833333333,1.402,23.7368333333333,1
CT-03,CT-03_image-00136,image-00136.tiff,4,1.23483333333333,4.93754166666667,13.275625,3.297375,1.62445833333333,24.3754583333333,1
CT-03,CT-03_image-00136,image-00136.tiff,5,1.24195833333333,4.97833333333333,12.7735416666667,3.2305,1.44045833333333,23.6692083333333,1
CT-03,CT-03_image-00136,image-00136.tiff,6,1.28133333333333,4.96854166666667,12.5894583333333,3.23095833333333,1.44154166666667,23.515375,1
CT-03,CT-03_image-00136,image-00136.tiff,7,1.421375,4.93216666666667,12.6943333333333,3.31841666666667,1.41333333333333,23.7825416666667,1
CT-03,CT-03_image-00136,image-00136.tiff,8,1.21545833333333,4.91654166666667,12.7177916666667,3.18429166666667,1.40783333333333,23.4442916666667,1
CT-03,CT-03_image-00136,image-00136.tiff,9,1.209,4.961125,13.0274583333333,3.37358333333333,1.42295833333333,23.99675,1
CT-03,CT-03_image-00136,image-00136.tiff,10,1.21295833333333,4.93991666666667,12.812375,3.39733333333333,1.39795833333333,23.7628333333333,1
CT-03,CT-03_image-00148,image-00148.tiff,1,1.22033333333333,4.94383333333333,12.760375,3.24129166666667,1.410875,23.5790833333333,1
CT-03,CT-03_image-00148,image-00148.tiff,2,1.22041666666667,4.916125,12.883625,3.27241666666667,1.405125,23.6999583333333,1
CT-03,CT-03_image-00148,image-00148.tiff,3,1.22333333333333,4.95333333333333,12.8227083333333,3.27870833333333,1.39141666666667,23.67175,1
CT-03,CT-03_image-00148,image-00148.tiff,4,1.20725,4.92375,12.8024166666667,3.24741666666667,1.3965,23.579375,1
CT-03,CT-03_image-00148,image-00148.tiff,5,1.228625,5.100625,13.01025,3.41870833333333,1.6,24.3643333333333,1
CT-03,CT-03_image-00148,image-00148.tiff,6,1.222,4.9505,12.7417083333333,3.45741666666667,1.48329166666667,23.859375,1
CT-03,CT-03_image-00148,image-00148.tiff,7,1.22420833333333,4.96816666666667,12.8335833333333,3.37333333333333,1.43616666666667,23.8392916666667,1
CT-03,CT-03_image-00148,image-00148.tiff,8,1.22520833333333,4.92520833333333,12.8177083333333,3.28241666666667,1.41716666666667,23.6705833333333,1
CT-03,CT-03_image-00148,image-00148.tiff,9,1.23066666666667,4.916125,13.0590416666667,3.29458333333333,1.397,23.8998333333333,1
CT-03,CT-03_image-00148,image-00148.tiff,10,1.204375,4.923375,12.9360416666667,3.28458333333333,1.399,23.7496666666667,1
CT-03,CT-03_image-00170,image-00170.tiff,1,1.24229166666667,4.94308333333333,12.279,3.06283333333333,1.430375,22.9615,1
CT-03,CT-03_image-00170,image-00170.tiff,2,1.21408333333333,4.929375,12.3878333333333,3.17954166666667,1.424875,23.1385833333333,1
CT-03,CT-03_image-00170,image-00170.tiff,3,1.21279166666667,4.92291666666667,12.0555,3.15483333333333,1.42020833333333,22.7686666666667,1
CT-03,CT-03_image-00170,image-00170.tiff,4,1.22729166666667,4.914375,12.3127083333333,3.12383333333333,1.39708333333333,22.9775416666667,1
CT-03,CT-03_image-00170,image-00170.tiff,5,1.45875,4.93995833333333,12.908375,3.326125,1.41775,24.053875,1
CT-03,CT-03_image-00170,image-00170.tiff,6,1.21379166666667,4.907375,12.5874583333333,3.2765,1.40745833333333,23.3950833333333,1
CT-03,CT-03_image-00170,image-00170.tiff,7,1.213875,4.94716666666667,13.0152083333333,3.31704166666667,1.414,23.9095416666667,1
CT-03,CT-03_image-00170,image-00170.tiff,8,1.2185,4.929375,12.7423333333333,3.29216666666667,1.40841666666667,23.5929583333333,1
CT-03,CT-03_image-00170,image-00170.tiff,9,1.19858333333333,4.93325,12.2777083333333,3.27883333333333,1.41145833333333,23.1023333333333,1
CT-03,CT-03_image-00170,image-00170.tiff,10,1.23404166666667,4.94404166666667,12.0981666666667,3.11625,1.40525,22.8001666666667,1
CT-03,CT-03_image-00182,image-00182.tiff,1,1.24141666666667,5.032,12.5985,3.42629166666667,1.45266666666667,23.7555,1
CT-03,CT-03_image-00182,image-00182.tiff,2,1.22058333333333,4.98716666666667,12.3546666666667,3.22708333333333,1.41204166666667,23.2046666666667,1
CT-03,CT-03_image-00182,image-00182.tiff,3,1.20845833333333,4.97441666666667,12.3094583333333,3.180375,1.40716666666667,23.0825416666667,1
CT-03,CT-03_image-00182,image-00182.tiff,4,1.22341666666667,4.95458333333333,12.1734166666667,3.23266666666667,1.40329166666667,22.9899166666667,1
CT-03,CT-03_image-00182,image-00182.tiff,5,1.20729166666667,4.94229166666667,12.2790416666667,3.18116666666667,1.39925,23.0115,1
CT-03,CT-03_image-00182,image-00182.tiff,6,1.20633333333333,4.96683333333333,12.26225,3.18629166666667,1.40375,23.027625,1
CT-03,CT-03_image-00182,image-00182.tiff,7,1.20875,4.95429166666667,12.2084166666667,3.172875,1.40179166666667,22.948375,1
CT-03,CT-03_image-00182,image-00182.tiff,8,1.20079166666667,4.95441666666667,12.178125,3.23108333333333,1.40504166666667,22.9715833333333,1
CT-03,CT-03_image-00182,image-00182.tiff,9,1.20533333333333,4.95233333333333,12.4567916666667,3.25679166666667,1.41195833333333,23.2855,1
CT-03,CT-03_image-00182,image-00182.tiff,10,1.22366666666667,4.97070833333333,12.422375,3.23433333333333,1.40475,23.2580416666667,1
CT-03,CT-03_image-00205,image-00205.tiff,1,1.29279166666667,5.14770833333333,12.9163333333333,3.39208333333333,1.51525,24.2700833333333,1
CT-03,CT-03_image-00205,image-00205.tiff,2,1.219875,4.950125,13.1029583333333,3.28066666666667,1.529625,24.0870833333333,1
CT-03,CT-03_image-00205,image-00205.tiff,3,1.42895833333333,4.96720833333333,13.02325,3.41291666666667,1.44225,24.2784583333333,1
CT-03,CT-03_image-00205,image-00205.tiff,4,1.250625,4.97175,12.8740416666667,3.26391666666667,1.42025,23.7837083333333,1
CT-03,CT-03_image-00205,image-00205.tiff,5,1.214125,4.9635,12.984,3.3965,1.40379166666667,23.964375,1
CT-03,CT-03_image-00205,image-00205.tiff,6,1.20620833333333,4.93495833333333,13.004625,3.28420833333333,1.41045833333333,23.842875,1
CT-03,CT-03_image-00205,image-00205.tiff,7,1.23075,4.95941666666667,12.8364166666667,3.26266666666667,1.453125,23.744625,1
CT-03,CT-03_image-00205,image-00205.tiff,8,1.21570833333333,4.957375,12.915,3.274625,1.39791666666667,23.7626666666667,1
CT-03,CT-03_image-00205,image-00205.tiff,9,1.205375,4.94554166666667,12.8884583333333,3.24675,1.40979166666667,23.6980833333333,1
CT-03,CT-03_image-00205,image-00205.tiff,10,1.22208333333333,4.934625,12.87625,3.26295833333333,1.409625,23.7074583333333,1
CT-03,CT-03_image-00216,image-00216.tiff,1,1.21608333333333,4.9575,12.943625,3.55254166666667,1.56529166666667,24.2389583333333,1
CT-03,CT-03_image-00216,image-00216.tiff,2,1.214875,4.95966666666667,13.0406666666667,3.22375,1.428875,23.8725,1
CT-03,CT-03_image-00216,image-00216.tiff,3,1.22883333333333,5.01333333333333,12.9603333333333,3.35758333333333,1.487375,24.0519583333333,1
CT-03,CT-03_image-00216,image-00216.tiff,4,1.22620833333333,4.92866666666667,12.4210416666667,3.29195833333333,1.41691666666667,23.288,1
CT-03,CT-03_image-00216,image-00216.tiff,5,1.21666666666667,4.925875,12.741875,3.28025,1.416625,23.583875,1
CT-03,CT-03_image-00216,image-00216.tiff,6,1.21354166666667,4.967875,12.6115833333333,3.32341666666667,1.41245833333333,23.531375,1
CT-03,CT-03_image-00216,image-00216.tiff,7,1.2335,4.91795833333333,12.6754166666667,3.27616666666667,1.40379166666667,23.509125,1
CT-03,CT-03_image-00216,image-00216.tiff,8,1.210375,4.92558333333333,12.5807916666667,3.323875,1.40329166666667,23.44625,1
CT-03,CT-03_image-00216,image-00216.tiff,9,1.21254166666667,4.94483333333333,12.8009166666667,3.24791666666667,1.404125,23.6125833333333,1
CT-03,CT-03_image-00216,image-00216.tiff,10,1.21558333333333,4.91316666666667,12.6045833333333,3.27629166666667,1.39479166666667,23.4065,1
CT-03,CT-03_image-00239,image-00239.tiff,1,1.412,4.94975,12.6644583333333,3.44645833333333,1.499375,23.9748333333333,1
CT-03,CT-03_image-00239,image-00239.tiff,2,1.25483333333333,5.19970833333333,12.9434166666667,3.19041666666667,1.60529166666667,24.2032916666667,1
CT-03,CT-03_image-00239,image-00239.tiff,3,1.236125,4.96179166666667,12.63575,3.15179166666667,1.460375,23.4503333333333,1
CT-03,CT-03_image-00239,image-00239.tiff,4,1.22779166666667,4.94070833333333,12.43125,3.218625,1.41125,23.232625,1
CT-03,CT-03_image-00239,image-00239.tiff,5,1.217125,4.913125,12.3330416666667,3.16254166666667,1.41304166666667,23.04175,1
CT-03,CT-03_image-00239,image-00239.tiff,6,1.20741666666667,4.926,12.5389583333333,3.18325,1.404625,23.2624583333333,1
CT-03,CT-03_image-00239,image-00239.tiff,7,1.20908333333333,4.931125,12.4225,3.17783333333333,1.401625,23.1445,1
CT-03,CT-03_image-00239,image-00239.tiff,8,1.216375,4.91333333333333,12.4092083333333,3.168,1.40770833333333,23.11675,1
CT-03,CT-03_image-00239,image-00239.tiff,9,1.21,4.93108333333333,12.1072083333333,3.17483333333333,1.4125,22.8378333333333,1
CT-03,CT-03_image-00239,image-00239.tiff,10,1.219125,4.90308333333333,12.3855833333333,3.17425,1.40775,23.0917083333333,1
CT-03,CT-03_image-00250,image-00250.tiff,1,1.21558333333333,4.93833333333333,12.6133333333333,3.281125,1.41645833333333,23.4673333333333,1
CT-03,CT-03_image-00250,image-00250.tiff,2,1.21279166666667,4.92016666666667,12.8959166666667,3.448625,1.5,23.9814583333333,1
CT-03,CT-03_image-00250,image-00250.tiff,3,1.23070833333333,4.99370833333333,12.758875,3.323875,1.494375,23.8061666666667,1
CT-03,CT-03_image-00250,image-00250.tiff,4,1.22629166666667,4.96633333333333,12.8616666666667,3.45316666666667,1.517,24.0282916666667,1
CT-03,CT-03_image-00250,image-00250.tiff,5,1.23495833333333,4.93220833333333,12.8399166666667,3.42983333333333,1.4325,23.8724583333333,1
CT-03,CT-03_image-00250,image-00250.tiff,6,1.21716666666667,4.92679166666667,12.92725,3.47720833333333,1.41316666666667,23.9642916666667,1
CT-03,CT-03_image-00250,image-00250.tiff,7,1.221125,4.92870833333333,12.938125,3.47029166666667,1.402375,23.963,1
CT-03,CT-03_image-00250,image-00250.tiff,8,1.21383333333333,4.91975,13.1970833333333,3.47033333333333,1.4305,24.2335833333333,1
CT-03,CT-03_image-00250,image-00250.tiff,9,1.20291666666667,4.96579166666667,12.4434583333333,3.13404166666667,1.44079166666667,23.1899583333333,1
CT-03,CT-03_image-00250,image-00250.tiff,10,1.21483333333333,4.93025,12.4825833333333,3.15695833333333,1.41125,23.1984583333333,1
CT-03,CT-03_image-00273,image-00273.tiff,1,1.24141666666667,5.032625,12.812875,3.48366666666667,1.42729166666667,24.0011666666667,1
CT-03,CT-03_image-00273,image-00273.tiff,2,1.22375,4.963,12.60975,3.44808333333333,1.47445833333333,23.721875,1
CT-03,CT-03_image-00273,image-00273.tiff,3,1.226,4.98220833333333,13.41275,3.11375,1.64220833333333,24.38175,1
CT-03,CT-03_image-00273,image-00273.tiff,4,1.23570833333333,5.01075,12.731125,3.455875,1.47816666666667,23.9172083333333,1
CT-03,CT-03_image-00273,image-00273.tiff,5,1.21925,4.95195833333333,12.406375,3.17525,1.45470833333333,23.2111666666667,1
CT-03,CT-03_image-00273,image-00273.tiff,6,1.21833333333333,4.920625,12.5073333333333,3.16441666666667,1.42741666666667,23.2408333333333,1
CT-03,CT-03_image-00273,image-00273.tiff,7,1.21833333333333,4.92641666666667,12.436625,3.17720833333333,1.42004166666667,23.1811666666667,1
CT-03,CT-03_image-00273,image-00273.tiff,8,1.21495833333333,4.91770833333333,12.5535833333333,3.13916666666667,1.39570833333333,23.2234166666667,1
CT-03,CT-03_image-00273,image-00273.tiff,9,1.21666666666667,4.91408333333333,12.6217083333333,3.15070833333333,1.40433333333333,23.3098333333333,1
CT-03,CT-03_image-00273,image-00273.tiff,10,1.21391666666667,4.92391666666667,12.48075,3.166375,1.4105,23.1975,1
CT-03,CT-03_image-00284,image-00284.tiff,1,1.20975,4.92333333333333,12.4097083333333,3.237625,1.41558333333333,23.1985416666667,1
CT-03,CT-03_image-00284,image-00284.tiff,2,1.21229166666667,4.92675,12.3273333333333,3.281375,1.405625,23.1557083333333,1
CT-03,CT-03_image-00284,image-00284.tiff,3,1.21070833333333,4.92379166666667,12.2087083333333,3.316,1.49466666666667,23.1561666666667,1
CT-03,CT-03_image-00284,image-00284.tiff,4,1.23920833333333,8.967625,46.7940833333333,3.35425,2.521,62.896,1
CT-03,CT-03_image-00284,image-00284.tiff,5,1.29391666666667,5.11179166666667,13.1017083333333,3.31375,1.67766666666667,24.5070416666667,1
CT-03,CT-03_image-00284,image-00284.tiff,6,1.26454166666667,5.09145833333333,13.1519166666667,3.36104166666667,1.66383333333333,24.5404583333333,1
CT-03,CT-03_image-00284,image-00284.tiff,7,1.28779166666667,5.16283333333333,12.8995,3.35979166666667,1.59620833333333,24.3125,1
CT-03,CT-03_image-00284,image-00284.tiff,8,1.27716666666667,5.054875,12.984375,3.19108333333333,1.4905,24.0030416666667,1
CT-03,CT-03_image-00284,image-00284.tiff,9,1.47995833333333,5.10566666666667,12.5770833333333,3.179125,1.48229166666667,23.8280416666667,1
CT-03,CT-03_image-00284,image-00284.tiff,10,1.25045833333333,5.03470833333333,12.3335,3.15108333333333,1.56133333333333,23.3359166666667,1
CT-03,CT-03_image-00307,image-00307.tiff,1,1.26191666666667,5.16466666666667,12.7307916666667,3.29333333333333,1.42254166666667,23.8764166666667,1
CT-03,CT-03_image-00307,image-00307.tiff,2,1.24516666666667,4.95666666666667,12.9642916666667,3.44229166666667,1.57220833333333,24.1849583333333,1
CT-03,CT-03_image-00307,image-00307.tiff,3,1.31595833333333,5.00883333333333,12.8759583333333,3.33458333333333,1.48595833333333,24.0278333333333,1
CT-03,CT-03_image-00307,image-00307.tiff,4,1.25891666666667,4.928,12.651125,3.27554166666667,1.44104166666667,23.5580833333333,1
CT-03,CT-03_image-00307,image-00307.tiff,5,1.23666666666667,5.01741666666667,12.6455,3.26704166666667,1.45591666666667,23.6264166666667,1
CT-03,CT-03_image-00307,image-00307.tiff,6,1.24354166666667,4.96654166666667,12.6665,3.28820833333333,1.41433333333333,23.5819583333333,1
CT-03,CT-03_image-00307,image-00307.tiff,7,1.2185,4.93416666666667,12.5220416666667,3.32433333333333,1.40620833333333,23.4075833333333,1
CT-03,CT-03_image-00307,image-00307.tiff,8,1.22745833333333,4.99366666666667,12.8079166666667,3.31691666666667,1.43795833333333,23.786875,1
CT-03,CT-03_image-00307,image-00307.tiff,9,1.27754166666667,4.95270833333333,12.7215416666667,3.316875,1.41466666666667,23.6858333333333,1
CT-03,CT-03_image-00307,image-00307.tiff,10,1.24175,4.92316666666667,12.7082083333333,3.296875,1.39908333333333,23.5715,1
CT-03,CT-03_image-00318,image-00318.tiff,1,1.22525,4.91141666666667,12.5104166666667,3.33266666666667,1.41566666666667,23.3981666666667,1
CT-03,CT-03_image-00318,image-00318.tiff,2,1.22183333333333,4.9055,12.48975,3.28954166666667,1.40379166666667,23.3126666666667,1
CT-03,CT-03_image-00318,image-00318.tiff,3,1.2205,4.92420833333333,12.91125,3.39041666666667,1.65445833333333,24.1044583333333,1
CT-03,CT-03_image-00318,image-00318.tiff,4,1.23404166666667,4.95141666666667,12.8164166666667,3.2775,1.43433333333333,23.7184166666667,1
CT-03,CT-03_image-00318,image-00318.tiff,5,1.21429166666667,4.95354166666667,12.433125,3.194875,1.48829166666667,23.2885,1
CT-03,CT-03_image-00318,image-00318.tiff,6,1.23079166666667,4.95470833333333,12.4987916666667,3.19225,1.4305,23.310375,1
CT-03,CT-03_image-00318,image-00318.tiff,7,1.42595833333333,4.96720833333333,12.5293333333333,3.17783333333333,1.42670833333333,23.5311666666667,1
CT-03,CT-03_image-00318,image-00318.tiff,8,1.21604166666667,4.94345833333333,12.4862916666667,3.23970833333333,1.40308333333333,23.29125,1
CT-03,CT-03_image-00318,image-00318.tiff,9,1.2045,4.93529166666667,12.4114166666667,3.10083333333333,1.46195833333333,23.1170833333333,1
CT-03,CT-03_image-00318,image-00318.tiff,10,1.21816666666667,4.94370833333333,12.6547916666667,3.17545833333333,1.42291666666667,23.418,1
CT-03,CT-03_image-00341,image-00341.tiff,1,1.2235,4.95504166666667,12.8662083333333,3.32875,1.40529166666667,23.78125,1
CT-03,CT-03_image-00341,image-00341.tiff,2,1.21175,4.917625,13.214625,3.38845833333333,1.40495833333333,24.1396666666667,1
CT-03,CT-03_image-00341,image-00341.tiff,3,1.211625,4.91929166666667,12.779875,3.39745833333333,1.58829166666667,23.8992916666667,1
CT-03,CT-03_image-00341,image-00341.tiff,4,1.27591666666667,5.09304166666667,12.7757916666667,3.25795833333333,1.5105,23.92025,1
CT-03,CT-03_image-00341,image-00341.tiff,5,1.21925,4.99308333333333,12.9757916666667,3.421875,1.499375,24.11425,1
CT-03,CT-03_image-00341,image-00341.tiff,6,1.22479166666667,4.98416666666667,12.6858333333333,3.24929166666667,1.4335,23.5808333333333,1
CT-03,CT-03_image-00341,image-00341.tiff,7,1.216375,4.95854166666667,12.5506666666667,3.23283333333333,1.41983333333333,23.3810416666667,1
CT-03,CT-03_image-00341,image-00341.tiff,8,1.220875,4.940375,12.7107916666667,3.24295833333333,1.42608333333333,23.5437083333333,1
CT-03,CT-03_image-00341,image-00341.tiff,9,1.212875,4.937625,12.7125833333333,3.2555,1.40704166666667,23.52775,1
CT-03,CT-03_image-00341,image-00341.tiff,10,1.20704166666667,4.94725,12.5956666666667,3.2625,1.3975,23.4122083333333,1
CT-03,CT-03_image-00352,image-00352.tiff,1,1.22091666666667,4.94245833333333,12.5574166666667,3.30020833333333,1.46420833333333,23.4875416666667,1
CT-03,CT-03_image-00352,image-00352.tiff,2,1.21033333333333,4.95383333333333,12.8092916666667,3.39120833333333,1.421375,23.7891666666667,1
CT-03,CT-03_image-00352,image-00352.tiff,3,1.219625,4.97979166666667,12.465625,3.113625,1.48045833333333,23.2630416666667,1
CT-03,CT-03_image-00352,image-00352.tiff,4,1.26583333333333,5.07770833333333,13.8767083333333,3.36983333333333,3.55120833333333,27.164625,1
CT-03,CT-03_image-00352,image-00352.tiff,5,1.61804166666667,5.14775,13.5725,3.53233333333333,4.1755,28.06125,1
CT-03,CT-03_image-00352,image-00352.tiff,6,2.71958333333333,5.14645833333333,14.1407083333333,7.27279166666667,1.77191666666667,31.102875,1
CT-03,CT-03_image-00352,image-00352.tiff,7,1.27970833333333,5.15870833333333,14.972625,3.39408333333333,2.85691666666667,27.7662083333333,1
CT-03,CT-03_image-00352,image-00352.tiff,8,2.23216666666667,5.15058333333333,12.97375,3.240375,1.639625,25.24425,1
CT-03,CT-03_image-00352,image-00352.tiff,9,1.262,5.07595833333333,12.886625,3.24270833333333,1.593375,24.0667083333333,1
CT-03,CT-03_image-00352,image-00352.tiff,10,1.257,4.99141666666667,12.8751666666667,3.15291666666667,1.46658333333333,23.747375,1
CT-03,CT-03_image-00375,image-00375.tiff,1,1.22925,4.983,12.7349166666667,3.19545833333333,1.4185,23.564125,1
CT-03,CT-03_image-00375,image-00375.tiff,2,1.22216666666667,4.944375,12.7692916666667,3.31858333333333,1.46375,23.7215,1
CT-03,CT-03_image-00375,image-00375.tiff,3,1.23779166666667,4.96604166666667,12.6431666666667,3.24008333333333,1.5705,23.6607916666667,1
CT-03,CT-03_image-00375,image-00375.tiff,4,1.28370833333333,5.094375,12.8958333333333,3.332625,1.60341666666667,24.2172083333333,1
CT-03,CT-03_image-00375,image-00375.tiff,5,1.22583333333333,4.93095833333333,12.8947083333333,3.21983333333333,1.430875,23.7057083333333,1
CT-03,CT-03_image-00375,image-00375.tiff,6,1.21808333333333,4.93666666666667,12.4568333333333,3.16270833333333,1.42654166666667,23.203375,1
CT-03,CT-03_image-00375,image-00375.tiff,7,1.22445833333333,4.96958333333333,12.587,3.19908333333333,1.45191666666667,23.4342916666667,1
CT-03,CT-03_image-00375,image-00375.tiff,8,1.21045833333333,4.94370833333333,12.571,3.181,1.39875,23.307,1
CT-03,CT-03_image-00375,image-00375.tiff,9,1.20916666666667,4.93208333333333,12.6969166666667,3.20229166666667,1.41029166666667,23.4525416666667,1
CT-03,CT-03_image-00375,image-00375.tiff,10,1.204,4.91833333333333,12.64025,3.230625,1.39904166666667,23.3940416666667,1
CT-03,CT-03_image-00386,image-00386.tiff,1,1.21266666666667,4.94825,12.8268333333333,3.20875,1.410375,23.6095,1
CT-03,CT-03_image-00386,image-00386.tiff,2,1.21304166666667,4.93608333333333,12.6370416666667,3.22941666666667,1.3965,23.414375,1
CT-03,CT-03_image-00386,image-00386.tiff,3,1.40079166666667,4.945875,12.6470833333333,3.22041666666667,1.40483333333333,23.6213333333333,1
CT-03,CT-03_image-00386,image-00386.tiff,4,1.19908333333333,4.93341666666667,12.6745416666667,3.35908333333333,1.5505,23.7200833333333,1
CT-03,CT-03_image-00386,image-00386.tiff,5,1.226625,4.976125,13.243375,3.427625,1.64866666666667,24.5267083333333,1
CT-03,CT-03_image-00386,image-00386.tiff,6,1.24695833333333,4.94608333333333,12.95775,3.384375,1.44525,23.9844166666667,1
CT-03,CT-03_image-00386,image-00386.tiff,7,1.21316666666667,4.944625,12.7269583333333,3.37508333333333,1.406375,23.6685416666667,1
CT-03,CT-03_image-00386,image-00386.tiff,8,1.204375,4.956875,12.7624583333333,3.314375,1.40491666666667,23.6450833333333,1
CT-03,CT-03_image-00386,image-00386.tiff,9,1.213375,4.94733333333333,12.5445833333333,3.32979166666667,1.404125,23.4412083333333,1
CT-03,CT-03_image-00386,image-00386.tiff,10,1.2105,4.93516666666667,12.4739583333333,3.23554166666667,1.402375,23.2595,1
CT-03,CT-03_image-00398,image-00398.tiff,1,1.23270833333333,5.02191666666667,12.8235833333333,3.29175,1.527625,23.900375,1
CT-03,CT-03_image-00398,image-00398.tiff,2,1.21466666666667,5.00695833333333,12.6319583333333,3.21216666666667,1.458875,23.527625,1
CT-03,CT-03_image-00398,image-00398.tiff,3,1.215875,4.92504166666667,12.4635,3.12641666666667,1.42054166666667,23.1540833333333,1
CT-03,CT-03_image-00398,image-00398.tiff,4,1.22483333333333,4.9145,12.681875,3.18970833333333,1.41283333333333,23.4259166666667,1
CT-03,CT-03_image-00398,image-00398.tiff,5,1.21354166666667,4.93758333333333,13.5179583333333,3.40745833333333,1.688625,24.769,1
CT-03,CT-03_image-00398,image-00398.tiff,6,1.23470833333333,4.98870833333333,13.0362916666667,3.32883333333333,1.48370833333333,24.0763333333333,1
CT-03,CT-03_image-00398,image-00398.tiff,7,1.222375,4.97370833333333,12.896,3.25454166666667,1.424625,23.7739583333333,1
CT-03,CT-03_image-00398,image-00398.tiff,8,1.20545833333333,4.96066666666667,12.5750833333333,3.248,1.41258333333333,23.4041666666667,1
CT-03,CT-03_image-00398,image-00398.tiff,9,1.2105,4.9545,12.6620416666667,3.223625,1.39995833333333,23.4528333333333,1
CT-03,CT-03_image-00398,image-00398.tiff,10,1.20670833333333,4.94920833333333,12.6065416666667,3.14166666666667,1.39425,23.3006666666667,1
CT-03,CT-03_image-00409,image-00409.tiff,1,1.47425,4.980125,12.6895,3.308875,1.47875,23.9356666666667,1
CT-03,CT-03_image-00409,image-00409.tiff,2,1.21795833333333,4.94858333333333,12.6718333333333,3.248625,1.44975,23.539625,1
CT-03,CT-03_image-00409,image-00409.tiff,3,1.20470833333333,4.91529166666667,12.7345,3.25129166666667,1.40166666666667,23.509625,1
CT-03,CT-03_image-00409,image-00409.tiff,4,1.21041666666667,4.90991666666667,12.953,3.27408333333333,1.40783333333333,23.7574166666667,1
CT-03,CT-03_image-00409,image-00409.tiff,5,1.20429166666667,4.9145,12.8234166666667,3.32025,1.40341666666667,23.668125,1
CT-03,CT-03_image-00409,image-00409.tiff,6,1.21208333333333,4.91066666666667,12.77,3.22670833333333,1.40475,23.5263333333333,1
CT-03,CT-03_image-00409,image-00409.tiff,7,1.209625,4.91045833333333,12.6797083333333,3.29791666666667,1.39166666666667,23.491375,1
CT-03,CT-03_image-00409,image-00409.tiff,8,1.20366666666667,4.941875,12.7754166666667,3.29066666666667,1.40204166666667,23.6157083333333,1
CT-03,CT-03_image-00409,image-00409.tiff,9,1.21133333333333,4.92629166666667,12.7625,3.29016666666667,1.40845833333333,23.600875,1
CT-03,CT-03_image-00409,image-00409.tiff,10,1.22008333333333,4.920875,12.6505416666667,3.28779166666667,1.40225,23.483625,1
CT-03,CT-03_image-00420,image-00420.tiff,1,1.23454166666667,4.989875,12.8329583333333,3.46154166666667,1.476125,23.9984583333333,1
CT-03,CT-03_image-00420,image-00420.tiff,2,1.21958333333333,4.95779166666667,12.841375,3.48729166666667,1.41995833333333,23.9285416666667,1
CT-03,CT-03_image-00420,image-00420.tiff,3,1.214125,4.96554166666667,13.0435,3.45558333333333,1.4105,24.0914583333333,1
CT-03,CT-03_image-00420,image-00420.tiff,4,1.20779166666667,4.95025,12.7786666666667,3.36529166666667,1.40308333333333,23.70725,1
CT-03,CT-03_image-00420,image-00420.tiff,5,1.20854166666667,4.97420833333333,12.8233333333333,3.48991666666667,1.407875,23.906125,1
CT-03,CT-03_image-00420,image-00420.tiff,6,1.199875,4.94929166666667,12.89725,3.4255,1.39883333333333,23.8727916666667,1
CT-03,CT-03_image-00420,image-00420.tiff,7,1.20704166666667,4.95308333333333,12.7414166666667,3.292125,1.399625,23.5953333333333,1
CT-03,CT-03_image-00420,image-00420.tiff,8,1.21525,4.93358333333333,12.7235,3.297125,1.40054166666667,23.5718333333333,1
CT-03,CT-03_image-00420,image-00420.tiff,9,1.22391666666667,4.94070833333333,12.773625,3.45004166666667,1.4,23.7901666666667,1
CT-03,CT-03_image-00420,image-00420.tiff,10,1.213125,4.93754166666667,12.6393333333333,3.29416666666667,1.392125,23.4779583333333,1
CT-03,CT-03_image-00432,image-00432.tiff,1,1.21120833333333,4.97158333333333,13.226875,3.43745833333333,1.59945833333333,24.450625,1
CT-03,CT-03_image-00432,image-00432.tiff,2,1.2245,4.93529166666667,12.9274166666667,3.223375,1.488875,23.8030416666667,1
CT-03,CT-03_image-00432,image-00432.tiff,3,1.220625,4.92925,12.632125,3.19575,1.42683333333333,23.4077916666667,1
CT-03,CT-03_image-00432,image-00432.tiff,4,1.21554166666667,4.91204166666667,12.6475833333333,3.501625,1.43758333333333,23.7170833333333,1
CT-03,CT-03_image-00432,image-00432.tiff,5,1.21666666666667,4.92229166666667,13.0144166666667,3.38166666666667,1.41129166666667,23.949,1
CT-03,CT-03_image-00432,image-00432.tiff,6,1.21529166666667,4.91233333333333,12.9450833333333,3.48120833333333,1.40816666666667,23.9644166666667,1
CT-03,CT-03_image-00432,image-00432.tiff,7,1.2165,4.924,13.3444166666667,3.48770833333333,1.410875,24.3855833333333,1
CT-03,CT-03_image-00432,image-00432.tiff,8,1.21679166666667,4.91404166666667,12.9464166666667,3.493125,1.415,23.9874166666667,1
CT-03,CT-03_image-00432,image-00432.tiff,9,1.21270833333333,4.93654166666667,12.9733333333333,3.3085,1.4835,23.9169583333333,1
CT-03,CT-03_image-00432,image-00432.tiff,10,1.22891666666667,4.94345833333333,12.589875,3.08691666666667,1.44116666666667,23.2932083333333,1
CT-03,CT-03_image-00443,image-00443.tiff,1,1.20708333333333,5.11041666666667,12.8975416666667,3.29345833333333,1.6135,24.12775,1
CT-03,CT-03_image-00443,image-00443.tiff,2,1.24108333333333,4.97570833333333,12.9470416666667,3.26525,1.47241666666667,23.9053333333333,1
CT-03,CT-03_image-00443,image-00443.tiff,3,1.22883333333333,4.95666666666667,12.41725,3.37591666666667,1.41108333333333,23.3922083333333,1
CT-03,CT-03_image-00443,image-00443.tiff,4,1.21575,4.94070833333333,12.4841666666667,3.28995833333333,1.39870833333333,23.3315416666667,1
CT-03,CT-03_image-00443,image-00443.tiff,5,1.20741666666667,4.95454166666667,12.5396666666667,3.28979166666667,1.397625,23.391125,1
CT-03,CT-03_image-00443,image-00443.tiff,6,1.216125,4.95616666666667,12.4390416666667,3.27229166666667,1.39570833333333,23.2812083333333,1
CT-03,CT-03_image-00443,image-00443.tiff,7,1.21975,4.94029166666667,12.2950833333333,3.27458333333333,1.39183333333333,23.1234166666667,1
CT-03,CT-03_image-00443,image-00443.tiff,8,1.205125,4.97883333333333,12.5468333333333,3.23583333333333,1.39820833333333,23.3669166666667,1
CT-03,CT-03_image-00443,image-00443.tiff,9,1.41491666666667,4.94475,12.4781666666667,3.24354166666667,1.40320833333333,23.4867083333333,1
CT-03,CT-03_image-00443,image-00443.tiff,10,1.20875,4.93879166666667,12.4002083333333,3.22591666666667,1.40529166666667,23.1810416666667,1
CT-03,CT-03_image-00455,image-00455.tiff,1,1.4245,5.09320833333333,13.3273333333333,3.70758333333333,1.645625,25.207,1
CT-03,CT-03_image-00455,image-00455.tiff,2,1.223625,4.9245,13.1390416666667,3.4575,1.448125,24.19675,1
CT-03,CT-03_image-00455,image-00455.tiff,3,1.21520833333333,4.98425,12.7682083333333,3.357625,1.45283333333333,23.7819583333333,1
CT-03,CT-03_image-00455,image-00455.tiff,4,1.222,4.93575,12.6330416666667,3.341,1.414125,23.5487083333333,1
CT-03,CT-03_image-00455,image-00455.tiff,5,1.21408333333333,4.936625,12.652625,3.24033333333333,1.41266666666667,23.45875,1
CT-03,CT-03_image-00455,image-00455.tiff,6,1.240125,5.04795833333333,12.5244583333333,3.23408333333333,1.41566666666667,23.4644583333333,1
CT-03,CT-03_image-00455,image-00455.tiff,7,1.21433333333333,4.93754166666667,12.5715416666667,3.38175,1.39491666666667,23.5021666666667,1
CT-03,CT-03_image-00455,image-00455.tiff,8,1.23183333333333,4.942125,12.4326666666667,3.377125,1.411375,23.3971666666667,1
CT-03,CT-03_image-00455,image-00455.tiff,9,1.230375,4.936625,12.5560416666667,3.25116666666667,1.400125,23.3764166666667,1
CT-03,CT-03_image-00455,image-00455.tiff,10,1.22204166666667,4.9355,12.6684166666667,3.24370833333333,1.39408333333333,23.4655,1
CT-03,CT-03_image-00466,image-00466.tiff,1,1.22195833333333,4.936375,12.2860416666667,3.41545833333333,1.420625,23.282625,1
CT-03,CT-03_image-00466,image-00466.tiff,2,1.22116666666667,5.02604166666667,13.0746666666667,3.29895833333333,1.56829166666667,24.1933333333333,1
CT-03,CT-03_image-00466,image-00466.tiff,3,1.230125,4.96845833333333,12.6869583333333,3.321625,1.40945833333333,23.6195833333333,1
CT-03,CT-03_image-00466,image-00466.tiff,4,1.26620833333333,5.00341666666667,12.9027083333333,3.35920833333333,1.4335,23.968875,1
CT-03,CT-03_image-00466,image-00466.tiff,5,1.22420833333333,4.9175,12.457125,3.25183333333333,1.409125,23.2621666666667,1
CT-03,CT-03_image-00466,image-00466.tiff,6,1.20158333333333,4.93425,12.71275,3.247125,1.40366666666667,23.501375,1
CT-03,CT-03_image-00466,image-00466.tiff,7,1.43004166666667,4.91866666666667,12.6054583333333,3.31920833333333,1.40275,23.6782916666667,1
CT-03,CT-03_image-00466,image-00466.tiff,8,1.20395833333333,4.93704166666667,12.7875416666667,3.30916666666667,1.40154166666667,23.641125,1
CT-03,CT-03_image-00466,image-00466.tiff,9,1.21204166666667,4.91133333333333,12.7604166666667,3.39483333333333,1.393125,23.6737916666667,1
CT-03,CT-03_image-00466,image-00466.tiff,10,1.2175,4.90658333333333,12.6547916666667,3.38191666666667,1.395375,23.5580833333333,1
CT-03,CT-03_image-00477,image-00477.tiff,1,1.21870833333333,4.92625,13.0100416666667,3.35933333333333,1.40758333333333,23.92425,1
CT-03,CT-03_image-00477,image-00477.tiff,2,1.2175,4.91966666666667,13.0957916666667,3.41295833333333,1.51979166666667,24.1682916666667,1
CT-03,CT-03_image-00477,image-00477.tiff,3,1.25979166666667,5.10229166666667,13.3605,3.50341666666667,1.5265,24.7590416666667,1
CT-03,CT-03_image-00477,image-00477.tiff,4,1.2235,4.9255,12.5625833333333,3.154375,1.43620833333333,23.3053333333333,1
CT-03,CT-03_image-00477,image-00477.tiff,5,1.207125,4.9255,12.1957083333333,3.17679166666667,1.41804166666667,22.9255833333333,1
CT-03,CT-03_image-00477,image-00477.tiff,6,1.2155,4.92795833333333,12.4082916666667,3.12708333333333,1.40545833333333,23.0864583333333,1
CT-03,CT-03_image-00477,image-00477.tiff,7,1.21775,5.01883333333333,12.4892916666667,3.19225,1.47079166666667,23.39275,1
CT-03,CT-03_image-00477,image-00477.tiff,8,1.22870833333333,4.93870833333333,12.4095,3.18783333333333,1.42766666666667,23.195375,1
CT-03,CT-03_image-00477,image-00477.tiff,9,1.21104166666667,4.93825,12.6825833333333,3.137375,1.42291666666667,23.3947916666667,1
CT-03,CT-03_image-00477,image-00477.tiff,10,1.21466666666667,4.93295833333333,12.5405833333333,3.16533333333333,1.419875,23.275625,1
CT-03,CT-03_image-00489,image-00489.tiff,1,1.22458333333333,4.94229166666667,12.896125,3.27675,1.40629166666667,23.7480833333333,1
CT-03,CT-03_image-00489,image-00489.tiff,2,1.213,4.93141666666667,12.5914583333333,3.26704166666667,1.40395833333333,23.408875,1
CT-03,CT-03_image-00489,image-00489.tiff,3,1.20829166666667,4.93579166666667,12.7988333333333,3.32904166666667,1.531,23.8057083333333,1
CT-03,CT-03_image-00489,image-00489.tiff,4,1.32554166666667,5.00304166666667,12.7396666666667,3.20470833333333,1.45779166666667,23.73475,1
CT-03,CT-03_image-00489,image-00489.tiff,5,1.42225,4.94433333333333,13.308875,3.44608333333333,1.48404166666667,24.6087083333333,1
CT-03,CT-03_image-00489,image-00489.tiff,6,1.23225,4.97945833333333,13.230875,3.31058333333333,1.43020833333333,24.186625,1
CT-03,CT-03_image-00489,image-00489.tiff,7,1.20845833333333,4.931125,12.8818333333333,3.29570833333333,1.41654166666667,23.7362083333333,1
CT-03,CT-03_image-00489,image-00489.tiff,8,1.21279166666667,4.93120833333333,12.926375,3.22983333333333,1.4095,23.712125,1
CT-03,CT-03_image-00489,image-00489.tiff,9,1.205375,4.930375,13.0006666666667,3.35445833333333,1.404375,23.8972916666667,1
CT-03,CT-03_image-00489,image-00489.tiff,10,1.21479166666667,4.93154166666667,12.8544166666667,3.35845833333333,1.4185,23.7798333333333,1
CT-03,CT-03_image-00500,image-00500.tiff,1,1.20695833333333,4.95691666666667,12.851125,3.248125,1.41254166666667,23.6777083333333,1
CT-03,CT-03_image-00500,image-00500.tiff,2,1.21958333333333,4.948125,12.845125,3.21941666666667,1.40504166666667,23.6394583333333,1
CT-03,CT-03_image-00500,image-00500.tiff,3,1.22345833333333,4.91525,12.64775,3.25108333333333,1.41195833333333,23.4515833333333,1
CT-03,CT-03_image-00500,image-00500.tiff,4,1.21204166666667,4.98820833333333,13.3832916666667,3.53333333333333,1.57370833333333,24.6940416666667,1
CT-03,CT-03_image-00500,image-00500.tiff,5,1.22379166666667,4.97804166666667,12.30825,3.21383333333333,1.43470833333333,23.1625833333333,1
CT-03,CT-03_image-00500,image-00500.tiff,6,1.231875,5.0035,12.9213333333333,3.26229166666667,1.45,23.8720416666667,1
CT-03,CT-03_image-00500,image-00500.tiff,7,1.223375,4.93625,12.7922083333333,3.34770833333333,1.40341666666667,23.7050833333333,1
CT-03,CT-03_image-00500,image-00500.tiff,8,1.206875,4.930625,13.0674166666667,3.23329166666667,1.41020833333333,23.850375,1
CT-03,CT-03_image-00500,image-00500.tiff,9,1.21429166666667,4.94395833333333,13.0534166666667,3.230875,1.41329166666667,23.8579166666667,1
CT-03,CT-03_image-00500,image-00500.tiff,10,1.20533333333333,4.93591666666667,12.9097083333333,3.24179166666667,1.41054166666667,23.7052083333333,1
MR-01,MR-01_image-00002,image-00002.tiff,1,1.223875,4.944625,10.636,NaN,NaN,16.8099583333333,0
MR-01,MR-01_image-00002,image-00002.tiff,2,1.2275,4.934625,10.5501666666667,NaN,NaN,16.7171666666667,0
MR-01,MR-01_image-00002,image-00002.tiff,3,1.21433333333333,4.93620833333333,10.553125,NaN,NaN,16.7085416666667,0
MR-01,MR-01_image-00002,image-00002.tiff,4,1.21825,4.92695833333333,10.3475,NaN,NaN,16.4974583333333,0
MR-01,MR-01_image-00002,image-00002.tiff,5,1.22075,4.90616666666667,10.7105833333333,NaN,NaN,16.842125,0
MR-01,MR-01_image-00002,image-00002.tiff,6,1.21141666666667,4.91604166666667,10.5450416666667,NaN,NaN,16.67725,0
MR-01,MR-01_image-00002,image-00002.tiff,7,1.42929166666667,5.12979166666667,10.456125,NaN,NaN,17.03875,0
MR-01,MR-01_image-00002,image-00002.tiff,8,1.33475,4.968375,10.5770833333333,NaN,NaN,16.8892916666667,0
MR-01,MR-01_image-00002,image-00002.tiff,9,1.23829166666667,4.93025,10.172125,NaN,NaN,16.350625,0
MR-01,MR-01_image-00002,image-00002.tiff,10,1.26175,4.948625,10.3167916666667,NaN,NaN,16.535125,0
MR-01,MR-01_image-00003,image-00003.tiff,1,1.24258333333333,5.07145833333333,10.2998333333333,NaN,NaN,16.626875,0
MR-01,MR-01_image-00003,image-00003.tiff,2,1.26666666666667,4.944375,10.006375,NaN,NaN,16.2245833333333,0
MR-01,MR-01_image-00003,image-00003.tiff,3,1.22770833333333,5.01020833333333,10.4586666666667,NaN,NaN,16.705375,0
MR-01,MR-01_image-00003,image-00003.tiff,4,1.25241666666667,5.01216666666667,10.6400833333333,NaN,NaN,16.9172083333333,0
MR-01,MR-01_image-00003,image-00003.tiff,5,1.27425,5.09741666666667,10.8496666666667,NaN,NaN,17.233625,0
MR-01,MR-01_image-00003,image-00003.tiff,6,1.27258333333333,4.95779166666667,10.550375,NaN,NaN,16.7870416666667,0
MR-01,MR-01_image-00003,image-00003.tiff,7,1.23775,4.9655,10.5707916666667,NaN,NaN,16.7794583333333,0
MR-01,MR-01_image-00003,image-00003.tiff,8,1.22625,4.940875,10.60575,NaN,NaN,16.7779166666667,0
MR-01,MR-01_image-00003,image-00003.tiff,9,1.225375,4.92616666666667,10.4974583333333,NaN,NaN,16.6539583333333,0
MR-01,MR-01_image-00003,image-00003.tiff,10,1.21425,4.92720833333333,10.5295,NaN,NaN,16.6756666666667,0
MR-01,MR-01_image-00004,image-00004.tiff,1,1.21625,5.00229166666667,10.6759583333333,NaN,NaN,16.909125,0
MR-01,MR-01_image-00004,image-00004.tiff,2,1.30891666666667,5.13345833333333,10.4087083333333,NaN,NaN,16.86675,0
MR-01,MR-01_image-00004,image-00004.tiff,3,1.276375,4.95529166666667,10.385,NaN,NaN,16.62675,0
MR-01,MR-01_image-00004,image-00004.tiff,4,1.26133333333333,4.95354166666667,10.5039583333333,NaN,NaN,16.7262083333333,0
MR-01,MR-01_image-00004,image-00004.tiff,5,1.27266666666667,4.95258333333333,10.306875,NaN,NaN,16.5378333333333,0
MR-01,MR-01_image-00004,image-00004.tiff,6,1.22691666666667,4.962375,10.2632916666667,NaN,NaN,16.458,0
MR-01,MR-01_image-00004,image-00004.tiff,7,1.22291666666667,4.936625,10.0697916666667,NaN,NaN,16.2350416666667,0
MR-01,MR-01_image-00004,image-00004.tiff,8,1.22504166666667,4.93175,10.2465833333333,NaN,NaN,16.4083333333333,0
MR-01,MR-01_image-00004,image-00004.tiff,9,1.2285,4.909,9.88258333333333,NaN,NaN,16.0250416666667,0
MR-01,MR-01_image-00004,image-00004.tiff,10,1.22625,4.931375,10.0624166666667,NaN,NaN,16.225,0
MR-01,MR-01_image-00005,image-00005.tiff,1,1.26983333333333,4.94283333333333,10.9995833333333,NaN,NaN,17.2170833333333,0
MR-01,MR-01_image-00005,image-00005.tiff,2,1.23295833333333,4.92829166666667,10.0044166666667,NaN,NaN,16.1705416666667,0
MR-01,MR-01_image-00005,image-00005.tiff,3,1.22083333333333,4.93329166666667,10.3063333333333,NaN,NaN,16.4680416666667,0
MR-01,MR-01_image-00005,image-00005.tiff,4,1.24066666666667,4.933625,10.2957916666667,NaN,NaN,16.4763333333333,0
MR-01,MR-01_image-00005,image-00005.tiff,5,1.235125,4.95858333333333,10.247875,NaN,NaN,16.446875,0
MR-01,MR-01_image-00005,image-00005.tiff,6,1.22233333333333,4.949,10.2007083333333,NaN,NaN,16.3774166666667,0
MR-01,MR-01_image-00005,image-00005.tiff,7,1.23370833333333,4.939875,10.214875,NaN,NaN,16.3936666666667,0
MR-01,MR-01_image-00005,image-00005.tiff,8,1.27029166666667,5.14808333333333,10.2235416666667,NaN,NaN,16.656,0
MR-01,MR-01_image-00005,image-00005.tiff,9,1.303,4.96391666666667,10.6844166666667,NaN,NaN,16.96,0
MR-01,MR-01_image-00005,image-00005.tiff,10,1.24241666666667,4.92091666666667,10.1335833333333,NaN,NaN,16.302375,0
MR-01,MR-01_image-00006,image-00006.tiff,1,1.23695833333333,4.97008333333333,22.4999166666667,3.216,1.42766666666667,33.3534166666667,1
MR-01,MR-01_image-00006,image-00006.tiff,2,1.21254166666667,5.12741666666667,22.3767083333333,3.344625,1.624125,33.6929583333333,1
MR-01,MR-01_image-00006,image-00006.tiff,3,1.23554166666667,4.978125,22.079625,3.3915,1.47520833333333,33.1639166666667,1
MR-01,MR-01_image-00006,image-00006.tiff,4,1.22070833333333,4.92958333333333,22.381375,3.331375,1.42654166666667,33.2923333333333,1
MR-01,MR-01_image-00006,image-00006.tiff,5,1.23370833333333,4.933625,22.2214583333333,3.3635,1.41333333333333,33.1679166666667,1
MR-01,MR-01_image-00006,image-00006.tiff,6,1.22404166666667,4.937125,22.1234583333333,3.26970833333333,1.40070833333333,32.95725,1
MR-01,MR-01_image-00006,image-00006.tiff,7,1.216,4.95358333333333,22.2088333333333,3.364875,1.403875,33.1492083333333,1
MR-01,MR-01_image-00006,image-00006.tiff,8,1.2115,4.95983333333333,22.2047083333333,3.351625,1.414875,33.1445416666667,1
MR-01,MR-01_image-00006,image-00006.tiff,9,1.220125,4.95116666666667,22.1494583333333,3.3315,1.40895833333333,33.0632916666667,1
MR-01,MR-01_image-00006,image-00006.tiff,10,1.214625,4.958875,21.7930416666667,3.311125,1.420375,32.7000416666667,1
MR-01,MR-01_image-00007,image-00007.tiff,1,1.215875,4.95104166666667,21.3702916666667,3.1745,1.431375,32.1454166666667,1
MR-01,MR-01_image-00007,image-00007.tiff,2,1.25325,5.03145833333333,21.5430416666667,3.20841666666667,1.48520833333333,32.5244583333333,1
MR-01,MR-01_image-00007,image-00007.tiff,3,1.21675,4.95395833333333,21.4090833333333,3.36145833333333,1.47633333333333,32.421875,1
MR-01,MR-01_image-00007,image-00007.tiff,4,1.245125,5.01604166666667,22.1487083333333,3.28254166666667,1.569125,33.2655,1
MR-01,MR-01_image-00007,image-00007.tiff,5,1.228125,4.95941666666667,21.2074583333333,3.27770833333333,1.53370833333333,32.2098333333333,1
MR-01,MR-01_image-00007,image-00007.tiff,6,1.229,4.93666666666667,21.1899583333333,3.2995,1.451875,32.1099583333333,1
MR-01,MR-01_image-00007,image-00007.tiff,7,1.2365,4.917375,21.0308333333333,3.31770833333333,1.41275,31.91775,1
MR-01,MR-01_image-00007,image-00007.tiff,8,1.220625,4.90895833333333,21.231125,3.2995,1.411375,32.073875,1
MR-01,MR-01_image-00007,image-00007.tiff,9,1.219,4.904125,21.0482916666667,3.266,1.41029166666667,31.84975,1
MR-01,MR-01_image-00007,image-00007.tiff,10,1.45333333333333,4.98808333333333,21.7550833333333,3.164875,1.47733333333333,32.8432083333333,1
MR-01,MR-01_image-00008,image-00008.tiff,1,1.20883333333333,5.130125,21.135625,3.26375,1.667125,32.411375,1
MR-01,MR-01_image-00008,image-00008.tiff,2,1.24054166666667,4.9585,21.5130416666667,3.35645833333333,1.488,32.5603333333333,1
MR-01,MR-01_image-00008,image-00008.tiff,3,1.22758333333333,4.9285,21.7751666666667,3.35566666666667,1.43316666666667,32.7229166666667,1
MR-01,MR-01_image-00008,image-00008.tiff,4,1.21266666666667,4.92579166666667,22.06975,3.335,1.41208333333333,32.95775,1
MR-01,MR-01_image-00008,image-00008.tiff,5,1.22033333333333,4.908,21.8273333333333,3.39683333333333,1.41016666666667,32.764875,1
MR-01,MR-01_image-00008,image-00008.tiff,6,1.20916666666667,4.90575,21.5055,3.32966666666667,1.41275,32.3648333333333,1
MR-01,MR-01_image-00008,image-00008.tiff,7,1.24254166666667,5.01070833333333,21.5907916666667,3.394625,1.4395,32.680125,1
MR-01,MR-01_image-00008,image-00008.tiff,8,1.22745833333333,4.93208333333333,21.646875,3.322375,1.398625,32.529375,1
MR-01,MR-01_image-00008,image-00008.tiff,9,1.22516666666667,4.92975,21.6263333333333,3.258375,1.40304166666667,32.4444166666667,1
MR-01,MR-01_image-00008,image-00008.tiff,10,1.21941666666667,4.905,21.326625,3.42883333333333,1.39341666666667,32.2750833333333,1
MR-01,MR-01_image-00009,image-00009.tiff,1,1.21379166666667,4.9125,21.5956666666667,3.36875,1.40829166666667,32.5012916666667,1
MR-01,MR-01_image-00009,image-00009.tiff,2,1.20958333333333,4.91825,21.3860833333333,3.3995,1.50625,32.4223333333333,1
MR-01,MR-01_image-00009,image-00009.tiff,3,1.28141666666667,4.94241666666667,21.59175,3.32941666666667,1.62345833333333,32.7746666666667,1
MR-01,MR-01_image-00009,image-00009.tiff,4,1.21920833333333,5.00870833333333,21.1416666666667,3.26645833333333,1.47195833333333,32.1127083333333,1
MR-01,MR-01_image-00009,image-00009.tiff,5,1.2265,5.02908333333333,21.0986666666667,3.34133333333333,1.44295833333333,32.1416666666667,1
MR-01,MR-01_image-00009,image-00009.tiff,6,1.26879166666667,4.98175,20.9164583333333,3.38133333333333,1.41479166666667,31.96575,1
MR-01,MR-01_image-00009,image-00009.tiff,7,1.23795833333333,4.95029166666667,21.156,3.22470833333333,1.44141666666667,32.0130416666667,1
MR-01,MR-01_image-00009,image-00009.tiff,8,1.42775,4.94933333333333,20.7314166666667,3.341125,1.4235,31.8757083333333,1
MR-01,MR-01_image-00009,image-00009.tiff,9,1.212625,4.96725,21.0585,3.33070833333333,1.41375,31.9852083333333,1
MR-01,MR-01_image-00009,image-00009.tiff,10,1.218,4.96379166666667,20.9034166666667,3.28533333333333,1.41,31.7826666666667,1
MR-01,MR-01_image-00010,image-00010.tiff,1,1.228125,4.92745833333333,20.8973333333333,3.32120833333333,1.45095833333333,31.828375,1
MR-01,MR-01_image-00010,image-00010.tiff,2,1.21083333333333,4.96966666666667,20.5599166666667,3.277125,1.41566666666667,31.43575,1
MR-01,MR-01_image-00010,image-00010.tiff,3,1.22575,4.976625,20.364125,3.287,1.42041666666667,31.2760833333333,1
MR-01,MR-01_image-00010,image-00010.tiff,4,1.216375,4.92129166666667,20.7140416666667,3.28033333333333,1.40441666666667,31.5385416666667,1
MR-01,MR-01_image-00010,image-00010.tiff,5,1.21970833333333,4.911125,20.5185416666667,3.27908333333333,1.40570833333333,31.3362083333333,1
MR-01,MR-01_image-00010,image-00010.tiff,6,1.20904166666667,4.90304166666667,20.596625,3.28541666666667,1.398875,31.3949166666667,1
MR-01,MR-01_image-00010,image-00010.tiff,7,1.21229166666667,4.91533333333333,20.417,3.27175,1.40516666666667,31.2234166666667,1
MR-01,MR-01_image-00010,image-00010.tiff,8,1.215375,4.96433333333333,20.6864583333333,3.36054166666667,1.45745833333333,31.6875833333333,1
MR-01,MR-01_image-00010,image-00010.tiff,9,1.23304166666667,4.94279166666667,19.2660416666667,3.27058333333333,1.42179166666667,30.1369583333333,1
MR-01,MR-01_image-00010,image-00010.tiff,10,1.22604166666667,4.93345833333333,19.4606666666667,3.239625,1.41808333333333,30.280375,1
MR-01,MR-01_image-00011,image-00011.tiff,1,1.28275,4.96183333333333,18.98175,3.17658333333333,1.415375,29.8207916666667,1
MR-01,MR-01_image-00011,image-00011.tiff,2,1.20991666666667,4.9335,19.276625,3.229375,1.485625,30.1372916666667,1
MR-01,MR-01_image-00011,image-00011.tiff,3,1.24166666666667,4.971875,19.5542083333333,3.44395833333333,1.64079166666667,30.8589166666667,1
MR-01,MR-01_image-00011,image-00011.tiff,4,1.243625,4.97583333333333,19.6405,3.35891666666667,1.442875,30.6656666666667,1
MR-01,MR-01_image-00011,image-00011.tiff,5,1.21904166666667,4.93670833333333,18.7851666666667,3.19808333333333,1.42333333333333,29.5647916666667,1
MR-01,MR-01_image-00011,image-00011.tiff,6,1.43991666666667,4.96379166666667,19.6785,3.26966666666667,1.44541666666667,30.8005,1
MR-01,MR-01_image-00011,image-00011.tiff,7,1.22766666666667,4.93716666666667,20.0891666666667,3.25525,1.41941666666667,30.9311666666667,1
MR-01,MR-01_image-00011,image-00011.tiff,8,1.212375,4.95333333333333,19.5824166666667,3.24308333333333,1.42258333333333,30.4160833333333,1
MR-01,MR-01_image-00011,image-00011.tiff,9,1.213,4.927625,19.7639583333333,3.25733333333333,1.400125,30.5643333333333,1
MR-01,MR-01_image-00011,image-00011.tiff,10,1.21070833333333,4.92679166666667,19.69,3.21729166666667,1.41083333333333,30.45775,1
MR-01,MR-01_image-00012,image-00012.tiff,1,1.34266666666667,5.03,20.2464166666667,3.52783333333333,1.54033333333333,31.69325,1
MR-01,MR-01_image-00012,image-00012.tiff,2,1.23283333333333,4.95683333333333,20.0110416666667,3.42495833333333,1.44608333333333,31.0746666666667,1
MR-01,MR-01_image-00012,image-00012.tiff,3,1.22308333333333,4.938875,19.9164166666667,3.43645833333333,1.42558333333333,30.94275,1
MR-01,MR-01_image-00012,image-00012.tiff,4,1.21,4.98295833333333,19.8920416666667,3.41554166666667,1.42008333333333,30.9230416666667,1
MR-01,MR-01_image-00012,image-00012.tiff,5,1.22075,4.95025,19.9392916666667,3.29404166666667,1.40970833333333,30.8161666666667,1
MR-01,MR-01_image-00012,image-00012.tiff,6,1.21533333333333,4.92245833333333,19.9399166666667,3.285625,1.399375,30.764625,1
MR-01,MR-01_image-00012,image-00012.tiff,7,1.227,4.91095833333333,19.7039583333333,3.29208333333333,1.402375,30.5384166666667,1
MR-01,MR-01_image-00012,image-00012.tiff,8,1.215375,4.91758333333333,19.5150833333333,3.14508333333333,1.423,30.218375,1
MR-01,MR-01_image-00012,image-00012.tiff,9,1.22429166666667,4.93033333333333,18.8389166666667,3.2205,1.42183333333333,29.6384166666667,1
MR-01,MR-01_image-00012,image-00012.tiff,10,1.20954166666667,4.911625,19.017,3.22191666666667,1.42958333333333,29.7917916666667,1
MR-01,MR-01_image-00013,image-00013.tiff,1,1.22970833333333,4.92720833333333,18.724125,3.33945833333333,1.41579166666667,29.6385,1
MR-01,MR-01_image-00013,image-00013.tiff,2,1.20933333333333,4.95366666666667,18.5725416666667,3.308125,1.40204166666667,29.4479166666667,1
MR-01,MR-01_image-00013,image-00013.tiff,3,1.22925,4.91054166666667,18.8139166666667,3.24533333333333,1.53016666666667,29.73275,1
MR-01,MR-01_image-00013,image-00013.tiff,4,1.46995833333333,5.065125,18.54725,3.19254166666667,1.49066666666667,29.7704166666667,1
MR-01,MR-01_image-00013,image-00013.tiff,5,1.22175,5.00483333333333,18.48425,3.25275,1.47841666666667,29.44625,1
MR-01,MR-01_image-00013,image-00013.tiff,6,1.22091666666667,4.969,18.7222083333333,3.15783333333333,1.43433333333333,29.5073333333333,1
MR-01,MR-01_image-00013,image-00013.tiff,7,1.211625,4.96125,19.01325,3.13070833333333,1.41175,29.731,1
MR-01,MR-01_image-00013,image-00013.tiff,8,1.21604166666667,4.92058333333333,18.7377916666667,3.13325,1.40616666666667,29.416125,1
MR-01,MR-01_image-00013,image-00013.tiff,9,1.21325,4.92891666666667,18.42625,3.0885,1.39608333333333,29.05525,1
MR-01,MR-01_image-00013,image-00013.tiff,10,1.20825,4.91379166666667,18.4415416666667,3.11141666666667,1.418875,29.0958333333333,1
MR-01,MR-01_image-00014,image-00014.tiff,1,1.21183333333333,4.92508333333333,18.648375,3.57545833333333,1.675625,30.0404166666667,1
MR-01,MR-01_image-00014,image-00014.tiff,2,1.220625,4.96675,18.9341666666667,3.430625,1.46216666666667,30.0189166666667,1
MR-01,MR-01_image-00014,image-00014.tiff,3,1.21629166666667,4.97970833333333,18.5845,3.404125,1.43079166666667,29.61825,1
MR-01,MR-01_image-00014,image-00014.tiff,4,1.21458333333333,4.92608333333333,18.710125,3.34391666666667,1.4145,29.6117083333333,1
MR-01,MR-01_image-00014,image-00014.tiff,5,1.21554166666667,4.978,18.071375,3.26208333333333,1.43795833333333,28.9681666666667,1
MR-01,MR-01_image-00014,image-00014.tiff,6,1.21416666666667,4.930625,18.21425,3.377,1.42520833333333,29.163625,1
MR-01,MR-01_image-00014,image-00014.tiff,7,1.21404166666667,4.94020833333333,18.3789583333333,3.42029166666667,1.40633333333333,29.3619583333333,1
MR-01,MR-01_image-00014,image-00014.tiff,8,1.21729166666667,4.93004166666667,18.070875,3.32,1.39666666666667,28.9368333333333,1
MR-01,MR-01_image-00014,image-00014.tiff,9,1.21620833333333,4.92475,18.0240833333333,3.33054166666667,1.41958333333333,28.9172083333333,1
MR-01,MR-01_image-00014,image-00014.tiff,10,1.211625,4.92208333333333,18.1520416666667,3.30345833333333,1.40904166666667,29.0001666666667,1
MR-01,MR-01_image-00015,image-00015.tiff,1,1.257625,4.98291666666667,17.9303333333333,3.10125,1.51945833333333,28.7948333333333,1
MR-01,MR-01_image-00015,image-00015.tiff,2,1.46179166666667,4.9755,18.6486666666667,3.28041666666667,1.46129166666667,29.8313333333333,1
MR-01,MR-01_image-00015,image-00015.tiff,3,1.23579166666667,4.977,17.4952083333333,3.07375,1.43183333333333,28.2161666666667,1
MR-01,MR-01_image-00015,image-00015.tiff,4,1.2225,4.964,17.666625,3.05654166666667,1.41275,28.324875,1
MR-01,MR-01_image-00015,image-00015.tiff,5,1.22875,4.945125,17.3897916666667,3.07591666666667,1.41091666666667,28.0528333333333,1
MR-01,MR-01_image-00015,image-00015.tiff,6,1.20775,4.92733333333333,17.4930833333333,3.05233333333333,1.40108333333333,28.0837916666667,1
MR-01,MR-01_image-00015,image-00015.tiff,7,1.20708333333333,4.92316666666667,17.56575,3.05441666666667,1.41045833333333,28.162875,1
MR-01,MR-01_image-00015,image-00015.tiff,8,1.21333333333333,4.92925,17.54925,3.04104166666667,1.41620833333333,28.1511666666667,1
MR-01,MR-01_image-00015,image-00015.tiff,9,1.22345833333333,4.92233333333333,17.69025,3.06191666666667,1.403,28.3029583333333,1
MR-01,MR-01_image-00015,image-00015.tiff,10,1.21125,4.9805,17.854375,3.040375,1.42808333333333,28.5165,1
MR-01,MR-01_image-00016,image-00016.tiff,1,1.212,4.92991666666667,17.3382083333333,3.202875,1.44008333333333,28.1251666666667,1
MR-01,MR-01_image-00016,image-00016.tiff,2,1.224375,5.00104166666667,17.555,3.22883333333333,1.437625,28.4490833333333,1
MR-01,MR-01_image-00016,image-00016.tiff,3,1.22466666666667,4.929375,17.482625,3.31179166666667,1.56208333333333,28.51325,1
MR-01,MR-01_image-00016,image-00016.tiff,4,1.22129166666667,4.991,17.7799583333333,3.39979166666667,1.49504166666667,28.89125,1
MR-01,MR-01_image-00016,image-00016.tiff,5,1.24354166666667,4.94508333333333,17.855875,3.404375,1.45925,28.9109166666667,1
MR-01,MR-01_image-00016,image-00016.tiff,6,1.2195,4.922875,17.4566666666667,3.31858333333333,1.43479166666667,28.355375,1
MR-01,MR-01_image-00016,image-00016.tiff,7,1.23945833333333,4.941625,17.644375,3.32391666666667,1.423,28.5744583333333,1
MR-01,MR-01_image-00016,image-00016.tiff,8,1.21041666666667,4.93116666666667,17.7089583333333,3.290375,1.407,28.5501666666667,1
MR-01,MR-01_image-00016,image-00016.tiff,9,1.22816666666667,4.92225,17.4873333333333,3.33316666666667,1.40804166666667,28.3812083333333,1
MR-01,MR-01_image-00016,image-00016.tiff,10,1.21645833333333,4.91566666666667,17.4035416666667,3.36241666666667,1.40516666666667,28.3053333333333,1
MR-01,MR-01_image-00017,image-00017.tiff,1,1.21558333333333,4.99929166666667,17.138,3.29141666666667,1.41120833333333,28.0579583333333,1
MR-01,MR-01_image-00017,image-00017.tiff,2,1.20704166666667,5.01054166666667,17.2940833333333,3.316625,1.55958333333333,28.3907083333333,1
MR-01,MR-01_image-00017,image-00017.tiff,3,1.32508333333333,5.00229166666667,17.7445833333333,3.67383333333333,1.474875,29.2259583333333,1
MR-01,MR-01_image-00017,image-00017.tiff,4,1.22329166666667,4.96408333333333,17.1345,3.34295833333333,1.42966666666667,28.097375,1
MR-01,MR-01_image-00017,image-00017.tiff,5,1.209,4.942375,17.4809166666667,3.3035,1.42104166666667,28.3593333333333,1
MR-01,MR-01_image-00017,image-00017.tiff,6,1.22025,4.92395833333333,17.14575,3.28304166666667,1.41266666666667,27.988,1
MR-01,MR-01_image-00017,image-00017.tiff,7,1.225375,4.90991666666667,17.210875,3.289375,1.4165,28.0542083333333,1
MR-01,MR-01_image-00017,image-00017.tiff,8,1.20766666666667,4.91370833333333,17.5942083333333,3.60520833333333,1.461375,28.7844583333333,1
MR-01,MR-01_image-00017,image-00017.tiff,9,1.215625,4.92741666666667,17.076125,3.35429166666667,1.42416666666667,27.9999583333333,1
MR-01,MR-01_image-00017,image-00017.tiff,10,1.22529166666667,4.91925,16.9687916666667,3.33704166666667,1.3965,27.8489166666667,1
MR-01,MR-01_image-00018,image-00018.tiff,1,1.32708333333333,5.07958333333333,17.0795833333333,3.28429166666667,1.54516666666667,28.3207916666667,1
MR-01,MR-01_image-00018,image-00018.tiff,2,1.216625,4.997625,16.9905,3.349125,1.46008333333333,28.0169166666667,1
MR-01,MR-01_image-00018,image-00018.tiff,3,1.229125,4.912375,17.036875,3.300125,1.42029166666667,27.9012916666667,1
MR-01,MR-01_image-00018,image-00018.tiff,4,1.23283333333333,4.919625,17.0361666666667,3.30495833333333,1.40379166666667,27.8995416666667,1
MR-01,MR-01_image-00018,image-00018.tiff,5,1.21533333333333,4.904,16.7724166666667,3.27329166666667,1.411,27.5778333333333,1
MR-01,MR-01_image-00018,image-00018.tiff,6,1.219125,4.92616666666667,16.8985,3.23495833333333,1.404,27.6847083333333,1
MR-01,MR-01_image-00018,image-00018.tiff,7,1.21779166666667,4.91504166666667,16.957125,3.25233333333333,1.40866666666667,27.752875,1
MR-01,MR-01_image-00018,image-00018.tiff,8,1.213875,4.90854166666667,17.0477916666667,3.25833333333333,1.404875,27.8352916666667,1
MR-01,MR-01_image-00018,image-00018.tiff,9,1.21454166666667,4.91716666666667,16.838125,3.26708333333333,1.39808333333333,27.6369166666667,1
MR-01,MR-01_image-00018,image-00018.tiff,10,1.41570833333333,4.95579166666667,16.2422916666667,3.14008333333333,1.44904166666667,27.207125,1
MR-01,MR-01_image-00019,image-00019.tiff,1,1.23533333333333,4.991625,16.5040416666667,3.27933333333333,1.44333333333333,27.4572083333333,1
MR-01,MR-01_image-00019,image-00019.tiff,2,1.22104166666667,4.942625,16.2847916666667,3.30129166666667,1.41675,27.1691666666667,1
MR-01,MR-01_image-00019,image-00019.tiff,3,1.20870833333333,4.95320833333333,16.5413333333333,3.29983333333333,1.41791666666667,27.4232916666667,1
MR-01,MR-01_image-00019,image-00019.tiff,4,1.22125,4.93283333333333,16.4657083333333,3.27258333333333,1.40658333333333,27.301125,1
MR-01,MR-01_image-00019,image-00019.tiff,5,1.22041666666667,4.94141666666667,16.3477916666667,3.25004166666667,1.40520833333333,27.166875,1
MR-01,MR-01_image-00019,image-00019.tiff,6,1.214375,4.93029166666667,16.3194166666667,3.24225,1.398875,27.107125,1
MR-01,MR-01_image-00019,image-00019.tiff,7,1.20704166666667,4.933,16.6195416666667,3.23620833333333,1.404125,27.4019166666667,1
MR-01,MR-01_image-00019,image-00019.tiff,8,1.21633333333333,4.93625,16.3266666666667,3.235625,1.414125,27.1309166666667,1
MR-01,MR-01_image-00019,image-00019.tiff,9,1.20795833333333,4.92454166666667,16.3309583333333,3.257625,1.40191666666667,27.125,1
MR-01,MR-01_image-00019,image-00019.tiff,10,1.2235,4.91683333333333,16.7517083333333,3.32404166666667,1.398125,27.6162083333333,1
MR-01,MR-01_image-00020,image-00020.tiff,1,1.231125,4.92575,16.948125,3.37125,1.41283333333333,27.8911666666667,1
MR-01,MR-01_image-00020,image-00020.tiff,2,1.21575,4.91391666666667,16.7144583333333,3.31425,1.40891666666667,27.5692916666667,1
MR-01,MR-01_image-00020,image-00020.tiff,3,1.20529166666667,4.90095833333333,16.977125,3.285125,1.40366666666667,27.7743333333333,1
MR-01,MR-01_image-00020,image-00020.tiff,4,1.30333333333333,5.13375,17.0545833333333,3.26020833333333,1.607125,28.36675,1
MR-01,MR-01_image-00020,image-00020.tiff,5,1.22729166666667,4.98416666666667,16.1357916666667,3.271625,1.433625,27.0563333333333,1
MR-01,MR-01_image-00020,image-00020.tiff,6,1.217,4.958375,16.635625,3.23208333333333,1.507,27.553,1
MR-01,MR-01_image-00020,image-00020.tiff,7,1.22220833333333,4.97620833333333,16.8708333333333,3.26495833333333,1.467875,27.8060416666667,1
MR-01,MR-01_image-00020,image-00020.tiff,8,1.398625,4.94616666666667,16.974125,3.39995833333333,1.40916666666667,28.1307083333333,1
MR-01,MR-01_image-00020,image-00020.tiff,9,1.20783333333333,4.938125,16.840625,3.348375,1.411125,27.7485833333333,1
MR-01,MR-01_image-00020,image-00020.tiff,10,1.21308333333333,4.94445833333333,16.7436666666667,3.40679166666667,1.4215,27.731625,1
MR-01,MR-01_image-00021,image-00021.tiff,1,1.22016666666667,4.96525,16.2917916666667,3.25391666666667,1.41908333333333,27.1524166666667,1
MR-01,MR-01_image-00021,image-00021.tiff,2,1.221,4.92883333333333,16.3889583333333,3.37045833333333,1.54616666666667,27.4582083333333,1
MR-01,MR-01_image-00021,image-00021.tiff,3,1.23158333333333,5.00870833333333,16.866625,3.32366666666667,1.59020833333333,28.0256666666667,1
MR-01,MR-01_image-00021,image-00021.tiff,4,1.223125,4.952,16.33675,3.27133333333333,1.44108333333333,27.2274583333333,1
MR-01,MR-01_image-00021,image-00021.tiff,5,1.23729166666667,4.93225,16.23325,3.27129166666667,1.41375,27.0902083333333,1
MR-01,MR-01_image-00021,image-00021.tiff,6,1.21541666666667,4.91220833333333,16.073875,3.213,1.42029166666667,26.8369166666667,1
MR-01,MR-01_image-00021,image-00021.tiff,7,1.21679166666667,4.91408333333333,16.1466666666667,3.28375,1.47195833333333,27.035625,1
MR-01,MR-01_image-00021,image-00021.tiff,8,1.23541666666667,4.99325,16.5222916666667,3.2535,1.46854166666667,27.4757083333333,1
MR-01,MR-01_image-00021,image-00021.tiff,9,1.21841666666667,4.91670833333333,16.3181666666667,3.224875,1.42129166666667,27.1019166666667,1
MR-01,MR-01_image-00021,image-00021.tiff,10,1.20575,4.96225,16.09775,3.17491666666667,1.40804166666667,26.8507083333333,1
MR-02,MR-02_image-00000,image-00000.tiff,1,1.21866666666667,4.94879166666667,15.190875,3.34508333333333,1.63970833333333,26.3470416666667,1
MR-02,MR-02_image-00000,image-00000.tiff,2,1.29079166666667,4.95625,15.932,3.22891666666667,1.45375,26.8664583333333,1
MR-02,MR-02_image-00000,image-00000.tiff,3,1.211625,5.02454166666667,15.585375,3.343875,1.47925,26.64875,1
MR-02,MR-02_image-00000,image-00000.tiff,4,1.22358333333333,4.95791666666667,15.3697083333333,3.12033333333333,1.44620833333333,26.1208333333333,1
MR-02,MR-02_image-00000,image-00000.tiff,5,1.209125,4.947625,15.0942083333333,3.09683333333333,1.41254166666667,25.7629583333333,1
MR-02,MR-02_image-00000,image-00000.tiff,6,1.39945833333333,4.930875,15.232375,3.224125,1.42029166666667,26.2101666666667,1
MR-02,MR-02_image-00000,image-00000.tiff,7,1.20829166666667,4.93520833333333,15.0699583333333,3.19870833333333,1.4165,25.8312083333333,1
MR-02,MR-02_image-00000,image-00000.tiff,8,1.220625,4.92983333333333,15.084,3.31354166666667,1.42291666666667,25.9729166666667,1
MR-02,MR-02_image-00000,image-00000.tiff,9,1.209875,4.933625,15.1857916666667,3.31175,1.40220833333333,26.0451666666667,1
MR-02,MR-02_image-00000,image-00000.tiff,10,1.220875,4.96970833333333,15.1350416666667,3.29654166666667,1.4105,26.0347083333333,1
MR-02,MR-02_image-00001,image-00001.tiff,1,1.265875,5.10279166666667,15.641625,3.33254166666667,1.608125,26.95725,1
MR-02,MR-02_image-00001,image-00001.tiff,2,1.22616666666667,4.989,16.0099166666667,3.42641666666667,1.44816666666667,27.1035833333333,1
MR-02,MR-02_image-00001,image-00001.tiff,3,1.221375,4.93420833333333,15.796375,3.42745833333333,1.42129166666667,26.8030833333333,1
MR-02,MR-02_image-00001,image-00001.tiff,4,1.212125,4.93570833333333,15.8356666666667,3.30020833333333,1.40108333333333,26.6869583333333,1
MR-02,MR-02_image-00001,image-00001.tiff,5,1.21195833333333,4.90558333333333,15.7079166666667,3.34895833333333,1.40833333333333,26.584875,1
MR-02,MR-02_image-00001,image-00001.tiff,6,1.21545833333333,4.93595833333333,15.9915416666667,3.46270833333333,1.41358333333333,27.0213333333333,1
MR-02,MR-02_image-00001,image-00001.tiff,7,1.20954166666667,4.92095833333333,15.9290833333333,3.36416666666667,1.40445833333333,26.83,1
MR-02,MR-02_image-00001,image-00001.tiff,8,1.215875,4.89808333333333,15.9981666666667,3.41304166666667,1.404,26.9310833333333,1
MR-02,MR-02_image-00001,image-00001.tiff,9,1.205625,4.91679166666667,16.015625,3.44733333333333,1.394875,26.9820833333333,1
MR-02,MR-02_image-00001,image-00001.tiff,10,1.21379166666667,4.90945833333333,15.9435,3.38766666666667,1.40179166666667,26.858,1
MR-02,MR-02_image-00002,image-00002.tiff,1,1.227125,4.9375,15.7515416666667,3.45241666666667,1.460625,26.8324583333333,1
MR-02,MR-02_image-00002,image-00002.tiff,2,1.22691666666667,4.957875,15.05125,3.22029166666667,1.41266666666667,25.8715,1
MR-02,MR-02_image-00002,image-00002.tiff,3,1.21270833333333,4.92325,15.1658333333333,3.20554166666667,1.41045833333333,25.9200416666667,1
MR-02,MR-02_image-00002,image-00002.tiff,4,1.39120833333333,4.93533333333333,15.2260416666667,3.933,1.41125,26.89925,1
MR-02,MR-02_image-00002,image-00002.tiff,5,1.22091666666667,4.92075,15.2839166666667,3.24595833333333,1.40279166666667,26.0765,1
MR-02,MR-02_image-00002,image-00002.tiff,6,1.211375,4.93325,15.3105833333333,3.22425,1.39895833333333,26.0801666666667,1
MR-02,MR-02_image-00002,image-00002.tiff,7,1.21520833333333,4.93604166666667,15.5573333333333,3.23329166666667,1.40416666666667,26.347875,1
MR-02,MR-02_image-00002,image-00002.tiff,8,1.22475,4.95625,15.9955416666667,3.332375,1.6495,27.163125,1
MR-02,MR-02_image-00002,image-00002.tiff,9,1.262625,5.19379166666667,16.2532916666667,3.5135,1.51416666666667,27.7422916666667,1
MR-02,MR-02_image-00002,image-00002.tiff,10,1.220125,4.927625,15.741625,3.47825,1.40666666666667,26.777,1
MR-02,MR-02_image-00003,image-00003.tiff,1,1.23691666666667,4.94679166666667,14.934125,3.17441666666667,1.43658333333333,25.7319166666667,1
MR-02,MR-02_image-00003,image-00003.tiff,2,1.21458333333333,4.92720833333333,15.1549583333333,3.21266666666667,1.41966666666667,25.9315833333333,1
MR-02,MR-02_image-00003,image-00003.tiff,3,1.21016666666667,4.92741666666667,15.012375,3.21108333333333,1.40704166666667,25.77025,1
MR-02,MR-02_image-00003,image-00003.tiff,4,1.22041666666667,4.92491666666667,15.1065416666667,3.13208333333333,1.40570833333333,25.7916666666667,1
MR-02,MR-02_image-00003,image-00003.tiff,5,1.21154166666667,4.90570833333333,15.2452083333333,3.12570833333333,1.40166666666667,25.8918333333333,1
MR-02,MR-02_image-00003,image-00003.tiff,6,1.2165,4.92133333333333,15.1245833333333,3.16829166666667,1.40466666666667,25.8374166666667,1
MR-02,MR-02_image-00003,image-00003.tiff,7,1.21658333333333,4.92304166666667,15.0558333333333,3.10225,1.39645833333333,25.6961666666667,1
MR-02,MR-02_image-00003,image-00003.tiff,8,1.211875,4.92220833333333,14.832625,3.16166666666667,1.41558333333333,25.545875,1
MR-02,MR-02_image-00003,image-00003.tiff,9,1.210125,4.910875,15.0680833333333,3.17570833333333,1.39366666666667,25.7602916666667,1
MR-02,MR-02_image-00003,image-00003.tiff,10,1.23016666666667,4.91191666666667,14.9815,3.150625,1.41720833333333,25.6933333333333,1
MR-02,MR-02_image-00004,image-00004.tiff,1,1.21420833333333,4.99645833333333,15.3829583333333,3.11875,1.416,26.131125,1
MR-02,MR-02_image-00004,image-00004.tiff,2,1.42370833333333,4.95725,15.44825,3.33779166666667,1.45816666666667,26.6283333333333,1
MR-02,MR-02_image-00004,image-00004.tiff,3,1.22945833333333,4.97033333333333,15.5232083333333,3.39666666666667,1.42529166666667,26.5479583333333,1
MR-02,MR-02_image-00004,image-00004.tiff,4,1.21125,4.93525,15.8580416666667,3.29066666666667,1.506,26.8050833333333,1
MR-02,MR-02_image-00004,image-00004.tiff,5,1.225375,4.975,15.3668333333333,3.305375,1.49779166666667,26.3736666666667,1
MR-02,MR-02_image-00004,image-00004.tiff,6,1.22945833333333,4.96208333333333,15.4945833333333,3.27920833333333,1.45683333333333,26.4250416666667,1
MR-02,MR-02_image-00004,image-00004.tiff,7,1.23104166666667,4.96966666666667,15.21175,3.20941666666667,1.422,26.0467083333333,1
MR-02,MR-02_image-00004,image-00004.tiff,8,1.221,4.90954166666667,15.3057083333333,3.17920833333333,1.40445833333333,26.0223333333333,1
MR-02,MR-02_image-00004,image-00004.tiff,9,1.21904166666667,4.92358333333333,15.46675,3.25416666666667,1.394875,26.2604166666667,1
MR-02,MR-02_image-00004,image-00004.tiff,10,1.21266666666667,4.90166666666667,15.4365416666667,3.04866666666667,1.478,26.0810833333333,1
MR-02,MR-02_image-00005,image-00005.tiff,1,1.21491666666667,4.96325,15.0975833333333,3.34770833333333,1.42216666666667,26.0479166666667,1
MR-02,MR-02_image-00005,image-00005.tiff,2,1.217125,4.94145833333333,15.3618333333333,3.291375,1.42129166666667,26.2353333333333,1
MR-02,MR-02_image-00005,image-00005.tiff,3,1.22475,4.93466666666667,15.1116666666667,3.38675,1.483125,26.1434166666667,1
MR-02,MR-02_image-00005,image-00005.tiff,4,1.22208333333333,5.09741666666667,15.606,3.34679166666667,1.586,26.864375,1
MR-02,MR-02_image-00005,image-00005.tiff,5,1.22791666666667,4.97275,15.1575,3.131375,1.501,25.9945,1
MR-02,MR-02_image-00005,image-00005.tiff,6,1.235125,4.965125,15.129125,3.18829166666667,1.42333333333333,25.9439583333333,1
MR-02,MR-02_image-00005,image-00005.tiff,7,1.20316666666667,4.925125,14.9085416666667,3.14633333333333,1.42883333333333,25.6145833333333,1
MR-02,MR-02_image-00005,image-00005.tiff,8,1.219375,4.94,14.9929166666667,3.120625,1.41175,25.686875,1
MR-02,MR-02_image-00005,image-00005.tiff,9,1.21129166666667,4.90404166666667,15.202625,3.15554166666667,1.4055,25.8810833333333,1
MR-02,MR-02_image-00005,image-00005.tiff,10,1.21608333333333,4.91208333333333,15.0789583333333,3.1635,1.40583333333333,25.7785,1
MR-02,MR-02_image-00006,image-00006.tiff,1,1.22058333333333,4.94495833333333,15.1437083333333,3.34054166666667,1.466375,26.1187916666667,1
MR-02,MR-02_image-00006,image-00006.tiff,2,1.216375,5.00091666666667,15.35525,3.3155,1.42529166666667,26.31625,1
MR-02,MR-02_image-00006,image-00006.tiff,3,1.21920833333333,4.933125,15.5124583333333,3.32879166666667,1.539625,26.5365,1
MR-02,MR-02_image-00006,image-00006.tiff,4,1.25975,5.11866666666667,15.5558333333333,3.317625,1.47104166666667,26.7274583333333,1
MR-02,MR-02_image-00006,image-00006.tiff,5,1.22025,4.942,15.2482916666667,3.23116666666667,1.433,26.0772083333333,1
MR-02,MR-02_image-00006,image-00006.tiff,6,1.222,4.93083333333333,15.1400416666667,3.25866666666667,1.40766666666667,25.9615833333333,1
MR-02,MR-02_image-00006,image-00006.tiff,7,1.215125,4.93529166666667,15.236,3.20779166666667,1.407,26.0033333333333,1
MR-02,MR-02_image-00006,image-00006.tiff,8,1.21620833333333,4.912625,15.1837083333333,3.25125,1.41308333333333,25.9789166666667,1
MR-02,MR-02_image-00006,image-00006.tiff,9,1.21841666666667,4.91433333333333,15.209,3.260625,1.41766666666667,26.0220416666667,1
MR-02,MR-02_image-00006,image-00006.tiff,10,1.21391666666667,4.92220833333333,15.17875,3.23570833333333,1.40925,25.9617083333333,1
MR-02,MR-02_image-00007,image-00007.tiff,1,1.20783333333333,4.92029166666667,15.7113333333333,3.41375,1.422375,26.6778333333333,1
MR-02,MR-02_image-00007,image-00007.tiff,2,1.22433333333333,4.9135,15.5640416666667,3.40433333333333,1.50358333333333,26.6117916666667,1
MR-02,MR-02_image-00007,image-00007.tiff,3,1.244875,5.18904166666667,15.78175,3.44695833333333,1.57445833333333,27.2448333333333,1
MR-02,MR-02_image-00007,image-00007.tiff,4,1.24466666666667,5.01295833333333,15.3415416666667,3.25045833333333,1.49716666666667,26.3515416666667,1
MR-02,MR-02_image-00007,image-00007.tiff,5,1.22445833333333,4.96395833333333,14.98425,3.128,1.42883333333333,25.7325,1
MR-02,MR-02_image-00007,image-00007.tiff,6,1.212875,4.95875,15.1459166666667,3.17125,1.41829166666667,25.9096666666667,1
MR-02,MR-02_image-00007,image-00007.tiff,7,1.22658333333333,4.95066666666667,14.8610416666667,3.12416666666667,1.40604166666667,25.5709583333333,1
MR-02,MR-02_image-00007,image-00007.tiff,8,1.21129166666667,4.93470833333333,14.7375,3.13316666666667,1.41045833333333,25.429375,1
MR-02,MR-02_image-00007,image-00007.tiff,9,1.224375,4.91808333333333,14.8433333333333,3.07304166666667,1.40233333333333,25.4630833333333,1
MR-02,MR-02_image-00007,image-00007.tiff,10,1.44170833333333,4.94879166666667,15.4565833333333,3.43691666666667,1.43916666666667,26.72625,1
MR-02,MR-02_image-00008,image-00008.tiff,1,1.24408333333333,4.94433333333333,15.1489166666667,3.19975,1.408,25.94725,1
MR-02,MR-02_image-00008,image-00008.tiff,2,1.2255,4.92708333333333,15.6780833333333,3.353125,1.58925,26.776625,1
MR-02,MR-02_image-00008,image-00008.tiff,3,1.22920833333333,4.95575,15.4445416666667,3.33,1.51929166666667,26.4820416666667,1
MR-02,MR-02_image-00008,image-00008.tiff,4,1.24241666666667,4.972875,15.2955833333333,3.41916666666667,1.43095833333333,26.3637916666667,1
MR-02,MR-02_image-00008,image-00008.tiff,5,1.22125,4.92683333333333,14.794,3.24116666666667,1.412375,25.5980833333333,1
MR-02,MR-02_image-00008,image-00008.tiff,6,1.21295833333333,4.907875,15.116625,3.224125,1.413,25.8769166666667,1
MR-02,MR-02_image-00008,image-00008.tiff,7,1.21258333333333,4.91595833333333,14.8460416666667,3.21058333333333,1.41916666666667,25.606375,1
MR-02,MR-02_image-00008,image-00008.tiff,8,1.207875,4.91854166666667,14.9862916666667,3.26004166666667,1.40545833333333,25.7801666666667,1
MR-02,MR-02_image-00008,image-00008.tiff,9,1.23583333333333,4.90454166666667,14.9154583333333,3.21145833333333,1.40145833333333,25.670875,1
MR-02,MR-02_image-00008,image-00008.tiff,10,1.20695833333333,4.91466666666667,14.8905833333333,3.178125,1.39666666666667,25.589125,1
MR-02,MR-02_image-00009,image-00009.tiff,1,1.22541666666667,4.98766666666667,15.4370416666667,3.38533333333333,1.52975,26.568,1
MR-02,MR-02_image-00009,image-00009.tiff,2,1.29716666666667,5.05016666666667,15.6317916666667,3.31366666666667,1.61608333333333,26.9135,1
MR-02,MR-02_image-00009,image-00009.tiff,3,1.2385,4.96666666666667,15.2104166666667,3.37475,1.428,26.2215416666667,1
MR-02,MR-02_image-00009,image-00009.tiff,4,1.21783333333333,4.94941666666667,14.979625,3.25866666666667,1.415875,25.823875,1
MR-02,MR-02_image-00009,image-00009.tiff,5,1.21604166666667,4.957875,15.1309166666667,3.26629166666667,1.41379166666667,25.9869166666667,1
MR-02,MR-02_image-00009,image-00009.tiff,6,1.22154166666667,4.93108333333333,15.208125,3.40679166666667,1.48666666666667,26.2569583333333,1
MR-02,MR-02_image-00009,image-00009.tiff,7,1.22429166666667,4.97275,15.3221666666667,3.23629166666667,1.43120833333333,26.18975,1
MR-02,MR-02_image-00009,image-00009.tiff,8,1.43020833333333,4.98979166666667,15.1841666666667,3.29133333333333,1.43258333333333,26.3313333333333,1
MR-02,MR-02_image-00009,image-00009.tiff,9,1.215125,4.955,15.0884166666667,3.30445833333333,1.432625,25.9980833333333,1
MR-02,MR-02_image-00009,image-00009.tiff,10,1.22075,4.95575,15.314125,3.321375,1.41629166666667,26.2305833333333,1
MR-02,MR-02_image-00010,image-00010.tiff,1,1.22033333333333,4.95791666666667,15.6754166666667,3.454,1.64170833333333,26.9530416666667,1
MR-02,MR-02_image-00010,image-00010.tiff,2,1.24025,4.97495833333333,15.4125416666667,3.32225,1.46320833333333,26.4172916666667,1
MR-02,MR-02_image-00010,image-00010.tiff,3,1.22204166666667,4.98429166666667,15.2175833333333,3.283875,1.41541666666667,26.1255833333333,1
MR-02,MR-02_image-00010,image-00010.tiff,4,1.21725,4.94720833333333,15.0269583333333,3.27804166666667,1.412125,25.8835833333333,1
MR-02,MR-02_image-00010,image-00010.tiff,5,1.227875,4.97204166666667,15.5910833333333,3.39254166666667,1.518125,26.7035833333333,1
MR-02,MR-02_image-00010,image-00010.tiff,6,1.27083333333333,4.964,15.062375,3.21504166666667,1.40570833333333,25.91975,1
MR-02,MR-02_image-00010,image-00010.tiff,7,1.22770833333333,4.92558333333333,15.0202083333333,3.205375,1.40216666666667,25.7829166666667,1
MR-02,MR-02_image-00010,image-00010.tiff,8,1.21083333333333,4.94829166666667,14.9472083333333,3.21679166666667,1.40175,25.7266666666667,1
MR-02,MR-02_image-00010,image-00010.tiff,9,1.21079166666667,4.94483333333333,15.220625,3.26225,1.476125,26.1175,1
MR-02,MR-02_image-00010,image-00010.tiff,10,1.21320833333333,4.93429166666667,14.7354166666667,3.14591666666667,1.43504166666667,25.4665,1
MR-02,MR-02_image-00011,image-00011.tiff,1,1.24120833333333,5.30916666666667,15.1519166666667,3.32041666666667,1.55829166666667,26.5863333333333,1
MR-02,MR-02_image-00011,image-00011.tiff,2,1.21958333333333,4.94795833333333,15.032125,3.285375,1.43683333333333,25.9250833333333,1
MR-02,MR-02_image-00011,image-00011.tiff,3,1.2255,5.05858333333333,15.0967083333333,3.25920833333333,1.43233333333333,26.0752916666667,1
MR-02,MR-02_image-00011,image-00011.tiff,4,1.20979166666667,4.95470833333333,14.9050416666667,3.2465,1.415875,25.733875,1
MR-02,MR-02_image-00011,image-00011.tiff,5,1.21495833333333,4.92408333333333,15.0891666666667,3.34483333333333,1.401625,25.9767916666667,1
MR-02,MR-02_image-00011,image-00011.tiff,6,1.38666666666667,4.91904166666667,15.384625,3.37975,1.4505,26.5229166666667,1
MR-02,MR-02_image-00011,image-00011.tiff,7,1.220125,4.90958333333333,15.0602916666667,3.29504166666667,1.40633333333333,25.8932916666667,1
MR-02,MR-02_image-00011,image-00011.tiff,8,1.2195,4.92520833333333,15.0205,3.37245833333333,1.40508333333333,25.9447916666667,1
MR-02,MR-02_image-00011,image-00011.tiff,9,1.215375,4.91741666666667,15.0361666666667,3.433375,1.46445833333333,26.0690833333333,1
MR-02,MR-02_image-00011,image-00011.tiff,10,1.216625,4.94120833333333,14.9984166666667,3.33079166666667,1.42583333333333,25.915625,1
MR-02,MR-02_image-00012,image-00012.tiff,1,1.22475,4.96966666666667,15.1003333333333,3.39570833333333,1.43129166666667,26.1251666666667,1
MR-02,MR-02_image-00012,image-00012.tiff,2,1.21633333333333,4.96354166666667,15.1176666666667,3.303,1.433,26.0359583333333,1
MR-02,MR-02_image-00012,image-00012.tiff,3,1.21720833333333,5.00583333333333,15.3312916666667,3.26079166666667,1.50170833333333,26.31975,1
MR-02,MR-02_image-00012,image-00012.tiff,4,1.28970833333333,4.975875,14.8640833333333,3.376375,1.45641666666667,25.9661666666667,1
MR-02,MR-02_image-00012,image-00012.tiff,5,1.22070833333333,4.93004166666667,14.8211666666667,3.35516666666667,1.42704166666667,25.756625,1
MR-02,MR-02_image-00012,image-00012.tiff,6,1.226375,4.916875,14.935875,3.349875,1.39845833333333,25.8296666666667,1
MR-02,MR-02_image-00012,image-00012.tiff,7,1.21516666666667,4.91529166666667,14.95175,3.39458333333333,1.41604166666667,25.8950416666667,1
MR-02,MR-02_image-00012,image-00012.tiff,8,1.21583333333333,4.92058333333333,14.8462916666667,3.383375,1.42108333333333,25.7892916666667,1
MR-02,MR-02_image-00012,image-00012.tiff,9,1.214875,4.91383333333333,14.9855416666667,3.34241666666667,1.40533333333333,25.864,1
MR-02,MR-02_image-00012,image-00012.tiff,10,1.21020833333333,4.91779166666667,14.8349166666667,3.28125,1.45504166666667,25.7014166666667,1
MR-02,MR-02_image-00013,image-00013.tiff,1,1.2535,5.07841666666667,15.145,3.277,1.46366666666667,26.2213333333333,1
MR-02,MR-02_image-00013,image-00013.tiff,2,1.21870833333333,4.94879166666667,14.7300833333333,3.216,1.44325,25.5597916666667,1
MR-02,MR-02_image-00013,image-00013.tiff,3,1.22825,4.93679166666667,15.0270833333333,3.26908333333333,1.4245,25.88825,1
MR-02,MR-02_image-00013,image-00013.tiff,4,1.40404166666667,4.966625,15.0482083333333,3.33766666666667,1.40920833333333,26.1684166666667,1
MR-02,MR-02_image-00013,image-00013.tiff,5,1.22658333333333,4.91516666666667,14.91575,3.37129166666667,1.411,25.8419166666667,1
MR-02,MR-02_image-00013,image-00013.tiff,6,1.217375,4.96179166666667,14.9795416666667,3.42916666666667,1.45325,26.0435,1
MR-02,MR-02_image-00013,image-00013.tiff,7,1.27866666666667,5.00041666666667,14.9894166666667,3.34041666666667,1.41054166666667,26.0219166666667,1
MR-02,MR-02_image-00013,image-00013.tiff,8,1.20758333333333,4.96695833333333,14.6245416666667,3.288875,1.40816666666667,25.49825,1
MR-02,MR-02_image-00013,image-00013.tiff,9,1.21270833333333,4.992875,15.096125,3.351375,1.40975,26.0649583333333,1
MR-02,MR-02_image-00013,image-00013.tiff,10,1.20558333333333,4.92345833333333,14.8050416666667,3.3345,1.42254166666667,25.6932083333333,1
MR-02,MR-02_image-00014,image-00014.tiff,1,1.22675,5.01416666666667,14.93825,3.50233333333333,1.474375,26.1579583333333,1
MR-02,MR-02_image-00014,image-00014.tiff,2,1.25716666666667,5.10908333333333,15.4715833333333,3.37229166666667,1.56275,26.77675,1
MR-02,MR-02_image-00014,image-00014.tiff,3,1.23966666666667,5.12616666666667,15.8347083333333,3.395125,1.614375,27.2149583333333,1
MR-02,MR-02_image-00014,image-00014.tiff,4,1.272875,5.18645833333333,15.2625416666667,3.29416666666667,1.71558333333333,26.7367916666667,1
MR-02,MR-02_image-00014,image-00014.tiff,5,1.268625,5.19941666666667,15.947125,3.43770833333333,1.67808333333333,27.5389166666667,1
MR-02,MR-02_image-00014,image-00014.tiff,6,1.23658333333333,4.99508333333333,15.1549583333333,3.3585,1.45870833333333,26.2076666666667,1
MR-02,MR-02_image-00014,image-00014.tiff,7,1.22270833333333,4.96508333333333,15.0096666666667,3.319625,1.429125,25.948625,1
MR-02,MR-02_image-00014,image-00014.tiff,8,1.22708333333333,4.957125,14.8722916666667,3.262375,1.40558333333333,25.7266666666667,1
MR-02,MR-02_image-00014,image-00014.tiff,9,1.21125,4.91725,14.6575,3.21008333333333,1.40775,25.406,1
MR-02,MR-02_image-00014,image-00014.tiff,10,1.22133333333333,4.92245833333333,14.8469166666667,3.25666666666667,1.40475,25.65425,1
MR-02,MR-02_image-00015,image-00015.tiff,1,1.212625,4.960125,15.7282916666667,3.1835,1.47025,26.5574166666667,1
MR-02,MR-02_image-00015,image-00015.tiff,2,1.411375,4.93479166666667,14.73525,3.24958333333333,1.423625,25.75725,1
MR-02,MR-02_image-00015,image-00015.tiff,3,1.20479166666667,4.932875,14.825125,3.28229166666667,1.40991666666667,25.656875,1
MR-02,MR-02_image-00015,image-00015.tiff,4,1.21416666666667,4.95041666666667,14.87575,3.16508333333333,1.60995833333333,25.819,1
MR-02,MR-02_image-00015,image-00015.tiff,5,1.24916666666667,4.95333333333333,14.7407916666667,3.29475,1.47904166666667,25.7213333333333,1
MR-02,MR-02_image-00015,image-00015.tiff,6,1.22120833333333,4.9665,14.580375,3.16083333333333,1.4305,25.362125,1
MR-02,MR-02_image-00015,image-00015.tiff,7,1.21708333333333,4.92308333333333,14.4746666666667,3.114125,1.41633333333333,25.147625,1
MR-02,MR-02_image-00015,image-00015.tiff,8,1.213875,4.94929166666667,14.5730416666667,3.12008333333333,1.420625,25.2793333333333,1
MR-02,MR-02_image-00015,image-00015.tiff,9,1.21316666666667,4.93225,14.307125,3.09995833333333,1.40983333333333,24.964375,1
MR-02,MR-02_image-00015,image-00015.tiff,10,1.21929166666667,4.95033333333333,14.5614166666667,3.08054166666667,1.406125,25.2196666666667,1
MR-02,MR-02_image-00016,image-00016.tiff,1,1.21875,4.936875,14.9574166666667,3.27329166666667,1.41166666666667,25.8004583333333,1
MR-02,MR-02_image-00016,image-00016.tiff,2,1.223625,4.92454166666667,14.935875,3.24983333333333,1.41183333333333,25.7480833333333,1
MR-02,MR-02_image-00016,image-00016.tiff,3,1.21183333333333,4.929375,14.811625,3.251625,1.42520833333333,25.6320416666667,1
MR-02,MR-02_image-00016,image-00016.tiff,4,1.28275,5.09195833333333,14.836375,3.26979166666667,1.59266666666667,26.0789583333333,1
MR-02,MR-02_image-00016,image-00016.tiff,5,1.239,4.94083333333333,14.6545,3.26804166666667,1.48675,25.5934166666667,1
MR-02,MR-02_image-00016,image-00016.tiff,6,1.23333333333333,4.95670833333333,14.992125,3.24979166666667,1.42279166666667,25.857875,1
MR-02,MR-02_image-00016,image-00016.tiff,7,1.22091666666667,4.93229166666667,15.1741666666667,3.30391666666667,1.40854166666667,26.0422083333333,1
MR-02,MR-02_image-00016,image-00016.tiff,8,1.211875,4.937875,15.0125416666667,3.27670833333333,1.40204166666667,25.8431666666667,1
MR-02,MR-02_image-00016,image-00016.tiff,9,1.21291666666667,4.92704166666667,14.8359166666667,3.26391666666667,1.398875,25.6405833333333,1
MR-02,MR-02_image-00016,image-00016.tiff,10,1.21770833333333,4.92454166666667,14.9515833333333,3.255375,1.39733333333333,25.74825,1
MR-02,MR-02_image-00017,image-00017.tiff,1,1.225375,5.069625,14.9525833333333,3.395125,1.40875,26.0537083333333,1
MR-02,MR-02_image-00017,image-00017.tiff,2,1.21175,4.955625,14.7255,3.42445833333333,1.411875,25.7313333333333,1
MR-02,MR-02_image-00017,image-00017.tiff,3,1.21175,4.94416666666667,14.9619583333333,3.25354166666667,1.6085,25.984,1
MR-02,MR-02_image-00017,image-00017.tiff,4,1.236625,5.01329166666667,15.1446666666667,3.37445833333333,1.50875,26.2817916666667,1
MR-02,MR-02_image-00017,image-00017.tiff,5,1.21820833333333,4.98408333333333,15.1730416666667,3.45795833333333,1.47179166666667,26.307875,1
MR-02,MR-02_image-00017,image-00017.tiff,6,1.21304166666667,4.98558333333333,14.5033333333333,3.32370833333333,1.45370833333333,25.482375,1
MR-02,MR-02_image-00017,image-00017.tiff,7,1.211875,4.932125,14.592,3.25804166666667,1.40383333333333,25.400375,1
MR-02,MR-02_image-00017,image-00017.tiff,8,1.21470833333333,4.94825,14.6555416666667,3.24504166666667,1.48729166666667,25.55325,1
MR-02,MR-02_image-00017,image-00017.tiff,9,1.23366666666667,4.96425,14.707625,3.24195833333333,1.46575,25.6165,1
MR-02,MR-02_image-00017,image-00017.tiff,10,1.222625,4.980125,14.514625,3.41029166666667,1.41579166666667,25.5459583333333,1
MR-02,MR-02_image-00018,image-00018.tiff,1,1.22470833333333,4.94541666666667,14.9839583333333,3.34675,1.41416666666667,25.9174166666667,1
MR-02,MR-02_image-00018,image-00018.tiff,2,1.211,4.94645833333333,14.4857916666667,3.37795833333333,1.440875,25.464375,1
MR-02,MR-02_image-00018,image-00018.tiff,3,1.296,5.06954166666667,15.0570416666667,3.40108333333333,1.54883333333333,26.3775416666667,1
MR-02,MR-02_image-00018,image-00018.tiff,4,1.24791666666667,4.98291666666667,14.603,3.50670833333333,1.47866666666667,25.822375,1
MR-02,MR-02_image-00018,image-00018.tiff,5,1.22958333333333,5.00866666666667,14.4563333333333,3.258125,1.43729166666667,25.39275,1
MR-02,MR-02_image-00018,image-00018.tiff,6,1.21133333333333,4.96229166666667,14.4767916666667,3.27070833333333,1.402,25.3254166666667,1
MR-02,MR-02_image-00018,image-00018.tiff,7,1.22183333333333,4.95779166666667,14.4457916666667,3.25170833333333,1.41691666666667,25.296375,1
MR-02,MR-02_image-00018,image-00018.tiff,8,1.212,4.946875,14.3194166666667,3.19845833333333,1.40845833333333,25.0871666666667,1
MR-02,MR-02_image-00018,image-00018.tiff,9,1.22025,4.9215,14.4968333333333,3.30570833333333,1.410625,25.3570833333333,1
MR-02,MR-02_image-00018,image-00018.tiff,10,1.458875,4.99033333333333,14.6912916666667,3.22445833333333,1.44554166666667,25.8145416666667,1
MR-02,MR-02_image-00019,image-00019.tiff,1,1.21375,4.93425,14.781875,3.43420833333333,1.40254166666667,25.7686666666667,1
MR-02,MR-02_image-00019,image-00019.tiff,2,1.23420833333333,4.93608333333333,15.2616666666667,3.30729166666667,1.54316666666667,26.286125,1
MR-02,MR-02_image-00019,image-00019.tiff,3,1.23020833333333,4.939875,14.9765,3.35675,1.582125,26.089375,1
MR-02,MR-02_image-00019,image-00019.tiff,4,1.22316666666667,4.9545,14.6102916666667,3.183125,1.42966666666667,25.404,1
MR-02,MR-02_image-00019,image-00019.tiff,5,1.21495833333333,4.93091666666667,14.3653333333333,3.39625,1.406625,25.316375,1
MR-02,MR-02_image-00019,image-00019.tiff,6,1.20641666666667,4.94558333333333,14.7438333333333,3.33475,1.40333333333333,25.6363333333333,1
MR-02,MR-02_image-00019,image-00019.tiff,7,1.20954166666667,4.921625,14.5624583333333,3.35620833333333,1.40291666666667,25.454875,1
MR-02,MR-02_image-00019,image-00019.tiff,8,1.21491666666667,4.91145833333333,14.5544583333333,3.24458333333333,1.39925,25.3266666666667,1
MR-02,MR-02_image-00019,image-00019.tiff,9,1.20420833333333,4.911625,14.267,3.25733333333333,1.40791666666667,25.0500416666667,1
MR-02,MR-02_image-00019,image-00019.tiff,10,1.21191666666667,4.96345833333333,14.4785833333333,3.288,1.40570833333333,25.349625,1
MR-03,MR-03_image-00004,image-00004.tiff,1,1.22320833333333,4.94383333333333,12.654625,3.210875,1.40758333333333,23.4422083333333,1
MR-03,MR-03_image-00004,image-00004.tiff,2,1.21466666666667,4.934125,18.4871666666667,9.34458333333333,4.95125,39.1815,1
MR-03,MR-03_image-00004,image-00004.tiff,3,3.9265,14.3291666666667,18.5567916666667,3.37995833333333,1.66166666666667,41.871875,1
MR-03,MR-03_image-00004,image-00004.tiff,4,1.225875,4.97354166666667,13.2130416666667,3.29870833333333,1.44770833333333,24.1626666666667,1
MR-03,MR-03_image-00004,image-00004.tiff,5,1.225125,4.95104166666667,13.0665833333333,3.35583333333333,1.42241666666667,24.0235833333333,1
MR-03,MR-03_image-00004,image-00004.tiff,6,1.22116666666667,4.92325,12.858375,3.38429166666667,1.4105,23.800125,1
MR-03,MR-03_image-00004,image-00004.tiff,7,1.21895833333333,4.92408333333333,13.0062083333333,3.38108333333333,1.42458333333333,23.9572083333333,1
MR-03,MR-03_image-00004,image-00004.tiff,8,1.40054166666667,4.91575,12.955,3.315375,1.41066666666667,23.999625,1
MR-03,MR-03_image-00004,image-00004.tiff,9,1.24291666666667,4.91929166666667,12.7849583333333,3.27566666666667,1.41958333333333,23.6444166666667,1
MR-03,MR-03_image-00004,image-00004.tiff,10,1.216875,4.92970833333333,12.920625,3.252875,1.40054166666667,23.722625,1
MR-03,MR-03_image-00005,image-00005.tiff,1,1.21475,4.93583333333333,12.76425,3.35075,1.48920833333333,23.758125,1
MR-03,MR-03_image-00005,image-00005.tiff,2,1.21191666666667,4.92416666666667,13.1932083333333,3.39325,1.6215,24.34825,1
MR-03,MR-03_image-00005,image-00005.tiff,3,1.25145833333333,4.97820833333333,12.9108333333333,3.56304166666667,1.46058333333333,24.1680833333333,1
MR-03,MR-03_image-00005,image-00005.tiff,4,1.21266666666667,5.00320833333333,13.1237916666667,3.42666666666667,1.44845833333333,24.2172916666667,1
MR-03,MR-03_image-00005,image-00005.tiff,5,1.25404166666667,5.00116666666667,12.8877083333333,3.364625,1.41245833333333,23.9221666666667,1
MR-03,MR-03_image-00005,image-00005.tiff,6,1.22320833333333,4.96745833333333,13.1163333333333,3.37445833333333,1.40829166666667,24.0917083333333,1
MR-03,MR-03_image-00005,image-00005.tiff,7,1.21216666666667,4.938,13.0225833333333,3.38166666666667,1.406125,23.962625,1
MR-03,MR-03_image-00005,image-00005.tiff,8,1.218875,4.94204166666667,13.0408333333333,3.60958333333333,1.46704166666667,24.2807916666667,1
MR-03,MR-03_image-00005,image-00005.tiff,9,1.224,4.96695833333333,12.956625,3.310125,1.436375,23.8966666666667,1
MR-03,MR-03_image-00005,image-00005.tiff,10,1.21891666666667,4.94291666666667,12.5500416666667,3.202125,1.41129166666667,23.3276666666667,1
MR-03,MR-03_image-00006,image-00006.tiff,1,1.20704166666667,4.932625,12.8350833333333,3.35075,1.412625,23.7405416666667,1
MR-03,MR-03_image-00006,image-00006.tiff,2,1.22929166666667,5.077875,13.3687916666667,3.39295833333333,1.57191666666667,24.6468333333333,1
MR-03,MR-03_image-00006,image-00006.tiff,3,1.25416666666667,4.95391666666667,12.8299166666667,3.453375,1.422125,23.916625,1
MR-03,MR-03_image-00006,image-00006.tiff,4,1.20858333333333,4.94208333333333,12.8704166666667,3.46754166666667,1.40408333333333,23.89475,1
MR-03,MR-03_image-00006,image-00006.tiff,5,1.20458333333333,4.94104166666667,12.745125,3.36579166666667,1.39995833333333,23.658625,1
MR-03,MR-03_image-00006,image-00006.tiff,6,1.48470833333333,4.96745833333333,12.4687916666667,3.09929166666667,1.45379166666667,23.4782083333333,1
MR-03,MR-03_image-00006,image-00006.tiff,7,1.21183333333333,4.96533333333333,12.4230833333333,3.16929166666667,1.42095833333333,23.1931666666667,1
MR-03,MR-03_image-00006,image-00006.tiff,8,1.21641666666667,4.96829166666667,12.5334166666667,3.14133333333333,1.439125,23.3008333333333,1
MR-03,MR-03_image-00006,image-00006.tiff,9,1.224,4.94058333333333,12.5465,3.14120833333333,1.41070833333333,23.265125,1
MR-03,MR-03_image-00006,image-00006.tiff,10,1.20295833333333,4.94108333333333,12.4768333333333,3.13620833333333,1.41633333333333,23.1754166666667,1
MR-03,MR-03_image-00007,image-00007.tiff,1,1.255625,4.93079166666667,12.5981666666667,3.322875,1.40558333333333,23.5152916666667,1
MR-03,MR-03_image-00007,image-00007.tiff,2,1.213125,4.96491666666667,12.8997916666667,3.27941666666667,1.49425,23.8544166666667,1
MR-03,MR-03_image-00007,image-00007.tiff,3,1.21858333333333,4.94058333333333,13.1052083333333,3.58020833333333,1.67366666666667,24.5222916666667,1
MR-03,MR-03_image-00007,image-00007.tiff,4,1.24370833333333,4.98745833333333,12.817125,3.301625,1.488125,23.8417916666667,1
MR-03,MR-03_image-00007,image-00007.tiff,5,1.21820833333333,4.92566666666667,12.7835416666667,3.32954166666667,1.43258333333333,23.6921666666667,1
MR-03,MR-03_image-00007,image-00007.tiff,6,1.2135,4.92720833333333,12.9321666666667,3.31775,1.40383333333333,23.796875,1
MR-03,MR-03_image-00007,image-00007.tiff,7,1.21358333333333,4.91641666666667,12.6652916666667,3.291,1.41408333333333,23.5025,1
MR-03,MR-03_image-00007,image-00007.tiff,8,1.21475,4.915375,12.71475,3.34491666666667,1.39491666666667,23.58675,1
MR-03,MR-03_image-00007,image-00007.tiff,9,1.22054166666667,4.92508333333333,12.6545833333333,3.27245833333333,1.40604166666667,23.4807916666667,1
MR-03,MR-03_image-00007,image-00007.tiff,10,1.21479166666667,4.91329166666667,12.8111666666667,3.30358333333333,1.40616666666667,23.6508333333333,1
MR-03,MR-03_image-00008,image-00008.tiff,1,1.21979166666667,4.905375,12.7975416666667,3.310125,1.397875,23.6328333333333,1
MR-03,MR-03_image-00008,image-00008.tiff,2,1.22858333333333,4.90733333333333,12.8755,3.33120833333333,1.42079166666667,23.7651666666667,1
MR-03,MR-03_image-00008,image-00008.tiff,3,1.22195833333333,5.04975,13.1276666666667,3.24054166666667,1.61883333333333,24.2640416666667,1
MR-03,MR-03_image-00008,image-00008.tiff,4,1.40979166666667,4.97495833333333,12.7783333333333,3.39308333333333,1.47858333333333,24.0390416666667,1
MR-03,MR-03_image-00008,image-00008.tiff,5,1.22766666666667,5.00179166666667,12.8722083333333,3.34525,1.42729166666667,23.877,1
MR-03,MR-03_image-00008,image-00008.tiff,6,1.222125,4.94829166666667,13.0098333333333,3.360375,1.413,23.9560416666667,1
MR-03,MR-03_image-00008,image-00008.tiff,7,1.21566666666667,4.93604166666667,13.0685,3.24770833333333,1.413375,23.8834166666667,1
MR-03,MR-03_image-00008,image-00008.tiff,8,1.20483333333333,4.92675,13.093,3.32516666666667,1.41833333333333,23.9700416666667,1
MR-03,MR-03_image-00008,image-00008.tiff,9,1.21041666666667,4.92391666666667,12.982875,3.3515,1.40870833333333,23.8795416666667,1
MR-03,MR-03_image-00008,image-00008.tiff,10,1.21183333333333,4.93195833333333,13.1176666666667,3.35741666666667,1.40408333333333,24.0249166666667,1
MR-03,MR-03_image-00009,image-00009.tiff,1,1.22558333333333,4.933375,13.5082916666667,3.38191666666667,1.42370833333333,24.4752083333333,1
MR-03,MR-03_image-00009,image-00009.tiff,2,1.208625,4.925,12.976375,3.34616666666667,1.40741666666667,23.866,1
MR-03,MR-03_image-00009,image-00009.tiff,3,1.214375,4.922375,13.2392083333333,3.39479166666667,1.53383333333333,24.3085416666667,1
MR-03,MR-03_image-00009,image-00009.tiff,4,1.213375,5.016625,13.3030833333333,3.43695833333333,1.58408333333333,24.558875,1
MR-03,MR-03_image-00009,image-00009.tiff,5,1.22575,4.933875,13.03875,3.390625,1.42441666666667,24.0165833333333,1
MR-03,MR-03_image-00009,image-00009.tiff,6,1.23995833333333,4.944875,12.7370416666667,3.311125,1.41120833333333,23.647,1
MR-03,MR-03_image-00009,image-00009.tiff,7,1.21004166666667,4.9285,12.78175,3.31683333333333,1.4015,23.6405833333333,1
MR-03,MR-03_image-00009,image-00009.tiff,8,1.21308333333333,4.92270833333333,12.925375,3.33391666666667,1.40379166666667,23.801,1
MR-03,MR-03_image-00009,image-00009.tiff,9,1.21779166666667,4.91775,12.9449583333333,3.417625,1.4345,23.93525,1
MR-03,MR-03_image-00009,image-00009.tiff,10,1.22166666666667,4.94795833333333,13.0401666666667,3.35166666666667,1.41604166666667,23.98,1
MR-03,MR-03_image-00010,image-00010.tiff,1,1.221375,4.91066666666667,13.1212916666667,3.42370833333333,1.41983333333333,24.0991666666667,1
MR-03,MR-03_image-00010,image-00010.tiff,2,1.462,4.96245833333333,12.28725,3.25866666666667,1.45379166666667,23.4279583333333,1
MR-03,MR-03_image-00010,image-00010.tiff,3,1.21658333333333,4.93591666666667,12.6540416666667,3.19433333333333,1.47058333333333,23.4741666666667,1
MR-03,MR-03_image-00010,image-00010.tiff,4,1.31195833333333,5.06033333333333,13.3917083333333,3.48466666666667,1.65929166666667,24.914875,1
MR-03,MR-03_image-00010,image-00010.tiff,5,1.22391666666667,4.98416666666667,12.8080833333333,3.18625,1.49970833333333,23.7059583333333,1
MR-03,MR-03_image-00010,image-00010.tiff,6,1.218625,4.93825,12.71575,3.17325,1.43016666666667,23.4792083333333,1
MR-03,MR-03_image-00010,image-00010.tiff,7,1.209,4.92008333333333,12.666375,3.24283333333333,1.42654166666667,23.4671666666667,1
MR-03,MR-03_image-00010,image-00010.tiff,8,1.21125,4.944875,12.3564166666667,3.18129166666667,1.40708333333333,23.103125,1
MR-03,MR-03_image-00010,image-00010.tiff,9,1.20475,4.93820833333333,12.4615,3.23708333333333,1.40491666666667,23.2485,1
MR-03,MR-03_image-00010,image-00010.tiff,10,1.21970833333333,4.94820833333333,12.3675,3.18408333333333,1.41466666666667,23.1363333333333,1
MR-03,MR-03_image-00011,image-00011.tiff,1,1.21341666666667,4.92616666666667,12.6158333333333,3.28475,1.40708333333333,23.4498333333333,1
MR-03,MR-03_image-00011,image-00011.tiff,2,1.21454166666667,4.923125,12.6539583333333,3.26570833333333,1.41016666666667,23.469625,1
MR-03,MR-03_image-00011,image-00011.tiff,3,1.20975,4.924875,12.531375,3.23641666666667,1.40395833333333,23.308375,1
MR-03,MR-03_image-00011,image-00011.tiff,4,1.21433333333333,4.92183333333333,12.8053333333333,3.36666666666667,1.54495833333333,23.8565833333333,1
MR-03,MR-03_image-00011,image-00011.tiff,5,1.22791666666667,4.96241666666667,12.8304583333333,3.31608333333333,1.55766666666667,23.8992083333333,1
MR-03,MR-03_image-00011,image-00011.tiff,6,1.22329166666667,4.93675,12.7827083333333,3.29266666666667,1.41591666666667,23.6545416666667,1
MR-03,MR-03_image-00011,image-00011.tiff,7,1.218375,4.91566666666667,12.620125,3.28770833333333,1.4215,23.4657916666667,1
MR-03,MR-03_image-00011,image-00011.tiff,8,1.21166666666667,4.92716666666667,12.530875,3.27070833333333,1.41529166666667,23.3577083333333,1
MR-03,MR-03_image-00011,image-00011.tiff,9,1.21066666666667,4.91670833333333,12.749375,3.26391666666667,1.40683333333333,23.549625,1
MR-03,MR-03_image-00011,image-00011.tiff,10,1.21325,4.937875,12.350375,3.43391666666667,1.42241666666667,23.3605,1
MR-03,MR-03_image-00012,image-00012.tiff,1,1.21216666666667,4.91504166666667,13.0044166666667,3.35208333333333,1.41966666666667,23.905625,1
MR-03,MR-03_image-00012,image-00012.tiff,2,1.20933333333333,4.91108333333333,13.0179166666667,3.362125,1.41279166666667,23.9154166666667,1
MR-03,MR-03_image-00012,image-00012.tiff,3,1.21016666666667,4.90429166666667,12.9604166666667,3.30666666666667,1.41229166666667,23.795875,1
MR-03,MR-03_image-00012,image-00012.tiff,4,1.20679166666667,4.9305,12.8868333333333,3.38170833333333,1.42245833333333,23.8303333333333,1
MR-03,MR-03_image-00012,image-00012.tiff,5,1.22554166666667,5.06975,13.1678333333333,3.458375,1.55445833333333,24.481375,1
MR-03,MR-03_image-00012,image-00012.tiff,6,1.24854166666667,4.963875,13.146875,3.25333333333333,1.49604166666667,24.1121666666667,1
MR-03,MR-03_image-00012,image-00012.tiff,7,1.22391666666667,4.972625,12.721625,3.20445833333333,1.422125,23.5477916666667,1
MR-03,MR-03_image-00012,image-00012.tiff,8,1.21779166666667,4.95329166666667,12.5626666666667,3.19258333333333,1.41475,23.3434166666667,1
MR-03,MR-03_image-00012,image-00012.tiff,9,1.2155,4.953,12.6124583333333,3.251,1.40770833333333,23.4418333333333,1
MR-03,MR-03_image-00012,image-00012.tiff,10,1.213125,4.93908333333333,12.4597916666667,3.26341666666667,1.415375,23.29275,1
MR-03,MR-03_image-00013,image-00013.tiff,1,1.21395833333333,4.93445833333333,12.6053333333333,3.19691666666667,1.42558333333333,23.3783333333333,1
MR-03,MR-03_image-00013,image-00013.tiff,2,1.21145833333333,4.94216666666667,12.873625,3.18695833333333,1.41283333333333,23.6290416666667,1
MR-03,MR-03_image-00013,image-00013.tiff,3,1.22454166666667,4.93341666666667,12.8062083333333,3.24075,1.39895833333333,23.6057916666667,1
MR-03,MR-03_image-00013,image-00013.tiff,4,1.20866666666667,4.94283333333333,12.4737083333333,3.217,1.401375,23.2455,1
MR-03,MR-03_image-00013,image-00013.tiff,5,1.21558333333333,4.92154166666667,12.824125,3.411875,1.556875,23.9325416666667,1
MR-03,MR-03_image-00013,image-00013.tiff,6,1.22625,4.970125,13.0742083333333,3.34504166666667,1.6005,24.2204583333333,1
MR-03,MR-03_image-00013,image-00013.tiff,7,1.22641666666667,5.01691666666667,12.5814166666667,3.26716666666667,1.415,23.5102916666667,1
MR-03,MR-03_image-00013,image-00013.tiff,8,1.20816666666667,4.98783333333333,12.7945833333333,3.26641666666667,1.47608333333333,23.73625,1
MR-03,MR-03_image-00013,image-00013.tiff,9,1.21620833333333,4.99283333333333,12.5659166666667,3.13258333333333,1.412875,23.3230833333333,1
MR-03,MR-03_image-00013,image-00013.tiff,10,1.388875,4.99120833333333,12.69775,3.18183333333333,1.40875,23.6709583333333,1
MR-03,MR-03_image-00014,image-00014.tiff,1,1.24395833333333,5.19041666666667,12.7145833333333,3.115,1.42754166666667,23.6949166666667,1
MR-03,MR-03_image-00014,image-00014.tiff,2,1.21279166666667,4.96320833333333,12.6752916666667,3.1675,1.42354166666667,23.4451666666667,1
MR-03,MR-03_image-00014,image-00014.tiff,3,1.219125,4.94783333333333,12.7634166666667,3.14779166666667,1.41816666666667,23.4985833333333,1
MR-03,MR-03_image-00014,image-00014.tiff,4,1.21208333333333,4.9455,12.7215833333333,3.12783333333333,1.400875,23.40975,1
MR-03,MR-03_image-00014,image-00014.tiff,5,1.20804166666667,4.935875,12.5547083333333,3.12616666666667,1.40641666666667,23.23325,1
MR-03,MR-03_image-00014,image-00014.tiff,6,1.213125,4.924125,12.6084583333333,3.13970833333333,1.40870833333333,23.296,1
MR-03,MR-03_image-00014,image-00014.tiff,7,1.20579166666667,4.93525,12.5952083333333,3.11408333333333,1.40170833333333,23.2539583333333,1
MR-03,MR-03_image-00014,image-00014.tiff,8,1.21583333333333,4.9565,12.7384583333333,3.11941666666667,1.406875,23.439,1
MR-03,MR-03_image-00014,image-00014.tiff,9,1.20341666666667,4.941375,12.77525,3.11825,1.405875,23.446,1
MR-03,MR-03_image-00014,image-00014.tiff,10,1.21025,4.91766666666667,12.6492083333333,3.114125,1.39629166666667,23.2893333333333,1
MR-03,MR-03_image-00015,image-00015.tiff,1,1.24683333333333,5.136625,12.7422916666667,3.226,1.58433333333333,23.941625,1
MR-03,MR-03_image-00015,image-00015.tiff,2,1.225125,4.99579166666667,12.9763333333333,3.30816666666667,1.46333333333333,23.9722083333333,1
MR-03,MR-03_image-00015,image-00015.tiff,3,1.21895833333333,4.9615,12.9606666666667,3.22333333333333,1.43875,23.8056666666667,1
MR-03,MR-03_image-00015,image-00015.tiff,4,1.22245833333333,4.94433333333333,13.1579583333333,3.26970833333333,1.410875,24.0079583333333,1
MR-03,MR-03_image-00015,image-00015.tiff,5,1.234625,4.93270833333333,12.8536666666667,3.28658333333333,1.42558333333333,23.7353333333333,1
MR-03,MR-03_image-00015,image-00015.tiff,6,1.22329166666667,4.917875,13.0775416666667,3.22541666666667,1.40975,23.855875,1
MR-03,MR-03_image-00015,image-00015.tiff,7,1.248875,5.00304166666667,13.469125,3.513125,1.5555,24.7975416666667,1
MR-03,MR-03_image-00015,image-00015.tiff,8,1.46929166666667,5.04529166666667,12.2674166666667,3.15245833333333,1.470125,23.4090416666667,1
MR-03,MR-03_image-00015,image-00015.tiff,9,1.236875,4.99683333333333,12.5075833333333,3.27783333333333,1.43941666666667,23.4615833333333,1
MR-03,MR-03_image-00015,image-00015.tiff,10,1.21479166666667,4.99370833333333,12.3295416666667,3.22016666666667,1.40545833333333,23.1661666666667,1
MR-03,MR-03_image-00016,image-00016.tiff,1,1.22429166666667,5.06495833333333,12.6824166666667,3.20320833333333,1.554,23.733375,1
MR-03,MR-03_image-00016,image-00016.tiff,2,1.21495833333333,4.92208333333333,12.36725,3.22925,1.417125,23.1538333333333,1
MR-03,MR-03_image-00016,image-00016.tiff,3,1.20195833333333,4.94429166666667,12.4819166666667,3.165875,1.41991666666667,23.2162916666667,1
MR-03,MR-03_image-00016,image-00016.tiff,4,1.215625,4.92025,12.394625,3.224875,1.41904166666667,23.1766666666667,1
MR-03,MR-03_image-00016,image-00016.tiff,5,1.21391666666667,4.91020833333333,12.443875,3.216375,1.40204166666667,23.18825,1
MR-03,MR-03_image-00016,image-00016.tiff,6,1.21316666666667,4.9035,12.5092916666667,3.23325,1.40295833333333,23.264125,1
MR-03,MR-03_image-00016,image-00016.tiff,7,1.2145,4.90270833333333,12.2670416666667,3.18929166666667,1.38941666666667,22.96475,1
MR-03,MR-03_image-00016,image-00016.tiff,8,1.212625,4.917,12.4454166666667,3.187875,1.39825,23.163,1
MR-03,MR-03_image-00016,image-00016.tiff,9,1.213875,4.91075,12.434875,3.204875,1.398,23.1641666666667,1
MR-03,MR-03_image-00016,image-00016.tiff,10,1.21691666666667,4.96570833333333,12.6391666666667,3.30633333333333,1.49045833333333,23.6209583333333,1
MR-03,MR-03_image-00017,image-00017.tiff,1,1.22720833333333,4.95425,12.9788333333333,3.454875,1.660625,24.2795833333333,1
MR-03,MR-03_image-00017,image-00017.tiff,2,1.24083333333333,4.9445,12.8074166666667,3.21004166666667,1.42854166666667,23.6352083333333,1
MR-03,MR-03_image-00017,image-00017.tiff,3,1.21229166666667,4.97695833333333,12.9074583333333,3.456125,1.47354166666667,24.02925,1
MR-03,MR-03_image-00017,image-00017.tiff,4,1.21816666666667,4.9435,13.354875,3.35525,1.41383333333333,24.2882916666667,1
MR-03,MR-03_image-00017,image-00017.tiff,5,1.21929166666667,4.918875,12.8583333333333,3.35295833333333,1.4095,23.7612083333333,1
MR-03,MR-03_image-00017,image-00017.tiff,6,1.48333333333333,4.996875,13.062,3.350625,1.40520833333333,24.3012916666667,1
MR-03,MR-03_image-00017,image-00017.tiff,7,1.21179166666667,4.91404166666667,12.960625,3.34516666666667,1.41179166666667,23.84575,1
MR-03,MR-03_image-00017,image-00017.tiff,8,1.203625,4.96141666666667,12.8173333333333,3.31966666666667,1.41725,23.7215,1
MR-03,MR-03_image-00017,image-00017.tiff,9,1.20695833333333,4.93291666666667,12.8385416666667,3.336,1.41429166666667,23.7307083333333,1
MR-03,MR-03_image-00017,image-00017.tiff,10,1.22216666666667,4.94575,12.8044583333333,3.30816666666667,1.38641666666667,23.6688333333333,1
MR-03,MR-03_image-00018,image-00018.tiff,1,1.218625,4.95845833333333,12.791875,3.28291666666667,1.40708333333333,23.661125,1
MR-03,MR-03_image-00018,image-00018.tiff,2,1.22420833333333,5.18933333333333,13.2623333333333,3.436625,1.65179166666667,24.7710416666667,1
MR-03,MR-03_image-00018,image-00018.tiff,3,1.228375,4.99720833333333,12.9504583333333,3.13179166666667,1.45608333333333,23.7685,1
MR-03,MR-03_image-00018,image-00018.tiff,4,1.2355,4.9855,12.6613333333333,3.29133333333333,1.42133333333333,23.5975833333333,1
MR-03,MR-03_image-00018,image-00018.tiff,5,1.228375,4.987875,12.6809166666667,3.30370833333333,1.40266666666667,23.6057916666667,1
MR-03,MR-03_image-00018,image-00018.tiff,6,1.22,4.95491666666667,12.5448333333333,3.23866666666667,1.39958333333333,23.3600833333333,1
MR-03,MR-03_image-00018,image-00018.tiff,7,1.2035,4.93166666666667,12.4530833333333,3.219375,1.40729166666667,23.216875,1
MR-03,MR-03_image-00018,image-00018.tiff,8,1.20725,4.95191666666667,12.736125,3.34341666666667,1.45116666666667,23.69225,1
MR-03,MR-03_image-00018,image-00018.tiff,9,1.21833333333333,4.94254166666667,13.1582916666667,3.38166666666667,1.412125,24.1157916666667,1
MR-03,MR-03_image-00018,image-00018.tiff,10,1.21595833333333,4.94270833333333,13.05375,3.303875,1.42620833333333,23.9448333333333,1
MR-03,MR-03_image-00019,image-00019.tiff,1,1.206375,4.928375,12.52875,3.299625,1.40941666666667,23.37475,1
MR-03,MR-03_image-00019,image-00019.tiff,2,1.22591666666667,4.94870833333333,13.21175,3.40191666666667,1.649375,24.44125,1
MR-03,MR-03_image-00019,image-00019.tiff,3,1.24054166666667,4.97829166666667,12.9585416666667,3.22808333333333,1.470625,23.8798333333333,1
MR-03,MR-03_image-00019,image-00019.tiff,4,1.436375,4.93908333333333,13.17425,3.199625,1.44858333333333,24.2013333333333,1
MR-03,MR-03_image-00019,image-00019.tiff,5,1.21416666666667,4.92945833333333,12.3462916666667,3.124125,1.42875,23.0455416666667,1
MR-03,MR-03_image-00019,image-00019.tiff,6,1.21279166666667,4.94216666666667,12.43025,3.077125,1.410625,23.0753333333333,1
MR-03,MR-03_image-00019,image-00019.tiff,7,1.22508333333333,4.92258333333333,12.3077083333333,3.099,1.40233333333333,22.9588333333333,1
MR-03,MR-03_image-00019,image-00019.tiff,8,1.208125,4.90354166666667,12.3246666666667,3.08604166666667,1.40920833333333,22.933625,1
MR-03,MR-03_image-00019,image-00019.tiff,9,1.22445833333333,4.93125,12.2199166666667,3.08725,1.41045833333333,22.8754166666667,1
MR-03,MR-03_image-00019,image-00019.tiff,10,1.220375,4.908,12.2834583333333,3.05758333333333,1.40770833333333,22.87925,1
MR-03,MR-03_image-00020,image-00020.tiff,1,1.21275,4.96120833333333,13.2125416666667,3.26708333333333,1.402,24.0578333333333,1
MR-03,MR-03_image-00020,image-00020.tiff,2,1.20920833333333,4.95116666666667,13.2475833333333,3.28470833333333,1.68020833333333,24.375875,1
MR-03,MR-03_image-00020,image-00020.tiff,3,1.22195833333333,5.04608333333333,12.58925,3.176875,1.50358333333333,23.54275,1
MR-03,MR-03_image-00020,image-00020.tiff,4,1.22475,5.02054166666667,13.444875,3.49083333333333,1.44083333333333,24.6250833333333,1
MR-03,MR-03_image-00020,image-00020.tiff,5,1.2285,4.927125,13.1347916666667,3.33475,1.42070833333333,24.048375,1
MR-03,MR-03_image-00020,image-00020.tiff,6,1.22766666666667,4.92325,13.23025,3.35829166666667,1.41275,24.1544583333333,1
MR-03,MR-03_image-00020,image-00020.tiff,7,1.23304166666667,4.92129166666667,12.9023333333333,3.37970833333333,1.412375,23.8508333333333,1
MR-03,MR-03_image-00020,image-00020.tiff,8,1.21741666666667,4.98175,12.473375,3.12720833333333,1.44066666666667,23.243375,1
MR-03,MR-03_image-00020,image-00020.tiff,9,1.22545833333333,4.938625,12.35375,3.184125,1.41670833333333,23.1211666666667,1
MR-03,MR-03_image-00020,image-00020.tiff,10,1.21825,5.02691666666667,13.0950416666667,3.33833333333333,1.43433333333333,24.1154166666667,1
MR-03,MR-03_image-00021,image-00021.tiff,1,1.213,4.94604166666667,13.1619583333333,3.36504166666667,1.415125,24.1033333333333,1
MR-03,MR-03_image-00021,image-00021.tiff,2,1.47425,4.97208333333333,12.7305833333333,3.24416666666667,1.456125,23.8801666666667,1
MR-03,MR-03_image-00021,image-00021.tiff,3,1.284625,5.11766666666667,13.153125,3.38245833333333,1.56933333333333,24.51275,1
MR-03,MR-03_image-00021,image-00021.tiff,4,1.23279166666667,5.00004166666667,12.89975,3.19645833333333,1.433625,23.7659166666667,1
MR-03,MR-03_image-00021,image-00021.tiff,5,1.2125,4.94529166666667,12.5445833333333,3.38741666666667,1.42279166666667,23.5147916666667,1
MR-03,MR-03_image-00021,image-00021.tiff,6,1.20641666666667,4.93870833333333,12.561,3.371375,1.41958333333333,23.49925,1
MR-03,MR-03_image-00021,image-00021.tiff,7,1.22845833333333,4.943875,12.5084583333333,3.34620833333333,1.41475,23.4437083333333,1
MR-03,MR-03_image-00021,image-00021.tiff,8,1.218375,4.95725,12.4515,3.35929166666667,1.400125,23.388375,1
MR-03,MR-03_image-00021,image-00021.tiff,9,1.21379166666667,4.91604166666667,12.4492083333333,3.31408333333333,1.40254166666667,23.2977916666667,1
MR-03,MR-03_image-00021,image-00021.tiff,10,1.202875,4.914875,12.5929583333333,3.31991666666667,1.402125,23.4347083333333,1
MR-03,MR-03_image-00022,image-00022.tiff,1,1.21166666666667,4.948,12.5706666666667,3.37725,1.42554166666667,23.5355416666667,1
MR-03,MR-03_image-00022,image-00022.tiff,2,1.22758333333333,4.95791666666667,12.852875,3.29733333333333,1.418875,23.7566666666667,1
MR-03,MR-03_image-00022,image-00022.tiff,3,1.216625,4.95166666666667,12.7449583333333,3.42629166666667,1.54804166666667,23.891,1
MR-03,MR-03_image-00022,image-00022.tiff,4,1.21679166666667,5.00725,13.0802083333333,3.41104166666667,1.52075,24.2399583333333,1
MR-03,MR-03_image-00022,image-00022.tiff,5,1.229,4.998625,12.7425416666667,3.35108333333333,1.427625,23.752,1
MR-03,MR-03_image-00022,image-00022.tiff,6,1.21625,4.93754166666667,12.7185,3.36370833333333,1.40966666666667,23.64775,1
MR-03,MR-03_image-00022,image-00022.tiff,7,1.20629166666667,4.939125,12.7774166666667,3.38216666666667,1.446875,23.75425,1
MR-03,MR-03_image-00022,image-00022.tiff,8,1.23804166666667,4.963125,13.2247916666667,3.43516666666667,1.40558333333333,24.2690416666667,1
MR-03,MR-03_image-00022,image-00022.tiff,9,1.215375,5.00166666666667,12.8655416666667,3.23895833333333,1.418625,23.7424166666667,1
MR-03,MR-03_image-00022,image-00022.tiff,10,1.217375,4.92395833333333,12.7645416666667,3.24691666666667,1.40941666666667,23.5643333333333,1
MR-03,MR-03_image-00023,image-00023.tiff,1,1.20766666666667,4.91779166666667,12.5960833333333,3.332,1.40995833333333,23.4660416666667,1
MR-03,MR-03_image-00023,image-00023.tiff,2,1.21220833333333,4.92658333333333,12.66325,3.30729166666667,1.42670833333333,23.5382083333333,1
MR-03,MR-03_image-00023,image-00023.tiff,3,1.22291666666667,4.92283333333333,12.77375,3.32083333333333,1.40616666666667,23.648625,1
MR-03,MR-03_image-00023,image-00023.tiff,4,1.206,5.10358333333333,13.0024166666667,3.34666666666667,1.56604166666667,24.2295416666667,1
MR-03,MR-03_image-00023,image-00023.tiff,5,1.21866666666667,4.97325,12.747875,3.487875,1.51316666666667,23.9439583333333,1
MR-03,MR-03_image-00023,image-00023.tiff,6,1.22345833333333,4.95375,12.8606666666667,3.22625,1.42533333333333,23.692625,1
MR-03,MR-03_image-00023,image-00023.tiff,7,1.23325,4.96445833333333,12.4865,3.14266666666667,1.42554166666667,23.2549166666667,1
MR-03,MR-03_image-00023,image-00023.tiff,8,1.20695833333333,4.931,12.44275,3.112,1.41754166666667,23.112625,1
MR-03,MR-03_image-00023,image-00023.tiff,9,1.21366666666667,4.922875,12.3363333333333,3.136625,1.40595833333333,23.0176666666667,1
MR-03,MR-03_image-00023,image-00023.tiff,10,1.20820833333333,4.95120833333333,12.464875,3.09891666666667,1.39833333333333,23.1235416666667,1
MR-04,MR-04_image-00002,image-00002.tiff,1,1.24529166666667,4.97216666666667,10.1811666666667,NaN,NaN,16.4489166666667,0
MR-04,MR-04_image-00002,image-00002.tiff,2,1.24870833333333,4.97608333333333,10.28425,NaN,NaN,16.5175,0
MR-04,MR-04_image-00002,image-00002.tiff,3,1.21195833333333,4.93391666666667,10.2211666666667,NaN,NaN,16.3689583333333,0
MR-04,MR-04_image-00002,image-00002.tiff,4,1.2175,4.93208333333333,10.0687916666667,NaN,NaN,16.2199583333333,0
MR-04,MR-04_image-00002,image-00002.tiff,5,1.21679166666667,4.93683333333333,10.20825,NaN,NaN,16.3633333333333,0
MR-04,MR-04_image-00002,image-00002.tiff,6,1.21866666666667,4.95566666666667,10.0469166666667,NaN,NaN,16.2227916666667,0
MR-04,MR-04_image-00002,image-00002.tiff,7,1.22495833333333,4.98791666666667,10.234,NaN,NaN,16.449125,0
MR-04,MR-04_image-00002,image-00002.tiff,8,1.25125,4.99720833333333,11.2895416666667,NaN,NaN,17.5409166666667,0
MR-04,MR-04_image-00002,image-00002.tiff,9,1.31404166666667,4.99116666666667,11.2387083333333,NaN,NaN,17.5469166666667,0
MR-04,MR-04_image-00002,image-00002.tiff,10,1.23741666666667,5.03279166666667,10.1927083333333,NaN,NaN,16.466875,0
MR-04,MR-04_image-00003,image-00003.tiff,1,1.23491666666667,4.94920833333333,10.138375,NaN,NaN,16.3244166666667,0
MR-04,MR-04_image-00003,image-00003.tiff,2,1.23029166666667,4.97845833333333,10.0732083333333,NaN,NaN,16.2838333333333,0
MR-04,MR-04_image-00003,image-00003.tiff,3,1.22854166666667,4.96304166666667,10.3004583333333,NaN,NaN,16.4936666666667,0
MR-04,MR-04_image-00003,image-00003.tiff,4,1.243,4.94958333333333,10.220375,NaN,NaN,16.415625,0
MR-04,MR-04_image-00003,image-00003.tiff,5,1.31383333333333,5.14704166666667,10.314625,NaN,NaN,16.7802916666667,0
MR-04,MR-04_image-00003,image-00003.tiff,6,1.279125,4.98108333333333,10.0124583333333,NaN,NaN,16.27475,0
MR-04,MR-04_image-00003,image-00003.tiff,7,1.26608333333333,4.99675,10.1415833333333,NaN,NaN,16.406625,0
MR-04,MR-04_image-00003,image-00003.tiff,8,1.21970833333333,4.99083333333333,10.2951666666667,NaN,NaN,16.507375,0
MR-04,MR-04_image-00003,image-00003.tiff,9,1.41333333333333,4.936375,11.1362083333333,NaN,NaN,17.48825,0
MR-04,MR-04_image-00003,image-00003.tiff,10,1.226875,4.91745833333333,11.11525,NaN,NaN,17.2615416666667,0
MR-04,MR-04_image-00004,image-00004.tiff,1,1.22416666666667,5.03345833333333,10.4766666666667,NaN,NaN,16.73725,0
MR-04,MR-04_image-00004,image-00004.tiff,2,1.397375,4.99866666666667,10.5675416666667,NaN,NaN,16.9669166666667,0
MR-04,MR-04_image-00004,image-00004.tiff,3,1.222625,4.96866666666667,10.56575,NaN,NaN,16.7586666666667,0
MR-04,MR-04_image-00004,image-00004.tiff,4,1.22504166666667,4.93420833333333,10.479375,NaN,NaN,16.64025,0
MR-04,MR-04_image-00004,image-00004.tiff,5,1.23304166666667,4.93641666666667,10.5819166666667,NaN,NaN,16.7530416666667,0
MR-04,MR-04_image-00004,image-00004.tiff,6,1.21704166666667,4.95966666666667,10.2989166666667,NaN,NaN,16.4770416666667,0
MR-04,MR-04_image-00004,image-00004.tiff,7,1.22504166666667,4.94979166666667,10.4383333333333,NaN,NaN,16.615,0
MR-04,MR-04_image-00004,image-00004.tiff,8,1.26675,5.084625,10.2139166666667,NaN,NaN,16.5675833333333,0
MR-04,MR-04_image-00004,image-00004.tiff,9,1.22579166666667,4.97420833333333,10.1936666666667,NaN,NaN,16.3956666666667,0
MR-04,MR-04_image-00004,image-00004.tiff,10,1.21158333333333,4.98445833333333,10.4809583333333,NaN,NaN,16.6787916666667,0
MR-04,MR-04_image-00005,image-00005.tiff,1,1.21620833333333,4.93479166666667,10.4135,NaN,NaN,16.5661666666667,0
MR-04,MR-04_image-00005,image-00005.tiff,2,1.21670833333333,4.953125,10.5139583333333,NaN,NaN,16.685625,0
MR-04,MR-04_image-00005,image-00005.tiff,3,1.24891666666667,4.958125,10.3140833333333,NaN,NaN,16.5233333333333,0
MR-04,MR-04_image-00005,image-00005.tiff,4,1.22495833333333,4.95633333333333,10.4149166666667,NaN,NaN,16.5982083333333,0
MR-04,MR-04_image-00005,image-00005.tiff,5,1.20966666666667,4.94066666666667,10.2310833333333,NaN,NaN,16.3831666666667,0
MR-04,MR-04_image-00005,image-00005.tiff,6,1.21629166666667,4.94808333333333,10.4712916666667,NaN,NaN,16.63725,0
MR-04,MR-04_image-00005,image-00005.tiff,7,1.21275,4.95991666666667,10.6212083333333,NaN,NaN,16.796375,0
MR-04,MR-04_image-00005,image-00005.tiff,8,1.29908333333333,5.09366666666667,10.406625,NaN,NaN,16.8067916666667,0
MR-04,MR-04_image-00005,image-00005.tiff,9,1.28058333333333,4.95170833333333,10.4286666666667,NaN,NaN,16.6639166666667,0
MR-04,MR-04_image-00005,image-00005.tiff,10,1.22266666666667,4.93958333333333,10.9268333333333,NaN,NaN,17.09125,0
MR-04,MR-04_image-00006,image-00006.tiff,1,1.229625,4.947875,10.2912916666667,NaN,NaN,16.4705,0
MR-04,MR-04_image-00006,image-00006.tiff,2,1.222125,4.93295833333333,10.4826666666667,NaN,NaN,16.6395416666667,0
MR-04,MR-04_image-00006,image-00006.tiff,3,1.21658333333333,4.94583333333333,10.3599583333333,NaN,NaN,16.524125,0
MR-04,MR-04_image-00006,image-00006.tiff,4,1.22270833333333,4.95041666666667,10.401875,NaN,NaN,16.5767083333333,0
MR-04,MR-04_image-00006,image-00006.tiff,5,1.29495833333333,5.00283333333333,10.5690833333333,NaN,NaN,16.8702083333333,0
MR-04,MR-04_image-00006,image-00006.tiff,6,1.30658333333333,5.00695833333333,10.256875,NaN,NaN,16.573625,0
MR-04,MR-04_image-00006,image-00006.tiff,7,1.228625,4.95691666666667,10.585125,NaN,NaN,16.772875,0
MR-04,MR-04_image-00006,image-00006.tiff,8,1.23545833333333,4.95875,10.17875,NaN,NaN,16.3751666666667,0
MR-04,MR-04_image-00006,image-00006.tiff,9,1.23070833333333,4.93679166666667,10.30825,NaN,NaN,16.4776666666667,0
MR-04,MR-04_image-00006,image-00006.tiff,10,1.22670833333333,4.93316666666667,10.1504166666667,NaN,NaN,16.3119583333333,0
MR-04,MR-04_image-00007,image-00007.tiff,1,1.23295833333333,5.01808333333333,22.5033333333333,3.43275,1.68854166666667,33.880125,1
MR-04,MR-04_image-00007,image-00007.tiff,2,1.23166666666667,4.92229166666667,22.0578333333333,3.306375,1.440875,32.962,1
MR-04,MR-04_image-00007,image-00007.tiff,3,1.21408333333333,4.959875,22.4197083333333,3.28454166666667,1.41204166666667,33.293,1
MR-04,MR-04_image-00007,image-00007.tiff,4,1.20879166666667,4.95541666666667,22.296375,3.317,1.41516666666667,33.19525,1
MR-04,MR-04_image-00007,image-00007.tiff,5,1.21604166666667,4.93133333333333,22.5759166666667,3.3025,1.40441666666667,33.4325,1
MR-04,MR-04_image-00007,image-00007.tiff,6,1.20795833333333,4.91375,22.2257916666667,3.27725,1.405125,33.0319166666667,1
MR-04,MR-04_image-00007,image-00007.tiff,7,1.21691666666667,4.91583333333333,22.2674583333333,3.28133333333333,1.40941666666667,33.0929583333333,1
MR-04,MR-04_image-00007,image-00007.tiff,8,1.21970833333333,4.91916666666667,22.2087083333333,3.31233333333333,1.398125,33.06,1
MR-04,MR-04_image-00007,image-00007.tiff,9,1.22225,4.91579166666667,22.18375,3.33558333333333,1.39616666666667,33.0554583333333,1
MR-04,MR-04_image-00007,image-00007.tiff,10,1.21333333333333,4.92141666666667,22.12125,3.317625,1.40720833333333,32.982625,1
MR-04,MR-04_image-00008,image-00008.tiff,1,1.21066666666667,4.91104166666667,21.1059166666667,3.26141666666667,1.40445833333333,31.8956666666667,1
MR-04,MR-04_image-00008,image-00008.tiff,2,1.211625,4.93658333333333,21.6629583333333,3.43783333333333,1.57708333333333,32.8301666666667,1
MR-04,MR-04_image-00008,image-00008.tiff,3,1.22470833333333,4.97608333333333,21.6936666666667,3.43554166666667,1.50575,32.8397916666667,1
MR-04,MR-04_image-00008,image-00008.tiff,4,1.220125,4.96233333333333,20.8805416666667,3.22616666666667,1.46429166666667,31.7565,1
MR-04,MR-04_image-00008,image-00008.tiff,5,1.211625,4.95441666666667,20.850875,3.43345833333333,1.42833333333333,31.8815416666667,1
MR-04,MR-04_image-00008,image-00008.tiff,6,1.20733333333333,4.94970833333333,20.647875,3.246125,1.41295833333333,31.4662916666667,1
MR-04,MR-04_image-00008,image-00008.tiff,7,1.21966666666667,4.92254166666667,20.8315416666667,3.27958333333333,1.402,31.6575,1
MR-04,MR-04_image-00008,image-00008.tiff,8,1.22045833333333,4.94858333333333,20.961,3.25708333333333,1.400375,31.789375,1
MR-04,MR-04_image-00008,image-00008.tiff,9,1.221125,4.93879166666667,20.8575416666667,3.21675,1.43470833333333,31.670875,1
MR-04,MR-04_image-00008,image-00008.tiff,10,1.20841666666667,4.94441666666667,20.5833333333333,3.198875,1.40979166666667,31.3472916666667,1
MR-04,MR-04_image-00009,image-00009.tiff,1,1.22933333333333,4.931875,20.515375,3.39904166666667,1.42345833333333,31.501875,1
MR-04,MR-04_image-00009,image-00009.tiff,2,1.21345833333333,4.98116666666667,20.5202083333333,3.42508333333333,1.41479166666667,31.5572083333333,1
MR-04,MR-04_image-00009,image-00009.tiff,3,1.233625,4.933125,20.6090416666667,3.38304166666667,1.40691666666667,31.5679166666667,1
MR-04,MR-04_image-00009,image-00009.tiff,4,1.21558333333333,4.914625,20.5536666666667,3.35579166666667,1.40870833333333,31.4505416666667,1
MR-04,MR-04_image-00009,image-00009.tiff,5,1.21916666666667,4.92616666666667,20.6442916666667,3.354375,1.4115,31.5575833333333,1
MR-04,MR-04_image-00009,image-00009.tiff,6,1.21045833333333,4.92666666666667,20.7472916666667,3.38433333333333,1.41425,31.685,1
MR-04,MR-04_image-00009,image-00009.tiff,7,1.230125,4.922625,20.4622916666667,3.34020833333333,1.40508333333333,31.3624166666667,1
MR-04,MR-04_image-00009,image-00009.tiff,8,1.21633333333333,4.96908333333333,20.6259166666667,3.25379166666667,1.456,31.524625,1
MR-04,MR-04_image-00009,image-00009.tiff,9,1.22104166666667,4.94729166666667,20.9849166666667,3.384625,1.42220833333333,31.9630833333333,1
MR-04,MR-04_image-00009,image-00009.tiff,10,1.22308333333333,5.10604166666667,21.06425,3.27304166666667,1.41620833333333,32.085125,1
MR-04,MR-04_image-00010,image-00010.tiff,1,1.22745833333333,4.92504166666667,19.812625,3.32016666666667,1.50066666666667,30.7884166666667,1
MR-04,MR-04_image-00010,image-00010.tiff,2,1.33791666666667,4.94416666666667,20.3522916666667,3.51620833333333,1.55925,31.7145,1
MR-04,MR-04_image-00010,image-00010.tiff,3,1.218875,4.97941666666667,20.3685833333333,3.55670833333333,1.50658333333333,31.6335416666667,1
MR-04,MR-04_image-00010,image-00010.tiff,4,1.22520833333333,4.9805,19.2487916666667,3.18666666666667,1.42495833333333,30.06925,1
MR-04,MR-04_image-00010,image-00010.tiff,5,1.22183333333333,4.944375,19.51725,3.23591666666667,1.43158333333333,30.3537083333333,1
MR-04,MR-04_image-00010,image-00010.tiff,6,1.22329166666667,4.93929166666667,19.4859583333333,3.19704166666667,1.41295833333333,30.260875,1
MR-04,MR-04_image-00010,image-00010.tiff,7,1.21683333333333,4.92441666666667,19.4754166666667,3.15420833333333,1.40325,30.176375,1
MR-04,MR-04_image-00010,image-00010.tiff,8,1.21370833333333,4.94125,19.3055833333333,3.147625,1.40491666666667,30.015,1
MR-04,MR-04_image-00010,image-00010.tiff,9,1.21254166666667,4.93008333333333,19.4437916666667,3.14179166666667,1.629125,30.359375,1
MR-04,MR-04_image-00010,image-00010.tiff,10,1.21520833333333,4.91225,19.862375,3.30770833333333,1.41395833333333,30.71425,1
MR-04,MR-04_image-00011,image-00011.tiff,1,1.224625,4.997,20.192,3.44208333333333,1.44425,31.3030416666667,1
MR-04,MR-04_image-00011,image-00011.tiff,2,1.21616666666667,4.93054166666667,19.6353333333333,3.39075,1.46295833333333,30.638125,1
MR-04,MR-04_image-00011,image-00011.tiff,3,1.216875,4.97641666666667,19.352,3.156,1.42,30.1238333333333,1
MR-04,MR-04_image-00011,image-00011.tiff,4,1.22725,4.92858333333333,19.5071666666667,3.169,1.40245833333333,30.2366666666667,1
MR-04,MR-04_image-00011,image-00011.tiff,5,1.21833333333333,4.94258333333333,19.7521666666667,3.17095833333333,1.40345833333333,30.4895416666667,1
MR-04,MR-04_image-00011,image-00011.tiff,6,1.21470833333333,5.008125,19.6709583333333,3.19370833333333,1.39808333333333,30.4876666666667,1
MR-04,MR-04_image-00011,image-00011.tiff,7,1.21266666666667,4.90383333333333,19.493,3.19833333333333,1.402125,30.2116666666667,1
MR-04,MR-04_image-00011,image-00011.tiff,8,1.21816666666667,4.90695833333333,19.6025833333333,3.50095833333333,1.48079166666667,30.711625,1
MR-04,MR-04_image-00011,image-00011.tiff,9,1.21804166666667,4.97783333333333,19.6395833333333,3.41558333333333,1.420125,30.6735833333333,1
MR-04,MR-04_image-00011,image-00011.tiff,10,1.243625,4.92379166666667,19.438875,3.39970833333333,1.41033333333333,30.4184166666667,1
MR-04,MR-04_image-00012,image-00012.tiff,1,1.20675,4.94916666666667,19.4570416666667,3.46525,1.41183333333333,30.4925,1
MR-04,MR-04_image-00012,image-00012.tiff,2,1.23658333333333,4.95104166666667,19.673375,3.46058333333333,1.53883333333333,30.864875,1
MR-04,MR-04_image-00012,image-00012.tiff,3,1.228375,4.94920833333333,19.672375,3.40845833333333,1.62495833333333,30.8872916666667,1
MR-04,MR-04_image-00012,image-00012.tiff,4,1.225875,4.97504166666667,19.357,3.39729166666667,1.454,30.4125833333333,1
MR-04,MR-04_image-00012,image-00012.tiff,5,1.21616666666667,4.94333333333333,19.2119166666667,3.403,1.418625,30.1954583333333,1
MR-04,MR-04_image-00012,image-00012.tiff,6,1.216375,4.93,19.4463333333333,3.34133333333333,1.40583333333333,30.3422916666667,1
MR-04,MR-04_image-00012,image-00012.tiff,7,1.20691666666667,4.92116666666667,19.2099583333333,3.34854166666667,1.64775,30.336375,1
MR-04,MR-04_image-00012,image-00012.tiff,8,1.21933333333333,4.917375,19.4195,3.37483333333333,1.46604166666667,30.3999583333333,1
MR-04,MR-04_image-00012,image-00012.tiff,9,1.22629166666667,4.97325,18.9095416666667,3.16891666666667,1.42495833333333,29.70575,1
MR-04,MR-04_image-00012,image-00012.tiff,10,1.21925,4.92933333333333,18.7228333333333,3.39816666666667,1.41625,29.6881666666667,1
MR-04,MR-04_image-00013,image-00013.tiff,1,1.21683333333333,4.99708333333333,19.0929166666667,3.52554166666667,1.50575,30.3427916666667,1
MR-04,MR-04_image-00013,image-00013.tiff,2,1.22270833333333,4.931375,20.170875,3.59820833333333,1.43975,31.36625,1
MR-04,MR-04_image-00013,image-00013.tiff,3,1.22225,4.91883333333333,19.3932916666667,3.35158333333333,1.41316666666667,30.301875,1
MR-04,MR-04_image-00013,image-00013.tiff,4,1.214375,4.92695833333333,19.4968333333333,3.353875,1.40929166666667,30.403625,1
MR-04,MR-04_image-00013,image-00013.tiff,5,1.20779166666667,4.93125,19.46125,3.34491666666667,1.40558333333333,30.352875,1
MR-04,MR-04_image-00013,image-00013.tiff,6,1.20625,4.91658333333333,19.3820416666667,3.438875,1.441,30.3869583333333,1
MR-04,MR-04_image-00013,image-00013.tiff,7,1.22941666666667,4.95416666666667,19.4343333333333,3.365625,1.42016666666667,30.4059166666667,1
MR-04,MR-04_image-00013,image-00013.tiff,8,1.2155,4.92433333333333,19.1881666666667,3.34566666666667,1.419,30.0945833333333,1
MR-04,MR-04_image-00013,image-00013.tiff,9,1.218625,4.922875,19.4608333333333,3.35545833333333,1.41379166666667,30.373625,1
MR-04,MR-04_image-00013,image-00013.tiff,10,1.22725,4.95108333333333,19.3071666666667,3.346375,1.40116666666667,30.2350833333333,1
MR-04,MR-04_image-00014,image-00014.tiff,1,1.21766666666667,4.91875,18.4992916666667,3.33495833333333,1.40766666666667,29.3805416666667,1
MR-04,MR-04_image-00014,image-00014.tiff,2,1.21429166666667,4.92029166666667,18.4332916666667,3.35983333333333,1.41791666666667,29.347625,1
MR-04,MR-04_image-00014,image-00014.tiff,3,1.21454166666667,4.942625,18.673375,3.331875,1.571,29.7363333333333,1
MR-04,MR-04_image-00014,image-00014.tiff,4,1.31583333333333,4.936125,19.2665416666667,3.48058333333333,1.43954166666667,30.44225,1
MR-04,MR-04_image-00014,image-00014.tiff,5,1.250375,4.95691666666667,18.364625,3.30266666666667,1.60925,29.486375,1
MR-04,MR-04_image-00014,image-00014.tiff,6,1.214375,4.92291666666667,19.0993333333333,3.43545833333333,1.40929166666667,30.0835,1
MR-04,MR-04_image-00014,image-00014.tiff,7,1.21041666666667,4.90008333333333,18.9434583333333,3.403125,1.41325,29.8724166666667,1
MR-04,MR-04_image-00014,image-00014.tiff,8,1.22425,4.90529166666667,18.7732916666667,3.40579166666667,1.47004166666667,29.7806666666667,1
MR-04,MR-04_image-00014,image-00014.tiff,9,1.217375,4.99770833333333,19.1230416666667,3.55383333333333,1.42495833333333,30.3197916666667,1
MR-04,MR-04_image-00014,image-00014.tiff,10,1.22179166666667,4.99004166666667,18.6231666666667,3.35670833333333,1.40916666666667,29.6033333333333,1
MR-04,MR-04_image-00015,image-00015.tiff,1,1.219125,4.94254166666667,18.4863333333333,3.22933333333333,1.58320833333333,29.4665416666667,1
MR-04,MR-04_image-00015,image-00015.tiff,2,1.21945833333333,4.93225,18.0215,3.40804166666667,1.46958333333333,29.0545416666667,1
MR-04,MR-04_image-00015,image-00015.tiff,3,1.225125,4.93004166666667,17.9585833333333,3.29754166666667,1.46066666666667,28.8745833333333,1
MR-04,MR-04_image-00015,image-00015.tiff,4,1.24645833333333,4.92966666666667,18.1273333333333,3.32225,1.40508333333333,29.0329166666667,1
MR-04,MR-04_image-00015,image-00015.tiff,5,1.22354166666667,4.93283333333333,18.3629583333333,3.34929166666667,1.41504166666667,29.2858333333333,1
MR-04,MR-04_image-00015,image-00015.tiff,6,1.213875,4.91545833333333,18.2308333333333,3.35670833333333,1.41895833333333,29.1379166666667,1
MR-04,MR-04_image-00015,image-00015.tiff,7,1.20966666666667,4.91233333333333,18.2307916666667,3.26479166666667,1.40375,29.0232916666667,1
MR-04,MR-04_image-00015,image-00015.tiff,8,1.21795833333333,4.90975,18.1024166666667,3.27766666666667,1.416875,28.9267083333333,1
MR-04,MR-04_image-00015,image-00015.tiff,9,1.21145833333333,4.93941666666667,18.405,3.27383333333333,1.40879166666667,29.2405833333333,1
MR-04,MR-04_image-00015,image-00015.tiff,10,1.24166666666667,4.9505,17.8777083333333,3.21079166666667,1.42170833333333,28.7050833333333,1
MR-04,MR-04_image-00016,image-00016.tiff,1,1.259625,5.04258333333333,18.0950833333333,3.27691666666667,1.59804166666667,29.2780416666667,1
MR-04,MR-04_image-00016,image-00016.tiff,2,1.22358333333333,4.9875,17.29175,3.197375,1.4465,28.1501666666667,1
MR-04,MR-04_image-00016,image-00016.tiff,3,1.23758333333333,4.92966666666667,17.2899166666667,3.26070833333333,1.66220833333333,28.3829583333333,1
MR-04,MR-04_image-00016,image-00016.tiff,4,1.23129166666667,4.94404166666667,18.5056666666667,3.350625,1.69258333333333,29.7318333333333,1
MR-04,MR-04_image-00016,image-00016.tiff,5,1.27583333333333,5.10275,18.3259583333333,3.24325,1.63966666666667,29.5955,1
MR-04,MR-04_image-00016,image-00016.tiff,6,1.24095833333333,4.98708333333333,17.5224166666667,3.20358333333333,1.44754166666667,28.4054166666667,1
MR-04,MR-04_image-00016,image-00016.tiff,7,1.22633333333333,4.956125,17.4882916666667,3.22066666666667,1.42908333333333,28.3229583333333,1
MR-04,MR-04_image-00016,image-00016.tiff,8,1.22279166666667,4.924875,17.4479166666667,3.17270833333333,1.40533333333333,28.175875,1
MR-04,MR-04_image-00016,image-00016.tiff,9,1.21141666666667,4.93666666666667,17.3077916666667,3.17204166666667,1.43470833333333,28.0645416666667,1
MR-04,MR-04_image-00016,image-00016.tiff,10,1.23179166666667,4.923125,17.1424166666667,3.164625,1.41808333333333,27.881875,1
MR-04,MR-04_image-00017,image-00017.tiff,1,1.238,4.96758333333333,17.2705833333333,3.30020833333333,1.42691666666667,28.2061666666667,1
MR-04,MR-04_image-00017,image-00017.tiff,2,1.22504166666667,4.92754166666667,17.4745416666667,3.25670833333333,1.40945833333333,28.2957083333333,1
MR-04,MR-04_image-00017,image-00017.tiff,3,1.21658333333333,4.94520833333333,17.2704583333333,3.22641666666667,1.53995833333333,28.2017916666667,1
MR-04,MR-04_image-00017,image-00017.tiff,4,1.21391666666667,4.99804166666667,17.6685416666667,3.28183333333333,1.54204166666667,28.7086666666667,1
MR-04,MR-04_image-00017,image-00017.tiff,5,1.2215,4.96508333333333,17.590375,3.2615,1.43495833333333,28.4763333333333,1
MR-04,MR-04_image-00017,image-00017.tiff,6,1.227375,4.96429166666667,16.8979583333333,3.28066666666667,1.42095833333333,27.7936666666667,1
MR-04,MR-04_image-00017,image-00017.tiff,7,1.231125,4.983875,17.0168333333333,3.27358333333333,1.41658333333333,27.9239166666667,1
MR-04,MR-04_image-00017,image-00017.tiff,8,1.21766666666667,4.94329166666667,16.8895833333333,3.27145833333333,1.40870833333333,27.7328333333333,1
MR-04,MR-04_image-00017,image-00017.tiff,9,1.22254166666667,4.97458333333333,16.8460833333333,3.23116666666667,1.40116666666667,27.6775833333333,1
MR-04,MR-04_image-00017,image-00017.tiff,10,1.20979166666667,4.95425,16.85525,3.21670833333333,1.41129166666667,27.6492916666667,1
MR-04,MR-04_image-00018,image-00018.tiff,1,1.20920833333333,4.94125,16.5787916666667,3.27341666666667,1.59233333333333,27.5975,1
MR-04,MR-04_image-00018,image-00018.tiff,2,1.22783333333333,5.123875,16.8809583333333,3.17225,1.6315,28.0419583333333,1
MR-04,MR-04_image-00018,image-00018.tiff,3,1.22179166666667,4.98370833333333,16.6810416666667,3.497125,1.49041666666667,27.8786666666667,1
MR-04,MR-04_image-00018,image-00018.tiff,4,1.22045833333333,4.95258333333333,16.5952083333333,3.229375,1.43854166666667,27.43925,1
MR-04,MR-04_image-00018,image-00018.tiff,5,1.22320833333333,4.914125,16.4195416666667,3.268375,1.409375,27.2374166666667,1
MR-04,MR-04_image-00018,image-00018.tiff,6,1.21495833333333,4.943375,16.5792083333333,3.23641666666667,1.40654166666667,27.3828333333333,1
MR-04,MR-04_image-00018,image-00018.tiff,7,1.21683333333333,4.91895833333333,16.4277916666667,3.33195833333333,1.412875,27.3105416666667,1
MR-04,MR-04_image-00018,image-00018.tiff,8,1.20804166666667,4.92920833333333,16.345125,3.3325,1.40220833333333,27.2190416666667,1
MR-04,MR-04_image-00018,image-00018.tiff,9,1.21820833333333,4.93125,16.5921666666667,3.27016666666667,1.40616666666667,27.4200833333333,1
MR-04,MR-04_image-00018,image-00018.tiff,10,1.215,4.919125,16.5305833333333,3.26958333333333,1.40804166666667,27.3444583333333,1
MR-04,MR-04_image-00019,image-00019.tiff,1,1.247375,5.15770833333333,16.96,3.32608333333333,1.57716666666667,28.2755416666667,1
MR-04,MR-04_image-00019,image-00019.tiff,2,1.23070833333333,4.99658333333333,16.2064583333333,3.115,1.45904166666667,27.0110833333333,1
MR-04,MR-04_image-00019,image-00019.tiff,3,1.222375,4.963375,16.1473333333333,3.09608333333333,1.4265,26.8583333333333,1
MR-04,MR-04_image-00019,image-00019.tiff,4,1.20933333333333,5.01241666666667,16.22225,3.19575,1.40858333333333,27.05075,1
MR-04,MR-04_image-00019,image-00019.tiff,5,1.20954166666667,4.993375,16.2118333333333,3.18229166666667,1.4075,27.0065833333333,1
MR-04,MR-04_image-00019,image-00019.tiff,6,1.21254166666667,4.94725,16.1875416666667,3.17495833333333,1.3955,26.9197083333333,1
MR-04,MR-04_image-00019,image-00019.tiff,7,1.21483333333333,4.94554166666667,15.942375,3.114375,1.40108333333333,26.620125,1
MR-04,MR-04_image-00019,image-00019.tiff,8,1.20691666666667,4.93595833333333,16.173375,3.154125,1.40308333333333,26.875375,1
MR-04,MR-04_image-00019,image-00019.tiff,9,1.22216666666667,4.94641666666667,15.9804583333333,3.111125,1.40329166666667,26.66525,1
MR-04,MR-04_image-00019,image-00019.tiff,10,1.20870833333333,4.942125,16.071,3.52008333333333,1.45166666666667,27.1961666666667,1
MR-04,MR-04_image-00020,image-00020.tiff,1,1.23741666666667,5.000875,16.88325,3.45945833333333,1.49675,28.0815833333333,1
MR-04,MR-04_image-00020,image-00020.tiff,2,1.23795833333333,4.98995833333333,16.2256666666667,3.23025,1.432625,27.11925,1
MR-04,MR-04_image-00020,image-00020.tiff,3,1.21320833333333,4.932875,16.6015833333333,3.260875,1.42145833333333,27.4325,1
MR-04,MR-04_image-00020,image-00020.tiff,4,1.22266666666667,4.91320833333333,16.3835416666667,3.2675,1.41054166666667,27.19975,1
MR-04,MR-04_image-00020,image-00020.tiff,5,1.21429166666667,4.9225,16.4015,3.35629166666667,1.40541666666667,27.302125,1
MR-04,MR-04_image-00020,image-00020.tiff,6,1.221125,4.90429166666667,16.434,3.34004166666667,1.41054166666667,27.3120416666667,1
MR-04,MR-04_image-00020,image-00020.tiff,7,1.22425,4.90845833333333,16.7119583333333,3.552875,1.46758333333333,27.8675833333333,1
MR-04,MR-04_image-00020,image-00020.tiff,8,1.22616666666667,4.98566666666667,17.174125,3.4335,1.43154166666667,28.2536666666667,1
MR-04,MR-04_image-00020,image-00020.tiff,9,1.21429166666667,4.977625,16.8594583333333,3.43333333333333,1.41041666666667,27.8975833333333,1
MR-04,MR-04_image-00020,image-00020.tiff,10,1.21754166666667,4.94695833333333,16.76425,3.45870833333333,1.40779166666667,27.7975,1
MR-04,MR-04_image-00021,image-00021.tiff,1,1.2175,4.953625,15.9266666666667,3.1415,1.42691666666667,26.66875,1
MR-04,MR-04_image-00021,image-00021.tiff,2,1.216375,4.945375,16.2259583333333,3.21858333333333,1.41075,27.019625,1
MR-04,MR-04_image-00021,image-00021.tiff,3,1.21825,4.94425,16.2113333333333,3.20329166666667,1.403,26.9824583333333,1
MR-04,MR-04_image-00021,image-00021.tiff,4,1.22754166666667,4.94745833333333,16.2448333333333,3.279,1.65920833333333,27.362375,1
MR-04,MR-04_image-00021,image-00021.tiff,5,1.341125,5.00204166666667,16.075375,3.21495833333333,1.48541666666667,27.1235416666667,1
MR-04,MR-04_image-00021,image-00021.tiff,6,1.23604166666667,4.98958333333333,16.074375,3.23045833333333,1.46216666666667,26.9961666666667,1
MR-04,MR-04_image-00021,image-00021.tiff,7,1.22570833333333,4.9395,16.0998333333333,3.17275,1.431,26.8715833333333,1
MR-04,MR-04_image-00021,image-00021.tiff,8,1.22670833333333,4.92533333333333,16.4323333333333,3.20120833333333,1.41854166666667,27.2065416666667,1
MR-04,MR-04_image-00021,image-00021.tiff,9,1.22166666666667,4.93429166666667,16.2667916666667,3.17595833333333,1.6595,27.2606666666667,1
MR-04,MR-04_image-00021,image-00021.tiff,10,1.22829166666667,4.94054166666667,16.2222916666667,3.40979166666667,1.41866666666667,27.2222916666667,1
MR-05,MR-05_image-00000,image-00000.tiff,1,1.21666666666667,4.92025,15.3590416666667,3.21179166666667,1.42379166666667,26.1338333333333,1
MR-05,MR-05_image-00000,image-00000.tiff,2,1.21766666666667,4.94258333333333,15.9772083333333,3.39845833333333,1.57754166666667,27.117375,1
MR-05,MR-05_image-00000,image-00000.tiff,3,1.26545833333333,5.131625,15.6327083333333,3.27554166666667,1.60716666666667,26.9196666666667,1
MR-05,MR-05_image-00000,image-00000.tiff,4,1.25133333333333,4.96975,15.10175,3.16404166666667,1.492375,25.983,1
MR-05,MR-05_image-00000,image-00000.tiff,5,1.220875,4.99741666666667,14.9263333333333,3.142,1.42604166666667,25.7154583333333,1
MR-05,MR-05_image-00000,image-00000.tiff,6,1.218375,4.96941666666667,14.9705416666667,3.12870833333333,1.42754166666667,25.71725,1
MR-05,MR-05_image-00000,image-00000.tiff,7,1.220875,4.940125,14.968375,3.11375,1.41170833333333,25.6571666666667,1
MR-05,MR-05_image-00000,image-00000.tiff,8,1.21491666666667,4.93229166666667,14.8611666666667,3.18470833333333,1.40320833333333,25.5985,1
MR-05,MR-05_image-00000,image-00000.tiff,9,1.21470833333333,4.921,14.9822916666667,3.18070833333333,1.40704166666667,25.7078333333333,1
MR-05,MR-05_image-00000,image-00000.tiff,10,1.21641666666667,4.92583333333333,14.7462916666667,3.30825,1.42370833333333,25.6225833333333,1
MR-05,MR-05_image-00001,image-00001.tiff,1,1.27445833333333,4.987,15.5204166666667,3.31533333333333,1.50570833333333,26.6067916666667,1
MR-05,MR-05_image-00001,image-00001.tiff,2,1.22779166666667,4.94941666666667,15.32925,3.30104166666667,1.43379166666667,26.244125,1
MR-05,MR-05_image-00001,image-00001.tiff,3,1.29225,5.09883333333333,15.5644166666667,3.31358333333333,1.554875,26.8300833333333,1
MR-05,MR-05_image-00001,image-00001.tiff,4,1.24308333333333,4.94141666666667,15.4377083333333,3.20629166666667,1.43141666666667,26.2633333333333,1
MR-05,MR-05_image-00001,image-00001.tiff,5,1.22525,4.93475,15.1690416666667,3.27908333333333,1.41454166666667,26.0248333333333,1
MR-05,MR-05_image-00001,image-00001.tiff,6,1.2145,4.917125,15.3007083333333,3.239875,1.405,26.0792916666667,1
MR-05,MR-05_image-00001,image-00001.tiff,7,1.22104166666667,4.92708333333333,15.2569166666667,3.202625,1.70633333333333,26.3161666666667,1
MR-05,MR-05_image-00001,image-00001.tiff,8,1.24604166666667,4.96366666666667,15.367625,3.320875,1.44608333333333,26.3477916666667,1
MR-05,MR-05_image-00001,image-00001.tiff,9,1.21029166666667,4.94995833333333,15.6377916666667,3.1035,1.41420833333333,26.318375,1
MR-05,MR-05_image-00001,image-00001.tiff,10,1.214875,4.923375,15.2502083333333,3.154,1.40795833333333,25.9529166666667,1
MR-05,MR-05_image-00002,image-00002.tiff,1,1.23104166666667,4.93058333333333,15.341875,3.29370833333333,1.41895833333333,26.2185,1
MR-05,MR-05_image-00002,image-00002.tiff,2,1.214875,4.95783333333333,15.8219166666667,3.36070833333333,1.58808333333333,26.9465416666667,1
MR-05,MR-05_image-00002,image-00002.tiff,3,1.24245833333333,5.082625,15.5821666666667,3.29770833333333,1.48504166666667,26.6952916666667,1
MR-05,MR-05_image-00002,image-00002.tiff,4,1.22879166666667,4.99983333333333,15.56225,3.301125,1.44716666666667,26.5423333333333,1
MR-05,MR-05_image-00002,image-00002.tiff,5,1.22141666666667,4.9285,15.3119583333333,3.31195833333333,1.40929166666667,26.1856666666667,1
MR-05,MR-05_image-00002,image-00002.tiff,6,1.21716666666667,4.94145833333333,15.444375,3.312625,1.409,26.326875,1
MR-05,MR-05_image-00002,image-00002.tiff,7,1.220125,4.92591666666667,15.7309583333333,3.30470833333333,1.402125,26.58625,1
MR-05,MR-05_image-00002,image-00002.tiff,8,1.22754166666667,4.94216666666667,15.8565,3.32579166666667,1.414875,26.7689166666667,1
MR-05,MR-05_image-00002,image-00002.tiff,9,1.21270833333333,4.92845833333333,15.9053333333333,3.35779166666667,1.415875,26.8222916666667,1
MR-05,MR-05_image-00002,image-00002.tiff,10,1.21275,4.96170833333333,15.4017916666667,3.302,1.409125,26.2897083333333,1
MR-05,MR-05_image-00003,image-00003.tiff,1,1.21654166666667,4.90966666666667,15.6190416666667,3.34808333333333,1.61445833333333,26.711125,1
MR-05,MR-05_image-00003,image-00003.tiff,2,1.25791666666667,4.96591666666667,16.4764583333333,3.314875,1.44991666666667,27.46875,1
MR-05,MR-05_image-00003,image-00003.tiff,3,1.22370833333333,4.95133333333333,15.0794166666667,3.337125,1.41583333333333,26.0100833333333,1
MR-05,MR-05_image-00003,image-00003.tiff,4,1.21054166666667,4.91108333333333,15.43375,3.38341666666667,1.40645833333333,26.3476666666667,1
MR-05,MR-05_image-00003,image-00003.tiff,5,1.21670833333333,4.94395833333333,15.2785,3.254375,1.6955,26.39175,1
MR-05,MR-05_image-00003,image-00003.tiff,6,1.22570833333333,4.961125,14.9267916666667,3.100625,1.445,25.66225,1
MR-05,MR-05_image-00003,image-00003.tiff,7,1.22345833333333,4.932625,14.9899583333333,3.11754166666667,1.42375,25.689875,1
MR-05,MR-05_image-00003,image-00003.tiff,8,1.21475,4.909,15.011875,3.11741666666667,1.41979166666667,25.675125,1
MR-05,MR-05_image-00003,image-00003.tiff,9,1.21666666666667,4.90620833333333,15.1675,3.12204166666667,1.40720833333333,25.8215833333333,1
MR-05,MR-05_image-00003,image-00003.tiff,10,1.2055,4.91141666666667,14.942875,3.11141666666667,1.40183333333333,25.5749166666667,1
MR-05,MR-05_image-00004,image-00004.tiff,1,1.25395833333333,5.17116666666667,15.590875,3.32995833333333,1.55358333333333,26.90525,1
MR-05,MR-05_image-00004,image-00004.tiff,2,1.23966666666667,5.01229166666667,15.507625,3.216875,1.51420833333333,26.4939583333333,1
MR-05,MR-05_image-00004,image-00004.tiff,3,1.22979166666667,4.988125,15.21475,3.124625,1.44645833333333,26.006875,1
MR-05,MR-05_image-00004,image-00004.tiff,4,1.24133333333333,4.9345,15.176625,3.13520833333333,1.41620833333333,25.9064583333333,1
MR-05,MR-05_image-00004,image-00004.tiff,5,1.217875,4.91041666666667,15.266625,3.11945833333333,1.43229166666667,25.9490833333333,1
MR-05,MR-05_image-00004,image-00004.tiff,6,1.21279166666667,4.92075,15.38975,3.13341666666667,1.42029166666667,26.079125,1
MR-05,MR-05_image-00004,image-00004.tiff,7,1.215375,4.91045833333333,15.1595833333333,3.12854166666667,1.40875,25.8248333333333,1
MR-05,MR-05_image-00004,image-00004.tiff,8,1.21383333333333,4.90741666666667,15.0284583333333,3.11691666666667,1.41929166666667,25.687875,1
MR-05,MR-05_image-00004,image-00004.tiff,9,1.21070833333333,4.91266666666667,15.1642083333333,3.13054166666667,1.406625,25.82675,1
MR-05,MR-05_image-00004,image-00004.tiff,10,1.212125,4.92079166666667,15.20825,3.13491666666667,1.41245833333333,25.890625,1
MR-05,MR-05_image-00005,image-00005.tiff,1,1.22745833333333,4.97095833333333,15.4481666666667,3.47645833333333,1.42425,26.5503333333333,1
MR-05,MR-05_image-00005,image-00005.tiff,2,1.21683333333333,4.96504166666667,15.5860833333333,3.3855,1.41170833333333,26.5674583333333,1
MR-05,MR-05_image-00005,image-00005.tiff,3,1.20845833333333,4.92875,15.255125,3.37333333333333,1.68879166666667,26.4565833333333,1
MR-05,MR-05_image-00005,image-00005.tiff,4,1.24158333333333,4.98470833333333,15.063625,3.180875,1.44679166666667,25.921125,1
MR-05,MR-05_image-00005,image-00005.tiff,5,1.225375,4.94975,15.3278333333333,3.15741666666667,1.42641666666667,26.0895,1
MR-05,MR-05_image-00005,image-00005.tiff,6,1.22675,4.94025,15.0688333333333,3.17508333333333,1.41958333333333,25.8329166666667,1
MR-05,MR-05_image-00005,image-00005.tiff,7,1.21554166666667,4.96891666666667,15.0630833333333,3.19445833333333,1.40566666666667,25.8498333333333,1
MR-05,MR-05_image-00005,image-00005.tiff,8,1.215125,4.95529166666667,15.2432083333333,3.21529166666667,1.42645833333333,26.0574583333333,1
MR-05,MR-05_image-00005,image-00005.tiff,9,1.225,4.925875,15.1186666666667,3.15566666666667,1.41070833333333,25.837875,1
MR-05,MR-05_image-00005,image-00005.tiff,10,1.21704166666667,4.94420833333333,15.1742916666667,3.20579166666667,1.39495833333333,25.9383333333333,1
MR-05,MR-05_image-00006,image-00006.tiff,1,1.23283333333333,5.03329166666667,15.5924583333333,3.38725,1.425875,26.6772083333333,1
MR-05,MR-05_image-00006,image-00006.tiff,2,1.218875,4.94270833333333,15.40775,3.263875,1.41195833333333,26.247375,1
MR-05,MR-05_image-00006,image-00006.tiff,3,1.21,4.92791666666667,15.514875,3.34875,1.40566666666667,26.4092916666667,1
MR-05,MR-05_image-00006,image-00006.tiff,4,1.214,4.92708333333333,15.41825,3.35491666666667,1.416875,26.333125,1
MR-05,MR-05_image-00006,image-00006.tiff,5,1.21279166666667,4.92570833333333,14.9683333333333,3.16375,1.45308333333333,25.730375,1
MR-05,MR-05_image-00006,image-00006.tiff,6,1.2225,4.97075,14.849375,3.11095833333333,1.42420833333333,25.5803333333333,1
MR-05,MR-05_image-00006,image-00006.tiff,7,1.21791666666667,4.93795833333333,15.1092083333333,3.13929166666667,1.39916666666667,25.805875,1
MR-05,MR-05_image-00006,image-00006.tiff,8,1.21029166666667,4.93558333333333,15.0295,3.15091666666667,1.40883333333333,25.7373333333333,1
MR-05,MR-05_image-00006,image-00006.tiff,9,1.21291666666667,4.935875,14.961125,3.179125,1.46975,25.7615416666667,1
MR-05,MR-05_image-00006,image-00006.tiff,10,1.21783333333333,4.92333333333333,15.3115,3.205375,1.428,26.0887916666667,1
MR-05,MR-05_image-00007,image-00007.tiff,1,1.21425,4.94445833333333,15.4110833333333,3.361,1.659625,26.5929166666667,1
MR-05,MR-05_image-00007,image-00007.tiff,2,1.21970833333333,4.94354166666667,15.0813333333333,3.31641666666667,1.41608333333333,25.9797916666667,1
MR-05,MR-05_image-00007,image-00007.tiff,3,1.22925,4.947125,15.2805416666667,3.33725,1.41429166666667,26.2109583333333,1
MR-05,MR-05_image-00007,image-00007.tiff,4,1.21804166666667,4.92745833333333,15.3785416666667,3.2305,1.490875,26.2476666666667,1
MR-05,MR-05_image-00007,image-00007.tiff,5,1.26125,5.03029166666667,15.6520416666667,3.45395833333333,1.562625,26.9658333333333,1
MR-05,MR-05_image-00007,image-00007.tiff,6,1.23116666666667,4.96929166666667,16.187125,3.63304166666667,1.45391666666667,27.4790416666667,1
MR-05,MR-05_image-00007,image-00007.tiff,7,1.22983333333333,4.93529166666667,15.3796666666667,3.38091666666667,1.409625,26.3380833333333,1
MR-05,MR-05_image-00007,image-00007.tiff,8,1.20854166666667,4.94254166666667,15.0674166666667,3.40033333333333,1.39995833333333,26.0210833333333,1
MR-05,MR-05_image-00007,image-00007.tiff,9,1.21408333333333,4.91170833333333,15.4185833333333,3.35683333333333,1.40058333333333,26.3039583333333,1
MR-05,MR-05_image-00007,image-00007.tiff,10,1.21816666666667,4.91979166666667,15.217,3.37575,1.48145833333333,26.2147916666667,1
MR-05,MR-05_image-00008,image-00008.tiff,1,1.21825,4.91795833333333,15.076125,3.33358333333333,1.41095833333333,25.95925,1
MR-05,MR-05_image-00008,image-00008.tiff,2,1.21929166666667,4.93904166666667,15.4041666666667,3.239375,1.40925,26.2131666666667,1
MR-05,MR-05_image-00008,image-00008.tiff,3,1.23691666666667,4.93725,15.4425,3.27145833333333,1.40775,26.2977916666667,1
MR-05,MR-05_image-00008,image-00008.tiff,4,1.21758333333333,4.96375,15.4020833333333,3.471375,1.624375,26.6834583333333,1
MR-05,MR-05_image-00008,image-00008.tiff,5,1.22895833333333,5.01091666666667,15.0836666666667,3.3025,1.50266666666667,26.132375,1
MR-05,MR-05_image-00008,image-00008.tiff,6,1.23016666666667,4.92875,15.0348333333333,3.16358333333333,1.41583333333333,25.7760416666667,1
MR-05,MR-05_image-00008,image-00008.tiff,7,1.231625,4.925625,14.9051666666667,3.184875,1.417375,25.6670416666667,1
MR-05,MR-05_image-00008,image-00008.tiff,8,1.205375,4.91658333333333,15.0422916666667,3.125625,1.41220833333333,25.7044166666667,1
MR-05,MR-05_image-00008,image-00008.tiff,9,1.22508333333333,4.93383333333333,14.8723333333333,3.1625,1.41229166666667,25.6081666666667,1
MR-05,MR-05_image-00008,image-00008.tiff,10,1.21095833333333,4.932625,14.76425,3.145875,1.40529166666667,25.4611666666667,1
MR-05,MR-05_image-00009,image-00009.tiff,1,1.23566666666667,4.93233333333333,14.7569166666667,3.187,1.42145833333333,25.5360416666667,1
MR-05,MR-05_image-00009,image-00009.tiff,2,1.21770833333333,4.93845833333333,14.6377083333333,3.18991666666667,1.421875,25.4079166666667,1
MR-05,MR-05_image-00009,image-00009.tiff,3,1.21741666666667,4.92683333333333,14.6465,3.10879166666667,1.520375,25.4220833333333,1
MR-05,MR-05_image-00009,image-00009.tiff,4,1.23704166666667,5.03195833333333,15.2460416666667,3.30195833333333,1.56116666666667,26.3835833333333,1
MR-05,MR-05_image-00009,image-00009.tiff,5,1.22241666666667,4.96533333333333,14.9515833333333,3.25945833333333,1.43020833333333,25.8320416666667,1
MR-05,MR-05_image-00009,image-00009.tiff,6,1.21804166666667,5.08379166666667,14.9929583333333,3.2395,1.429125,25.9657916666667,1
MR-05,MR-05_image-00009,image-00009.tiff,7,1.21966666666667,4.94354166666667,15.038875,3.18945833333333,1.415125,25.808625,1
MR-05,MR-05_image-00009,image-00009.tiff,8,1.22095833333333,4.92608333333333,14.8965,3.16416666666667,1.40175,25.6115,1
MR-05,MR-05_image-00009,image-00009.tiff,9,1.22008333333333,4.93016666666667,15.0209583333333,3.19433333333333,1.40816666666667,25.7755,1
MR-05,MR-05_image-00009,image-00009.tiff,10,1.230875,4.95529166666667,14.9405,3.1635,1.40091666666667,25.6928333333333,1
MR-05,MR-05_image-00010,image-00010.tiff,1,1.22083333333333,4.92404166666667,15.1259166666667,3.30641666666667,1.40825,25.98775,1
MR-05,MR-05_image-00010,image-00010.tiff,2,1.21208333333333,4.91054166666667,15.3382083333333,3.31883333333333,1.40075,26.1824583333333,1
MR-05,MR-05_image-00010,image-00010.tiff,3,1.21529166666667,4.96254166666667,15.5847083333333,3.40116666666667,1.636375,26.8039583333333,1
MR-05,MR-05_image-00010,image-00010.tiff,4,1.23329166666667,4.95025,15.4671666666667,3.33266666666667,1.46154166666667,26.448875,1
MR-05,MR-05_image-00010,image-00010.tiff,5,1.224875,4.91991666666667,15.3832083333333,3.21525,1.41691666666667,26.16275,1
MR-05,MR-05_image-00010,image-00010.tiff,6,1.216875,4.90945833333333,15.494125,3.15495833333333,1.41754166666667,26.1951666666667,1
MR-05,MR-05_image-00010,image-00010.tiff,7,1.22641666666667,4.94641666666667,15.231625,3.132,1.41916666666667,25.9577083333333,1
MR-05,MR-05_image-00010,image-00010.tiff,8,1.22683333333333,4.93095833333333,15.2877916666667,3.15445833333333,1.41616666666667,26.01825,1
MR-05,MR-05_image-00010,image-00010.tiff,9,1.22283333333333,4.93179166666667,15.285,3.146625,1.67145833333333,26.2596666666667,1
MR-05,MR-05_image-00010,image-00010.tiff,10,1.24191666666667,4.94725,15.3182083333333,3.28279166666667,1.4385,26.2322083333333,1
MR-05,MR-05_image-00011,image-00011.tiff,1,1.21491666666667,4.9405,15.1091666666667,3.3625,1.409625,26.03875,1
MR-05,MR-05_image-00011,image-00011.tiff,2,1.20954166666667,4.93008333333333,15.2559166666667,3.46341666666667,1.61475,26.4777916666667,1
MR-05,MR-05_image-00011,image-00011.tiff,3,1.24270833333333,4.969875,15.0709166666667,3.197375,1.42233333333333,25.906625,1
MR-05,MR-05_image-00011,image-00011.tiff,4,1.21233333333333,4.99991666666667,15.146,3.14295833333333,1.49566666666667,26.0003333333333,1
MR-05,MR-05_image-00011,image-00011.tiff,5,1.22195833333333,4.982,14.529375,3.13029166666667,1.43420833333333,25.3009166666667,1
MR-05,MR-05_image-00011,image-00011.tiff,6,1.22395833333333,4.92958333333333,14.8545416666667,3.1075,1.414625,25.5326666666667,1
MR-05,MR-05_image-00011,image-00011.tiff,7,1.20804166666667,4.908375,14.8357916666667,3.13270833333333,1.41883333333333,25.5060833333333,1
MR-05,MR-05_image-00011,image-00011.tiff,8,1.228875,4.90558333333333,14.7209166666667,3.08720833333333,1.40833333333333,25.3530833333333,1
MR-05,MR-05_image-00011,image-00011.tiff,9,1.21229166666667,4.90325,14.8515833333333,3.10779166666667,1.41083333333333,25.4877083333333,1
MR-05,MR-05_image-00011,image-00011.tiff,10,1.20933333333333,4.90245833333333,14.8602916666667,3.107125,1.401375,25.4825,1
MR-05,MR-05_image-00012,image-00012.tiff,1,1.21183333333333,4.94,15.1335416666667,3.39358333333333,1.42620833333333,26.1073333333333,1
MR-05,MR-05_image-00012,image-00012.tiff,2,1.25279166666667,4.985125,15.5237083333333,3.4945,1.60583333333333,26.867,1
MR-05,MR-05_image-00012,image-00012.tiff,3,1.22075,5.012875,15.37225,3.49608333333333,1.46545833333333,26.5719166666667,1
MR-05,MR-05_image-00012,image-00012.tiff,4,1.223125,4.92770833333333,15.2667083333333,3.33183333333333,1.42858333333333,26.1806666666667,1
MR-05,MR-05_image-00012,image-00012.tiff,5,1.22975,4.925,14.980625,3.30383333333333,1.41216666666667,25.85375,1
MR-05,MR-05_image-00012,image-00012.tiff,6,1.211375,4.95525,15.2125,3.29041666666667,1.413125,26.0847916666667,1
MR-05,MR-05_image-00012,image-00012.tiff,7,1.23533333333333,4.96054166666667,15.2727083333333,3.30329166666667,1.68583333333333,26.4602083333333,1
MR-05,MR-05_image-00012,image-00012.tiff,8,1.23454166666667,4.96708333333333,15.3384583333333,3.23941666666667,1.42683333333333,26.2094583333333,1
MR-05,MR-05_image-00012,image-00012.tiff,9,1.22120833333333,4.96075,15.25775,3.25416666666667,1.40433333333333,26.1005833333333,1
MR-05,MR-05_image-00012,image-00012.tiff,10,1.21625,4.93308333333333,15.303125,3.19858333333333,1.40154166666667,26.0547916666667,1
MR-05,MR-05_image-00013,image-00013.tiff,1,1.22225,4.918375,15.2122916666667,3.548,1.60091666666667,26.5060416666667,1
MR-05,MR-05_image-00013,image-00013.tiff,2,1.22395833333333,4.92891666666667,15.2314583333333,3.380375,1.51895833333333,26.2874166666667,1
MR-05,MR-05_image-00013,image-00013.tiff,3,1.22854166666667,4.93825,14.997875,3.20583333333333,1.433625,25.8073333333333,1
MR-05,MR-05_image-00013,image-00013.tiff,4,1.21620833333333,4.920875,14.79,3.249875,1.43741666666667,25.6171666666667,1
MR-05,MR-05_image-00013,image-00013.tiff,5,1.21458333333333,4.90120833333333,14.9922916666667,3.20529166666667,1.41916666666667,25.7346666666667,1
MR-05,MR-05_image-00013,image-00013.tiff,6,1.21320833333333,4.91183333333333,14.7765,3.26766666666667,1.41879166666667,25.5903333333333,1
MR-05,MR-05_image-00013,image-00013.tiff,7,1.21029166666667,4.917125,14.68225,3.218,1.40954166666667,25.4392916666667,1
MR-05,MR-05_image-00013,image-00013.tiff,8,1.20579166666667,4.93341666666667,14.924375,3.21283333333333,1.41666666666667,25.6950833333333,1
MR-05,MR-05_image-00013,image-00013.tiff,9,1.21008333333333,4.95383333333333,14.623875,3.14870833333333,1.41604166666667,25.354625,1
MR-05,MR-05_image-00013,image-00013.tiff,10,1.21379166666667,4.94004166666667,14.7863333333333,3.15991666666667,1.406375,25.5084166666667,1
MR-05,MR-05_image-00014,image-00014.tiff,1,1.21579166666667,5.2805,15.2149583333333,3.20716666666667,1.557125,26.4813333333333,1
MR-05,MR-05_image-00014,image-00014.tiff,2,1.218125,4.972875,15.440625,3.31270833333333,1.5485,26.4972083333333,1
MR-05,MR-05_image-00014,image-00014.tiff,3,1.25175,5.06895833333333,14.8627916666667,3.208625,1.4395,25.8347083333333,1
MR-05,MR-05_image-00014,image-00014.tiff,4,1.2125,4.934375,14.9999583333333,3.18479166666667,1.42279166666667,25.757,1
MR-05,MR-05_image-00014,image-00014.tiff,5,1.22245833333333,4.93941666666667,14.680375,3.25320833333333,1.690375,25.7882916666667,1
MR-05,MR-05_image-00014,image-00014.tiff,6,1.224125,4.96104166666667,14.72275,3.242,1.421625,25.5742916666667,1
MR-05,MR-05_image-00014,image-00014.tiff,7,1.216625,4.95216666666667,14.957875,3.24579166666667,1.42154166666667,25.79625,1
MR-05,MR-05_image-00014,image-00014.tiff,8,1.215125,4.93941666666667,14.9927916666667,3.23283333333333,1.41570833333333,25.7979166666667,1
MR-05,MR-05_image-00014,image-00014.tiff,9,1.21841666666667,4.93866666666667,14.9524583333333,3.26229166666667,1.40825,25.7820833333333,1
MR-05,MR-05_image-00014,image-00014.tiff,10,1.22920833333333,4.93833333333333,14.8047083333333,3.23116666666667,1.40870833333333,25.6141666666667,1
MR-05,MR-05_image-00015,image-00015.tiff,1,1.24075,4.956,15.81975,3.41995833333333,1.56825,27.0089583333333,1
MR-05,MR-05_image-00015,image-00015.tiff,2,1.221125,4.95229166666667,15.57925,3.506125,1.44504166666667,26.7072083333333,1
MR-05,MR-05_image-00015,image-00015.tiff,3,1.210625,4.97333333333333,15.274625,3.37441666666667,1.42054166666667,26.2558333333333,1
MR-05,MR-05_image-00015,image-00015.tiff,4,1.22225,4.934875,15.2014583333333,3.34754166666667,1.40158333333333,26.1098333333333,1
MR-05,MR-05_image-00015,image-00015.tiff,5,1.22466666666667,4.948875,15.007375,3.3395,1.41220833333333,25.9347916666667,1
MR-05,MR-05_image-00015,image-00015.tiff,6,1.20691666666667,4.92645833333333,15.10925,3.3125,1.41258333333333,25.96975,1
MR-05,MR-05_image-00015,image-00015.tiff,7,1.21441666666667,4.94041666666667,15.0996666666667,3.33908333333333,1.40741666666667,26.0030416666667,1
MR-05,MR-05_image-00015,image-00015.tiff,8,1.21479166666667,4.92966666666667,15.23625,3.34720833333333,1.41204166666667,26.1418333333333,1
MR-05,MR-05_image-00015,image-00015.tiff,9,1.21470833333333,4.941375,15.2316666666667,3.32683333333333,1.39783333333333,26.1142916666667,1
MR-05,MR-05_image-00015,image-00015.tiff,10,1.20525,4.94425,15.0484166666667,3.325625,1.39833333333333,25.9237916666667,1
MR-05,MR-05_image-00016,image-00016.tiff,1,1.23141666666667,4.98008333333333,14.9722083333333,3.29995833333333,1.4285,25.9150416666667,1
MR-05,MR-05_image-00016,image-00016.tiff,2,1.215625,4.93983333333333,14.9795833333333,3.33195833333333,1.40241666666667,25.8714166666667,1
MR-05,MR-05_image-00016,image-00016.tiff,3,1.21141666666667,4.93779166666667,14.9578333333333,3.28525,1.66475,26.0595,1
MR-05,MR-05_image-00016,image-00016.tiff,4,1.22133333333333,4.941,15.04725,3.292,1.42,25.924375,1
MR-05,MR-05_image-00016,image-00016.tiff,5,1.22,4.92645833333333,15.0686666666667,3.35966666666667,1.41675,25.9939583333333,1
MR-05,MR-05_image-00016,image-00016.tiff,6,1.22325,4.9315,15.2197083333333,3.377125,1.41841666666667,26.172125,1
MR-05,MR-05_image-00016,image-00016.tiff,7,1.218875,4.919,15.1955833333333,3.36666666666667,1.41429166666667,26.116375,1
MR-05,MR-05_image-00016,image-00016.tiff,8,1.2165,4.93870833333333,15.2792916666667,3.38858333333333,1.412625,26.2376666666667,1
MR-05,MR-05_image-00016,image-00016.tiff,9,1.20991666666667,4.9235,15.3605833333333,3.2695,1.45429166666667,26.2196666666667,1
MR-05,MR-05_image-00016,image-00016.tiff,10,1.21666666666667,4.92870833333333,15.25325,3.30595833333333,1.404125,26.11075,1
MR-05,MR-05_image-00017,image-00017.tiff,1,1.22420833333333,4.97641666666667,15.10275,3.38245833333333,1.44295833333333,26.1319583333333,1
MR-05,MR-05_image-00017,image-00017.tiff,2,1.21433333333333,4.96179166666667,14.752625,3.36325,1.405,25.6993333333333,1
MR-05,MR-05_image-00017,image-00017.tiff,3,1.20408333333333,4.93329166666667,14.99375,3.34358333333333,1.40025,25.8771666666667,1
MR-05,MR-05_image-00017,image-00017.tiff,4,1.21241666666667,4.91916666666667,14.8957083333333,3.35079166666667,1.39729166666667,25.7772916666667,1
MR-05,MR-05_image-00017,image-00017.tiff,5,1.21583333333333,4.94066666666667,14.8206666666667,3.37033333333333,1.40483333333333,25.7542083333333,1
MR-05,MR-05_image-00017,image-00017.tiff,6,1.20745833333333,4.92583333333333,14.8202916666667,3.373375,1.40829166666667,25.7370416666667,1
MR-05,MR-05_image-00017,image-00017.tiff,7,1.22008333333333,4.94366666666667,14.8517916666667,3.36125,1.40629166666667,25.784875,1
MR-05,MR-05_image-00017,image-00017.tiff,8,1.21845833333333,4.932625,14.7441666666667,3.337625,1.39604166666667,25.6305833333333,1
MR-05,MR-05_image-00017,image-00017.tiff,9,1.22129166666667,4.93108333333333,14.8252916666667,3.28654166666667,1.40079166666667,25.66675,1
MR-05,MR-05_image-00017,image-00017.tiff,10,1.20320833333333,4.93145833333333,14.8665,3.37204166666667,1.47641666666667,25.8516666666667,1
MR-05,MR-05_image-00018,image-00018.tiff,1,1.39508333333333,4.95420833333333,14.6539583333333,3.23045833333333,1.646125,25.8823333333333,1
MR-05,MR-05_image-00018,image-00018.tiff,2,1.219125,4.94933333333333,14.4687916666667,3.23495833333333,1.41383333333333,25.2885,1
MR-05,MR-05_image-00018,image-00018.tiff,3,1.227125,4.9485,14.6645833333333,3.229875,1.40283333333333,25.47525,1
MR-05,MR-05_image-00018,image-00018.tiff,4,1.22233333333333,4.9405,14.3127083333333,3.25854166666667,1.44820833333333,25.184625,1
MR-05,MR-05_image-00018,image-00018.tiff,5,1.2875,5.05558333333333,14.9242083333333,3.544875,1.60204166666667,26.4204166666667,1
MR-05,MR-05_image-00018,image-00018.tiff,6,1.240875,5.058625,14.66125,3.321125,1.55725,25.843,1
MR-05,MR-05_image-00018,image-00018.tiff,7,1.28325,4.992125,14.45725,3.292,1.41925,25.4480833333333,1
MR-05,MR-05_image-00018,image-00018.tiff,8,1.20816666666667,4.91104166666667,14.4207916666667,3.32316666666667,1.460125,25.3255,1
MR-05,MR-05_image-00018,image-00018.tiff,9,1.22916666666667,4.954875,14.4177083333333,3.397125,1.4525,25.4545833333333,1
MR-05,MR-05_image-00018,image-00018.tiff,10,1.21525,4.97641666666667,14.7775416666667,3.49704166666667,1.51020833333333,25.9793333333333,1
MR-05,MR-05_image-00019,image-00019.tiff,1,1.209,4.92158333333333,14.7642916666667,3.251,1.40216666666667,25.5504583333333,1
MR-05,MR-05_image-00019,image-00019.tiff,2,1.238625,4.91670833333333,14.217625,3.37545833333333,1.40691666666667,25.1575833333333,1
MR-05,MR-05_image-00019,image-00019.tiff,3,1.20725,4.92491666666667,14.6764166666667,3.358875,1.40208333333333,25.5717083333333,1
MR-05,MR-05_image-00019,image-00019.tiff,4,1.21204166666667,4.94183333333333,23.401875,10.18775,5.381375,45.1386666666667,1
MR-05,MR-05_image-00019,image-00019.tiff,5,6.23583333333333,6.78520833333333,19.5602083333333,3.31816666666667,1.63095833333333,37.5519583333333,1
MR-05,MR-05_image-00019,image-00019.tiff,6,1.22991666666667,4.96504166666667,14.288125,3.33245833333333,1.42504166666667,25.2440833333333,1
MR-05,MR-05_image-00019,image-00019.tiff,7,1.22041666666667,4.918125,14.5372916666667,3.26404166666667,1.41841666666667,25.361,1
MR-05,MR-05_image-00019,image-00019.tiff,8,1.21258333333333,4.92395833333333,14.28625,3.27295833333333,1.40566666666667,25.1036666666667,1
MR-05,MR-05_image-00019,image-00019.tiff,9,1.225,4.917,14.4664166666667,3.2915,1.40658333333333,25.3085833333333,1
MR-05,MR-05_image-00019,image-00019.tiff,10,1.21533333333333,4.91954166666667,14.4824166666667,3.281625,1.41025,25.3113333333333,1
