Series,ImageID,Filename,Repeat,HashMs,SignMs,EmbedMs,ExtractRecoverMs,VerifyMs,TotalMs,EmbeddingSuccess
CT-01,CT-01_CT-01_image-00000_ai-denoising,CT-01_image-00000_ai-denoising.tiff,1,1.34325,5.21404166666667,13.4669166666667,3.804625,2.00558333333333,25.851,1
CT-01,CT-01_CT-01_image-00000_ai-denoising,CT-01_image-00000_ai-denoising.tiff,2,1.33854166666667,5.08704166666667,13.4125833333333,3.46354166666667,2.09220833333333,25.4121666666667,1
CT-01,CT-01_CT-01_image-00000_ai-denoising,CT-01_image-00000_ai-denoising.tiff,3,1.35466666666667,5.10779166666667,12.8834583333333,3.29458333333333,2.18154166666667,24.8417916666667,1
CT-01,CT-01_CT-01_image-00000_ai-denoising,CT-01_image-00000_ai-denoising.tiff,4,1.3365,5.08520833333333,12.6211666666667,3.28379166666667,2.210625,24.55775,1
CT-01,CT-01_CT-01_image-00000_ai-denoising,CT-01_image-00000_ai-denoising.tiff,5,1.34008333333333,4.99891666666667,12.8024583333333,3.21354166666667,2.37983333333333,24.7504583333333,1
CT-01,CT-01_CT-01_image-00000_ai-denoising,CT-01_image-00000_ai-denoising.tiff,6,1.32491666666667,5.04516666666667,12.7648333333333,3.3305,2.35704166666667,24.8394166666667,1
CT-01,CT-01_CT-01_image-00000_ai-denoising,CT-01_image-00000_ai-denoising.tiff,7,1.39641666666667,5.01270833333333,12.8785833333333,3.290625,3.04870833333333,25.64325,1
CT-01,CT-01_CT-01_image-00000_ai-denoising,CT-01_image-00000_ai-denoising.tiff,8,1.36783333333333,4.95033333333333,13.453875,3.55829166666667,2.39566666666667,25.7468333333333,1
CT-01,CT-01_CT-01_image-00000_ai-denoising,CT-01_image-00000_ai-denoising.tiff,9,1.38908333333333,5.15345833333333,13.3572916666667,3.55366666666667,2.06470833333333,25.536,1
CT-01,CT-01_CT-01_image-00000_ai-denoising,CT-01_image-00000_ai-denoising.tiff,10,1.44075,5.208625,13.386625,3.561125,1.908625,25.522125,1
CT-01,CT-01_CT-01_image-00000_ai-inpainting,CT-01_image-00000_ai-inpainting.tiff,1,1.35779166666667,5.01316666666667,12.8037916666667,3.45166666666667,1.66616666666667,24.312125,1
CT-01,CT-01_CT-01_image-00000_ai-inpainting,CT-01_image-00000_ai-inpainting.tiff,2,1.37154166666667,5.035875,12.9458333333333,3.43670833333333,1.90316666666667,24.7118333333333,1
CT-01,CT-01_CT-01_image-00000_ai-inpainting,CT-01_image-00000_ai-inpainting.tiff,3,1.56575,5.13320833333333,13.1727916666667,3.523875,2.00025,25.414125,1
CT-01,CT-01_CT-01_image-00000_ai-inpainting,CT-01_image-00000_ai-inpainting.tiff,4,1.35941666666667,5.00433333333333,13.1330416666667,3.48366666666667,1.743125,24.7392916666667,1
CT-01,CT-01_CT-01_image-00000_ai-inpainting,CT-01_image-00000_ai-inpainting.tiff,5,1.39454166666667,5.009625,13.18825,3.42345833333333,6.92883333333333,29.96475,1
CT-01,CT-01_CT-01_image-00000_ai-inpainting,CT-01_image-00000_ai-inpainting.tiff,6,1.39458333333333,5.08229166666667,12.7976666666667,3.42116666666667,1.697625,24.4132083333333,1
CT-01,CT-01_CT-01_image-00000_ai-inpainting,CT-01_image-00000_ai-inpainting.tiff,7,1.36995833333333,5.01879166666667,12.9242083333333,3.49370833333333,1.63275,24.45575,1
CT-01,CT-01_CT-01_image-00000_ai-inpainting,CT-01_image-00000_ai-inpainting.tiff,8,1.26441666666667,5.03079166666667,12.942875,3.43216666666667,1.59225,24.2832083333333,1
CT-01,CT-01_CT-01_image-00000_ai-inpainting,CT-01_image-00000_ai-inpainting.tiff,9,1.45041666666667,4.98129166666667,12.9599166666667,3.45541666666667,1.54066666666667,24.4018333333333,1
CT-01,CT-01_CT-01_image-00000_ai-inpainting,CT-01_image-00000_ai-inpainting.tiff,10,1.24154166666667,4.99358333333333,12.8639166666667,3.47295833333333,1.50841666666667,24.0949583333333,1
CT-01,CT-01_CT-01_image-00000_synthetic-lesion-insertion,CT-01_image-00000_synthetic-lesion-insertion.tiff,1,1.309875,4.96858333333333,12.781625,3.40383333333333,1.68195833333333,24.1619583333333,1
CT-01,CT-01_CT-01_image-00000_synthetic-lesion-insertion,CT-01_image-00000_synthetic-lesion-insertion.tiff,2,1.18883333333333,4.96770833333333,12.724375,3.468125,1.78575,24.15225,1
CT-01,CT-01_CT-01_image-00000_synthetic-lesion-insertion,CT-01_image-00000_synthetic-lesion-insertion.tiff,3,1.21475,4.97,12.678,3.47254166666667,1.64279166666667,24.0057916666667,1
CT-01,CT-01_CT-01_image-00000_synthetic-lesion-insertion,CT-01_image-00000_synthetic-lesion-insertion.tiff,4,1.26379166666667,5.01579166666667,12.9194166666667,3.423125,1.58395833333333,24.2237916666667,1
CT-01,CT-01_CT-01_image-00000_synthetic-lesion-insertion,CT-01_image-00000_synthetic-lesion-insertion.tiff,5,1.24225,5,12.507125,3.26558333333333,1.5735,23.6039583333333,1
CT-01,CT-01_CT-01_image-00000_synthetic-lesion-insertion,CT-01_image-00000_synthetic-lesion-insertion.tiff,6,1.240875,4.97333333333333,12.736125,3.363125,1.54766666666667,23.8762916666667,1
CT-01,CT-01_CT-01_image-00000_synthetic-lesion-insertion,CT-01_image-00000_synthetic-lesion-insertion.tiff,7,1.240375,5.02383333333333,12.5497916666667,3.36370833333333,1.55004166666667,23.7423333333333,1
CT-01,CT-01_CT-01_image-00000_synthetic-lesion-insertion,CT-01_image-00000_synthetic-lesion-insertion.tiff,8,1.256,4.98483333333333,12.7535833333333,3.30629166666667,1.53458333333333,23.8503333333333,1
CT-01,CT-01_CT-01_image-00000_synthetic-lesion-insertion,CT-01_image-00000_synthetic-lesion-insertion.tiff,9,1.23175,4.981,12.8501666666667,3.36454166666667,1.53275,23.9794166666667,1
CT-01,CT-01_CT-01_image-00000_synthetic-lesion-insertion,CT-01_image-00000_synthetic-lesion-insertion.tiff,10,1.23075,4.98341666666667,12.659375,3.46275,1.60975,23.9604583333333,1
CT-01,CT-01_CT-01_image-00000_synthetic-lesion-modification,CT-01_image-00000_synthetic-lesion-modification.tiff,1,1.22129166666667,4.97391666666667,13.56675,3.42495833333333,1.53508333333333,24.7365833333333,1
CT-01,CT-01_CT-01_image-00000_synthetic-lesion-modification,CT-01_image-00000_synthetic-lesion-modification.tiff,2,1.23604166666667,5.08183333333333,12.9018333333333,3.281625,1.71254166666667,24.2337916666667,1
CT-01,CT-01_CT-01_image-00000_synthetic-lesion-modification,CT-01_image-00000_synthetic-lesion-modification.tiff,3,1.24691666666667,5.02220833333333,12.491125,3.34008333333333,1.72920833333333,23.8456666666667,1
CT-01,CT-01_CT-01_image-00000_synthetic-lesion-modification,CT-01_image-00000_synthetic-lesion-modification.tiff,4,1.175375,5.25291666666667,12.7056666666667,3.38108333333333,1.53841666666667,24.07225,1
CT-01,CT-01_CT-01_image-00000_synthetic-lesion-modification,CT-01_image-00000_synthetic-lesion-modification.tiff,5,1.24333333333333,5.12958333333333,12.6053333333333,3.323,1.56125,23.8772083333333,1
CT-01,CT-01_CT-01_image-00000_synthetic-lesion-modification,CT-01_image-00000_synthetic-lesion-modification.tiff,6,1.26666666666667,5.11575,12.7223333333333,3.367125,1.54679166666667,24.0324583333333,1
CT-01,CT-01_CT-01_image-00000_synthetic-lesion-modification,CT-01_image-00000_synthetic-lesion-modification.tiff,7,1.26054166666667,5.10029166666667,12.7648333333333,3.386375,1.58975,24.1171666666667,1
CT-01,CT-01_CT-01_image-00000_synthetic-lesion-modification,CT-01_image-00000_synthetic-lesion-modification.tiff,8,1.26333333333333,5.07470833333333,12.597625,3.381,1.55145833333333,23.8822916666667,1
CT-01,CT-01_CT-01_image-00000_synthetic-lesion-modification,CT-01_image-00000_synthetic-lesion-modification.tiff,9,1.2475,5.03995833333333,13.5207916666667,3.48979166666667,1.81308333333333,25.12975,1
CT-01,CT-01_CT-01_image-00000_synthetic-lesion-modification,CT-01_image-00000_synthetic-lesion-modification.tiff,10,1.220625,5.06125,12.8565833333333,3.37895833333333,1.57216666666667,24.1081666666667,1
CT-01,CT-01_CT-01_image-00000_synthetic-lesion-removal,CT-01_image-00000_synthetic-lesion-removal.tiff,1,1.40383333333333,5.25404166666667,15.5055833333333,3.85604166666667,2.42266666666667,28.8324166666667,1
CT-01,CT-01_CT-01_image-00000_synthetic-lesion-removal,CT-01_image-00000_synthetic-lesion-removal.tiff,2,1.32579166666667,6.74520833333333,13.5879166666667,3.57166666666667,2.1305,27.8649166666667,1
CT-01,CT-01_CT-01_image-00000_synthetic-lesion-removal,CT-01_image-00000_synthetic-lesion-removal.tiff,3,1.28145833333333,5.12616666666667,13.2457916666667,3.62875,1.757125,25.204875,1
CT-01,CT-01_CT-01_image-00000_synthetic-lesion-removal,CT-01_image-00000_synthetic-lesion-removal.tiff,4,1.219125,5.12329166666667,12.9264166666667,3.60620833333333,1.74325,24.7347083333333,1
CT-01,CT-01_CT-01_image-00000_synthetic-lesion-removal,CT-01_image-00000_synthetic-lesion-removal.tiff,5,1.22354166666667,5.10929166666667,12.8915833333333,3.48933333333333,1.60625,24.4245,1
CT-01,CT-01_CT-01_image-00000_synthetic-lesion-removal,CT-01_image-00000_synthetic-lesion-removal.tiff,6,1.233,5.12645833333333,13.0845833333333,3.43216666666667,1.59458333333333,24.536625,1
CT-01,CT-01_CT-01_image-00000_synthetic-lesion-removal,CT-01_image-00000_synthetic-lesion-removal.tiff,7,1.24645833333333,5.09908333333333,12.5709583333333,3.40441666666667,1.543375,23.9820833333333,1
CT-01,CT-01_CT-01_image-00000_synthetic-lesion-removal,CT-01_image-00000_synthetic-lesion-removal.tiff,8,1.2285,4.99975,12.6952916666667,3.38016666666667,1.503125,23.8764583333333,1
CT-01,CT-01_CT-01_image-00000_synthetic-lesion-removal,CT-01_image-00000_synthetic-lesion-removal.tiff,9,1.245625,4.997875,12.7828333333333,3.23033333333333,1.66275,23.9522916666667,1
CT-01,CT-01_CT-01_image-00000_synthetic-lesion-removal,CT-01_image-00000_synthetic-lesion-removal.tiff,10,1.250125,4.99895833333333,12.600375,3.30554166666667,1.54383333333333,23.7152083333333,1
CT-01,CT-01_CT-01_image-00091_ai-denoising,CT-01_image-00091_ai-denoising.tiff,1,1.21883333333333,4.94333333333333,12.9692083333333,3.32779166666667,1.67533333333333,24.1377083333333,1
CT-01,CT-01_CT-01_image-00091_ai-denoising,CT-01_image-00091_ai-denoising.tiff,2,1.22108333333333,4.999,12.8936666666667,3.37383333333333,1.74945833333333,24.2440416666667,1
CT-01,CT-01_CT-01_image-00091_ai-denoising,CT-01_image-00091_ai-denoising.tiff,3,1.218625,4.89095833333333,13.0419166666667,3.23258333333333,1.44504166666667,23.83525,1
CT-01,CT-01_CT-01_image-00091_ai-denoising,CT-01_image-00091_ai-denoising.tiff,4,1.19120833333333,4.97295833333333,12.6199166666667,3.35583333333333,1.42629166666667,23.5694166666667,1
CT-01,CT-01_CT-01_image-00091_ai-denoising,CT-01_image-00091_ai-denoising.tiff,5,1.25033333333333,4.94525,12.7855833333333,3.31379166666667,1.43725,23.735375,1
CT-01,CT-01_CT-01_image-00091_ai-denoising,CT-01_image-00091_ai-denoising.tiff,6,1.22570833333333,4.92691666666667,12.7032083333333,3.429125,1.40870833333333,23.6965,1
CT-01,CT-01_CT-01_image-00091_ai-denoising,CT-01_image-00091_ai-denoising.tiff,7,1.21604166666667,4.93883333333333,12.8032916666667,3.45204166666667,1.40116666666667,23.8140416666667,1
CT-01,CT-01_CT-01_image-00091_ai-denoising,CT-01_image-00091_ai-denoising.tiff,8,1.204125,4.98220833333333,12.7537083333333,3.42079166666667,1.41170833333333,23.7748333333333,1
CT-01,CT-01_CT-01_image-00091_ai-denoising,CT-01_image-00091_ai-denoising.tiff,9,1.22758333333333,4.94791666666667,12.6805833333333,3.305,1.39716666666667,23.5605,1
CT-01,CT-01_CT-01_image-00091_ai-denoising,CT-01_image-00091_ai-denoising.tiff,10,1.22495833333333,4.92729166666667,13.0190416666667,3.31054166666667,1.403375,23.8874583333333,1
CT-01,CT-01_CT-01_image-00091_ai-inpainting,CT-01_image-00091_ai-inpainting.tiff,1,1.2245,4.94029166666667,12.48025,3.31879166666667,1.42245833333333,23.389375,1
CT-01,CT-01_CT-01_image-00091_ai-inpainting,CT-01_image-00091_ai-inpainting.tiff,2,1.211,4.95391666666667,12.4495,3.25516666666667,1.51708333333333,23.3919583333333,1
CT-01,CT-01_CT-01_image-00091_ai-inpainting,CT-01_image-00091_ai-inpainting.tiff,3,1.20816666666667,5.012625,12.435875,3.30191666666667,1.5105,23.4744583333333,1
CT-01,CT-01_CT-01_image-00091_ai-inpainting,CT-01_image-00091_ai-inpainting.tiff,4,1.2055,4.98541666666667,12.4804166666667,3.221125,1.412125,23.30875,1
CT-01,CT-01_CT-01_image-00091_ai-inpainting,CT-01_image-00091_ai-inpainting.tiff,5,1.19591666666667,4.95233333333333,12.556,3.26154166666667,1.38020833333333,23.3494166666667,1
CT-01,CT-01_CT-01_image-00091_ai-inpainting,CT-01_image-00091_ai-inpainting.tiff,6,1.19129166666667,4.954375,12.4459583333333,3.284375,1.4265,23.30575,1
CT-01,CT-01_CT-01_image-00091_ai-inpainting,CT-01_image-00091_ai-inpainting.tiff,7,1.20866666666667,4.94795833333333,12.3945833333333,3.30391666666667,1.41458333333333,23.2722916666667,1
CT-01,CT-01_CT-01_image-00091_ai-inpainting,CT-01_image-00091_ai-inpainting.tiff,8,1.23116666666667,4.96145833333333,12.4947916666667,3.314125,1.413625,23.417625,1
CT-01,CT-01_CT-01_image-00091_ai-inpainting,CT-01_image-00091_ai-inpainting.tiff,9,1.24283333333333,4.969125,12.5300416666667,3.10941666666667,1.457375,23.313375,1
CT-01,CT-01_CT-01_image-00091_ai-inpainting,CT-01_image-00091_ai-inpainting.tiff,10,1.20154166666667,4.97316666666667,12.3930416666667,3.22983333333333,1.45270833333333,23.2540833333333,1
CT-01,CT-01_CT-01_image-00091_synthetic-lesion-insertion,CT-01_image-00091_synthetic-lesion-insertion.tiff,1,1.21895833333333,5.02541666666667,13.0794583333333,3.42795833333333,1.41345833333333,24.1685416666667,1
CT-01,CT-01_CT-01_image-00091_synthetic-lesion-insertion,CT-01_image-00091_synthetic-lesion-insertion.tiff,2,1.23441666666667,4.94383333333333,12.62625,3.412375,1.41754166666667,23.637125,1
CT-01,CT-01_CT-01_image-00091_synthetic-lesion-insertion,CT-01_image-00091_synthetic-lesion-insertion.tiff,3,1.21233333333333,4.96525,13.1620833333333,3.45370833333333,1.571625,24.3699166666667,1
CT-01,CT-01_CT-01_image-00091_synthetic-lesion-insertion,CT-01_image-00091_synthetic-lesion-insertion.tiff,4,1.24933333333333,4.97204166666667,12.974,3.16658333333333,1.409625,23.7767083333333,1
CT-01,CT-01_CT-01_image-00091_synthetic-lesion-insertion,CT-01_image-00091_synthetic-lesion-insertion.tiff,5,1.18233333333333,4.9465,12.5704166666667,3.331375,1.42216666666667,23.4562916666667,1
CT-01,CT-01_CT-01_image-00091_synthetic-lesion-insertion,CT-01_image-00091_synthetic-lesion-insertion.tiff,6,1.23795833333333,4.94316666666667,12.841125,3.38720833333333,1.43141666666667,23.8438333333333,1
CT-01,CT-01_CT-01_image-00091_synthetic-lesion-insertion,CT-01_image-00091_synthetic-lesion-insertion.tiff,7,1.21995833333333,4.97079166666667,12.7024583333333,3.38416666666667,1.40554166666667,23.6860416666667,1
CT-01,CT-01_CT-01_image-00091_synthetic-lesion-insertion,CT-01_image-00091_synthetic-lesion-insertion.tiff,8,1.20304166666667,4.95345833333333,12.4462916666667,3.37041666666667,1.441125,23.4174166666667,1
CT-01,CT-01_CT-01_image-00091_synthetic-lesion-insertion,CT-01_image-00091_synthetic-lesion-insertion.tiff,9,1.21754166666667,4.92479166666667,12.70325,3.31891666666667,1.41908333333333,23.586,1
CT-01,CT-01_CT-01_image-00091_synthetic-lesion-insertion,CT-01_image-00091_synthetic-lesion-insertion.tiff,10,1.23604166666667,4.93129166666667,12.7246666666667,3.30529166666667,1.43404166666667,23.6336666666667,1
CT-01,CT-01_CT-01_image-00091_synthetic-lesion-modification,CT-01_image-00091_synthetic-lesion-modification.tiff,1,1.21604166666667,4.93483333333333,12.6925,3.34804166666667,1.410625,23.6045416666667,1
CT-01,CT-01_CT-01_image-00091_synthetic-lesion-modification,CT-01_image-00091_synthetic-lesion-modification.tiff,2,1.23204166666667,4.92708333333333,13.1259166666667,3.3465,1.42404166666667,24.0582083333333,1
CT-01,CT-01_CT-01_image-00091_synthetic-lesion-modification,CT-01_image-00091_synthetic-lesion-modification.tiff,3,1.21958333333333,4.925625,12.8645833333333,3.42441666666667,1.43058333333333,23.8676666666667,1
CT-01,CT-01_CT-01_image-00091_synthetic-lesion-modification,CT-01_image-00091_synthetic-lesion-modification.tiff,4,1.18741666666667,4.87325,13.6361666666667,3.52975,1.55029166666667,24.7829583333333,1
CT-01,CT-01_CT-01_image-00091_synthetic-lesion-modification,CT-01_image-00091_synthetic-lesion-modification.tiff,5,1.222875,4.98858333333333,13.5482083333333,3.49233333333333,1.429125,24.685375,1
CT-01,CT-01_CT-01_image-00091_synthetic-lesion-modification,CT-01_image-00091_synthetic-lesion-modification.tiff,6,1.211375,4.925625,13.3921666666667,3.463375,1.42091666666667,24.4165,1
CT-01,CT-01_CT-01_image-00091_synthetic-lesion-modification,CT-01_image-00091_synthetic-lesion-modification.tiff,7,1.22041666666667,4.93616666666667,13.1985833333333,3.42733333333333,1.40129166666667,24.1860416666667,1
CT-01,CT-01_CT-01_image-00091_synthetic-lesion-modification,CT-01_image-00091_synthetic-lesion-modification.tiff,8,1.21745833333333,4.94870833333333,13.031125,3.44283333333333,1.4125,24.0547916666667,1
CT-01,CT-01_CT-01_image-00091_synthetic-lesion-modification,CT-01_image-00091_synthetic-lesion-modification.tiff,9,1.22345833333333,4.93316666666667,13.0657083333333,3.44858333333333,1.57866666666667,24.252,1
CT-01,CT-01_CT-01_image-00091_synthetic-lesion-modification,CT-01_image-00091_synthetic-lesion-modification.tiff,10,1.16408333333333,4.92816666666667,12.4551666666667,3.24841666666667,1.42491666666667,23.2241666666667,1
CT-01,CT-01_CT-01_image-00091_synthetic-lesion-removal,CT-01_image-00091_synthetic-lesion-removal.tiff,1,1.21295833333333,4.93979166666667,12.974875,3.384375,1.423375,23.9380416666667,1
CT-01,CT-01_CT-01_image-00091_synthetic-lesion-removal,CT-01_image-00091_synthetic-lesion-removal.tiff,2,1.215375,4.921625,12.93925,3.44895833333333,1.41566666666667,23.943375,1
CT-01,CT-01_CT-01_image-00091_synthetic-lesion-removal,CT-01_image-00091_synthetic-lesion-removal.tiff,3,1.20620833333333,4.96658333333333,13.0684166666667,3.41683333333333,1.44195833333333,24.1020416666667,1
CT-01,CT-01_CT-01_image-00091_synthetic-lesion-removal,CT-01_image-00091_synthetic-lesion-removal.tiff,4,1.21041666666667,4.983375,13.1400416666667,3.41916666666667,1.544625,24.30225,1
CT-01,CT-01_CT-01_image-00091_synthetic-lesion-removal,CT-01_image-00091_synthetic-lesion-removal.tiff,5,1.2285,4.93266666666667,12.6967916666667,3.371875,1.42945833333333,23.6639166666667,1
CT-01,CT-01_CT-01_image-00091_synthetic-lesion-removal,CT-01_image-00091_synthetic-lesion-removal.tiff,6,1.17079166666667,4.95154166666667,12.8677083333333,3.33566666666667,1.43025,23.7595833333333,1
CT-01,CT-01_CT-01_image-00091_synthetic-lesion-removal,CT-01_image-00091_synthetic-lesion-removal.tiff,7,1.22208333333333,4.944375,12.9892083333333,3.38875,1.43654166666667,23.9836666666667,1
CT-01,CT-01_CT-01_image-00091_synthetic-lesion-removal,CT-01_image-00091_synthetic-lesion-removal.tiff,8,1.21395833333333,4.94095833333333,13.090375,3.25775,1.42404166666667,23.92975,1
CT-01,CT-01_CT-01_image-00091_synthetic-lesion-removal,CT-01_image-00091_synthetic-lesion-removal.tiff,9,1.23004166666667,4.93008333333333,12.7252083333333,3.28008333333333,1.42254166666667,23.590125,1
CT-01,CT-01_CT-01_image-00091_synthetic-lesion-removal,CT-01_image-00091_synthetic-lesion-removal.tiff,10,1.211,4.92579166666667,12.9552083333333,3.33479166666667,1.40441666666667,23.8334166666667,1
CT-01,CT-01_CT-01_image-00181_ai-denoising,CT-01_image-00181_ai-denoising.tiff,1,1.20983333333333,4.928375,12.9235,3.36004166666667,1.417625,23.8420833333333,1
CT-01,CT-01_CT-01_image-00181_ai-denoising,CT-01_image-00181_ai-denoising.tiff,2,1.21220833333333,4.91754166666667,12.9094583333333,3.36795833333333,1.39120833333333,23.8004583333333,1
CT-01,CT-01_CT-01_image-00181_ai-denoising,CT-01_image-00181_ai-denoising.tiff,3,1.211625,4.93045833333333,12.9454583333333,3.359,1.399625,23.8482083333333,1
CT-01,CT-01_CT-01_image-00181_ai-denoising,CT-01_image-00181_ai-denoising.tiff,4,1.21995833333333,4.92845833333333,12.9413333333333,3.2805,1.534125,23.9079583333333,1
CT-01,CT-01_CT-01_image-00181_ai-denoising,CT-01_image-00181_ai-denoising.tiff,5,1.21679166666667,5.14591666666667,12.9560416666667,3.36129166666667,1.60866666666667,24.2977916666667,1
CT-01,CT-01_CT-01_image-00181_ai-denoising,CT-01_image-00181_ai-denoising.tiff,6,1.18520833333333,4.99933333333333,12.74775,3.31283333333333,1.45979166666667,23.7100833333333,1
CT-01,CT-01_CT-01_image-00181_ai-denoising,CT-01_image-00181_ai-denoising.tiff,7,1.21920833333333,4.95670833333333,12.4165833333333,3.261,1.61579166666667,23.472875,1
CT-01,CT-01_CT-01_image-00181_ai-denoising,CT-01_image-00181_ai-denoising.tiff,8,1.21458333333333,4.96591666666667,12.3637916666667,3.20504166666667,1.42408333333333,23.1762083333333,1
CT-01,CT-01_CT-01_image-00181_ai-denoising,CT-01_image-00181_ai-denoising.tiff,9,1.21870833333333,4.932875,12.255625,3.23045833333333,1.45945833333333,23.1003333333333,1
CT-01,CT-01_CT-01_image-00181_ai-denoising,CT-01_image-00181_ai-denoising.tiff,10,1.22625,4.966,12.478375,3.25558333333333,1.50104166666667,23.4306666666667,1
CT-01,CT-01_CT-01_image-00181_ai-inpainting,CT-01_image-00181_ai-inpainting.tiff,1,1.25491666666667,5.06725,12.9494166666667,3.38233333333333,1.662375,24.3230416666667,1
CT-01,CT-01_CT-01_image-00181_ai-inpainting,CT-01_image-00181_ai-inpainting.tiff,2,1.24329166666667,5.02116666666667,12.643875,3.31741666666667,1.513625,23.7444166666667,1
CT-01,CT-01_CT-01_image-00181_ai-inpainting,CT-01_image-00181_ai-inpainting.tiff,3,1.21533333333333,4.93066666666667,12.4259166666667,3.25716666666667,1.40991666666667,23.2419166666667,1
CT-01,CT-01_CT-01_image-00181_ai-inpainting,CT-01_image-00181_ai-inpainting.tiff,4,1.23075,4.915625,12.4902916666667,3.229125,1.4015,23.2697083333333,1
CT-01,CT-01_CT-01_image-00181_ai-inpainting,CT-01_image-00181_ai-inpainting.tiff,5,1.216375,4.97595833333333,12.382,3.21479166666667,1.49183333333333,23.2851666666667,1
CT-01,CT-01_CT-01_image-00181_ai-inpainting,CT-01_image-00181_ai-inpainting.tiff,6,1.21325,5.08741666666667,12.7694166666667,3.255125,1.55254166666667,23.8871666666667,1
CT-01,CT-01_CT-01_image-00181_ai-inpainting,CT-01_image-00181_ai-inpainting.tiff,7,1.23120833333333,4.97683333333333,12.49075,3.23320833333333,1.38220833333333,23.31875,1
CT-01,CT-01_CT-01_image-00181_ai-inpainting,CT-01_image-00181_ai-inpainting.tiff,8,1.202875,4.94470833333333,12.6829166666667,3.29270833333333,1.41325,23.5397083333333,1
CT-01,CT-01_CT-01_image-00181_ai-inpainting,CT-01_image-00181_ai-inpainting.tiff,9,1.21825,4.925125,12.6261666666667,3.27570833333333,1.4165,23.4643333333333,1
CT-01,CT-01_CT-01_image-00181_ai-inpainting,CT-01_image-00181_ai-inpainting.tiff,10,1.21633333333333,4.95216666666667,12.73475,3.27816666666667,1.41066666666667,23.594625,1
CT-01,CT-01_CT-01_image-00181_synthetic-lesion-insertion,CT-01_image-00181_synthetic-lesion-insertion.tiff,1,1.22320833333333,4.951375,12.9099166666667,3.08833333333333,1.39941666666667,23.57625,1
CT-01,CT-01_CT-01_image-00181_synthetic-lesion-insertion,CT-01_image-00181_synthetic-lesion-insertion.tiff,2,1.216625,5.002,12.6494166666667,3.31383333333333,1.429625,23.6146666666667,1
CT-01,CT-01_CT-01_image-00181_synthetic-lesion-insertion,CT-01_image-00181_synthetic-lesion-insertion.tiff,3,1.20425,4.98925,12.5905833333333,3.240625,1.4025,23.4297916666667,1
CT-01,CT-01_CT-01_image-00181_synthetic-lesion-insertion,CT-01_image-00181_synthetic-lesion-insertion.tiff,4,1.21379166666667,4.94833333333333,12.63775,3.19016666666667,1.403125,23.3955416666667,1
CT-01,CT-01_CT-01_image-00181_synthetic-lesion-insertion,CT-01_image-00181_synthetic-lesion-insertion.tiff,5,1.21041666666667,4.93283333333333,12.767625,3.20429166666667,1.568,23.685625,1
CT-01,CT-01_CT-01_image-00181_synthetic-lesion-insertion,CT-01_image-00181_synthetic-lesion-insertion.tiff,6,1.1635,4.97625,12.7409166666667,3.367125,1.42058333333333,23.6714166666667,1
CT-01,CT-01_CT-01_image-00181_synthetic-lesion-insertion,CT-01_image-00181_synthetic-lesion-insertion.tiff,7,1.22229166666667,4.92629166666667,12.9669583333333,3.39458333333333,1.41820833333333,23.9310416666667,1
CT-01,CT-01_CT-01_image-00181_synthetic-lesion-insertion,CT-01_image-00181_synthetic-lesion-insertion.tiff,8,1.24025,4.95679166666667,12.89825,3.38379166666667,1.416,23.8975416666667,1
CT-01,CT-01_CT-01_image-00181_synthetic-lesion-insertion,CT-01_image-00181_synthetic-lesion-insertion.tiff,9,1.21120833333333,4.937625,12.813,3.367125,1.40608333333333,23.7374166666667,1
CT-01,CT-01_CT-01_image-00181_synthetic-lesion-insertion,CT-01_image-00181_synthetic-lesion-insertion.tiff,10,1.212625,4.921875,12.8159583333333,3.35879166666667,1.40829166666667,23.71975,1
CT-01,CT-01_CT-01_image-00181_synthetic-lesion-modification,CT-01_image-00181_synthetic-lesion-modification.tiff,1,1.23154166666667,4.94129166666667,12.6342916666667,3.414,1.46070833333333,23.6865416666667,1
CT-01,CT-01_CT-01_image-00181_synthetic-lesion-modification,CT-01_image-00181_synthetic-lesion-modification.tiff,2,1.20075,4.94970833333333,12.64475,3.29341666666667,1.42795833333333,23.5201666666667,1
CT-01,CT-01_CT-01_image-00181_synthetic-lesion-modification,CT-01_image-00181_synthetic-lesion-modification.tiff,3,1.22975,4.91795833333333,12.3555416666667,3.19029166666667,1.39433333333333,23.0908333333333,1
CT-01,CT-01_CT-01_image-00181_synthetic-lesion-modification,CT-01_image-00181_synthetic-lesion-modification.tiff,4,1.2145,4.90866666666667,12.45475,3.18204166666667,1.40554166666667,23.1680416666667,1
CT-01,CT-01_CT-01_image-00181_synthetic-lesion-modification,CT-01_image-00181_synthetic-lesion-modification.tiff,5,1.20695833333333,4.91541666666667,12.356375,3.26295833333333,1.408,23.1522916666667,1
CT-01,CT-01_CT-01_image-00181_synthetic-lesion-modification,CT-01_image-00181_synthetic-lesion-modification.tiff,6,1.20745833333333,4.90970833333333,12.6599583333333,3.250875,1.40066666666667,23.4310416666667,1
CT-01,CT-01_CT-01_image-00181_synthetic-lesion-modification,CT-01_image-00181_synthetic-lesion-modification.tiff,7,1.21325,4.90308333333333,12.4152916666667,3.25254166666667,1.40991666666667,23.1964166666667,1
CT-01,CT-01_CT-01_image-00181_synthetic-lesion-modification,CT-01_image-00181_synthetic-lesion-modification.tiff,8,1.22004166666667,4.90583333333333,12.5064583333333,3.18925,1.41470833333333,23.238625,1
CT-01,CT-01_CT-01_image-00181_synthetic-lesion-modification,CT-01_image-00181_synthetic-lesion-modification.tiff,9,1.21795833333333,4.90575,12.4043333333333,3.17229166666667,1.4105,23.1131666666667,1
CT-01,CT-01_CT-01_image-00181_synthetic-lesion-modification,CT-01_image-00181_synthetic-lesion-modification.tiff,10,1.21208333333333,4.91904166666667,12.3631666666667,3.16733333333333,1.394875,23.0587916666667,1
CT-01,CT-01_CT-01_image-00181_synthetic-lesion-removal,CT-01_image-00181_synthetic-lesion-removal.tiff,1,1.18079166666667,4.93604166666667,13.1162083333333,3.5235,1.60770833333333,24.3702916666667,1
CT-01,CT-01_CT-01_image-00181_synthetic-lesion-removal,CT-01_image-00181_synthetic-lesion-removal.tiff,2,1.2105,4.95779166666667,12.7145833333333,3.39283333333333,1.41125,23.6916666666667,1
CT-01,CT-01_CT-01_image-00181_synthetic-lesion-removal,CT-01_image-00181_synthetic-lesion-removal.tiff,3,1.20591666666667,4.94195833333333,12.7613333333333,3.48404166666667,1.514,23.9100833333333,1
CT-01,CT-01_CT-01_image-00181_synthetic-lesion-removal,CT-01_image-00181_synthetic-lesion-removal.tiff,4,1.161,4.928625,12.3213333333333,3.22866666666667,1.41845833333333,23.060875,1
CT-01,CT-01_CT-01_image-00181_synthetic-lesion-removal,CT-01_image-00181_synthetic-lesion-removal.tiff,5,1.21245833333333,4.96583333333333,12.3437916666667,3.15179166666667,1.413875,23.0902083333333,1
CT-01,CT-01_CT-01_image-00181_synthetic-lesion-removal,CT-01_image-00181_synthetic-lesion-removal.tiff,6,1.20925,4.92429166666667,12.427125,3.1275,1.43841666666667,23.1289583333333,1
CT-01,CT-01_CT-01_image-00181_synthetic-lesion-removal,CT-01_image-00181_synthetic-lesion-removal.tiff,7,1.13895833333333,4.93866666666667,12.4937916666667,3.3585,1.418,23.3508333333333,1
CT-01,CT-01_CT-01_image-00181_synthetic-lesion-removal,CT-01_image-00181_synthetic-lesion-removal.tiff,8,1.21083333333333,4.92420833333333,12.4746666666667,3.31520833333333,1.39958333333333,23.3268333333333,1
CT-01,CT-01_CT-01_image-00181_synthetic-lesion-removal,CT-01_image-00181_synthetic-lesion-removal.tiff,9,1.20858333333333,4.92625,12.6917083333333,3.35916666666667,1.414875,23.6029583333333,1
CT-01,CT-01_CT-01_image-00181_synthetic-lesion-removal,CT-01_image-00181_synthetic-lesion-removal.tiff,10,1.21508333333333,4.92620833333333,12.5913333333333,3.35620833333333,1.42316666666667,23.5140416666667,1
CT-02,CT-02_CT-02_image-00000_ai-denoising,CT-02_image-00000_ai-denoising.tiff,1,1.24816666666667,4.97416666666667,12.749875,3.33904166666667,1.57929166666667,23.896375,1
CT-02,CT-02_CT-02_image-00000_ai-denoising,CT-02_image-00000_ai-denoising.tiff,2,1.22183333333333,4.96241666666667,12.8965833333333,3.39129166666667,1.42895833333333,23.905125,1
CT-02,CT-02_CT-02_image-00000_ai-denoising,CT-02_image-00000_ai-denoising.tiff,3,1.211125,4.92429166666667,12.9722916666667,3.352,1.41670833333333,23.879,1
CT-02,CT-02_CT-02_image-00000_ai-denoising,CT-02_image-00000_ai-denoising.tiff,4,1.214125,4.94325,12.8352916666667,3.27141666666667,1.40604166666667,23.6727083333333,1
CT-02,CT-02_CT-02_image-00000_ai-denoising,CT-02_image-00000_ai-denoising.tiff,5,1.21958333333333,4.95170833333333,13.06525,3.295875,1.41954166666667,23.954375,1
CT-02,CT-02_CT-02_image-00000_ai-denoising,CT-02_image-00000_ai-denoising.tiff,6,1.21016666666667,4.94866666666667,13.1245416666667,3.3395,1.45416666666667,24.0791666666667,1
CT-02,CT-02_CT-02_image-00000_ai-denoising,CT-02_image-00000_ai-denoising.tiff,7,1.23545833333333,5.0215,12.8310416666667,3.338,1.49479166666667,23.9237916666667,1
CT-02,CT-02_CT-02_image-00000_ai-denoising,CT-02_image-00000_ai-denoising.tiff,8,1.24383333333333,5.0135,13.227125,3.42208333333333,1.47291666666667,24.382625,1
CT-02,CT-02_CT-02_image-00000_ai-denoising,CT-02_image-00000_ai-denoising.tiff,9,1.23125,5.02179166666667,13.036375,3.35670833333333,1.44108333333333,24.0903333333333,1
CT-02,CT-02_CT-02_image-00000_ai-denoising,CT-02_image-00000_ai-denoising.tiff,10,1.21145833333333,4.94379166666667,13.1643333333333,3.29425,1.41645833333333,24.032625,1
CT-02,CT-02_CT-02_image-00000_ai-inpainting,CT-02_image-00000_ai-inpainting.tiff,1,1.23120833333333,4.966125,12.4926666666667,3.33170833333333,1.69,23.7159583333333,1
CT-02,CT-02_CT-02_image-00000_ai-inpainting,CT-02_image-00000_ai-inpainting.tiff,2,1.203375,4.96341666666667,12.8975416666667,3.294375,1.56958333333333,23.9349583333333,1
CT-02,CT-02_CT-02_image-00000_ai-inpainting,CT-02_image-00000_ai-inpainting.tiff,3,1.224375,5.00141666666667,12.5631666666667,3.21870833333333,1.50845833333333,23.5202916666667,1
CT-02,CT-02_CT-02_image-00000_ai-inpainting,CT-02_image-00000_ai-inpainting.tiff,4,1.23733333333333,4.97995833333333,12.2979583333333,3.26054166666667,1.450375,23.23,1
CT-02,CT-02_CT-02_image-00000_ai-inpainting,CT-02_image-00000_ai-inpainting.tiff,5,1.22279166666667,4.965375,12.2152083333333,3.22679166666667,1.41908333333333,23.0525833333333,1
CT-02,CT-02_CT-02_image-00000_ai-inpainting,CT-02_image-00000_ai-inpainting.tiff,6,1.218875,4.96966666666667,12.306,3.15841666666667,1.42058333333333,23.0762083333333,1
CT-02,CT-02_CT-02_image-00000_ai-inpainting,CT-02_image-00000_ai-inpainting.tiff,7,1.2265,4.920125,12.067125,3.13145833333333,1.42554166666667,22.7734166666667,1
CT-02,CT-02_CT-02_image-00000_ai-inpainting,CT-02_image-00000_ai-inpainting.tiff,8,1.22508333333333,4.93145833333333,12.0935,3.16620833333333,1.40070833333333,22.8194166666667,1
CT-02,CT-02_CT-02_image-00000_ai-inpainting,CT-02_image-00000_ai-inpainting.tiff,9,1.20858333333333,4.92758333333333,11.9747916666667,3.3275,1.418625,22.8594166666667,1
CT-02,CT-02_CT-02_image-00000_ai-inpainting,CT-02_image-00000_ai-inpainting.tiff,10,1.21866666666667,4.92104166666667,12.1012916666667,3.12329166666667,1.414375,22.780875,1
CT-02,CT-02_CT-02_image-00000_synthetic-lesion-insertion,CT-02_image-00000_synthetic-lesion-insertion.tiff,1,1.26870833333333,5.21241666666667,13.54325,3.43733333333333,1.57420833333333,25.04175,1
CT-02,CT-02_CT-02_image-00000_synthetic-lesion-insertion,CT-02_image-00000_synthetic-lesion-insertion.tiff,2,1.27175,5.13341666666667,14.0170833333333,3.6505,1.68270833333333,25.761375,1
CT-02,CT-02_CT-02_image-00000_synthetic-lesion-insertion,CT-02_image-00000_synthetic-lesion-insertion.tiff,3,1.23575,5.02095833333333,12.5174583333333,3.28491666666667,1.42266666666667,23.4872916666667,1
CT-02,CT-02_CT-02_image-00000_synthetic-lesion-insertion,CT-02_image-00000_synthetic-lesion-insertion.tiff,4,1.18025,4.938625,12.932875,3.36441666666667,1.41758333333333,23.837625,1
CT-02,CT-02_CT-02_image-00000_synthetic-lesion-insertion,CT-02_image-00000_synthetic-lesion-insertion.tiff,5,1.22370833333333,4.92816666666667,13.092375,3.46729166666667,1.41475,24.129375,1
CT-02,CT-02_CT-02_image-00000_synthetic-lesion-insertion,CT-02_image-00000_synthetic-lesion-insertion.tiff,6,1.21529166666667,4.924,13.0997083333333,3.47941666666667,1.407375,24.1284166666667,1
CT-02,CT-02_CT-02_image-00000_synthetic-lesion-insertion,CT-02_image-00000_synthetic-lesion-insertion.tiff,7,1.21979166666667,4.90970833333333,13.2984166666667,3.48845833333333,1.41425,24.3328333333333,1
CT-02,CT-02_CT-02_image-00000_synthetic-lesion-insertion,CT-02_image-00000_synthetic-lesion-insertion.tiff,8,1.21733333333333,4.92070833333333,13.0657083333333,3.35454166666667,1.40008333333333,23.9608333333333,1
CT-02,CT-02_CT-02_image-00000_synthetic-lesion-insertion,CT-02_image-00000_synthetic-lesion-insertion.tiff,9,1.211375,4.91379166666667,13.1742083333333,3.37329166666667,1.42104166666667,24.0961666666667,1
CT-02,CT-02_CT-02_image-00000_synthetic-lesion-insertion,CT-02_image-00000_synthetic-lesion-insertion.tiff,10,1.21191666666667,4.933125,13.2200416666667,3.3685,1.41579166666667,24.1516666666667,1
CT-02,CT-02_CT-02_image-00000_synthetic-lesion-modification,CT-02_image-00000_synthetic-lesion-modification.tiff,1,1.21445833333333,4.963125,12.6211666666667,3.25445833333333,1.39933333333333,23.454875,1
CT-02,CT-02_CT-02_image-00000_synthetic-lesion-modification,CT-02_image-00000_synthetic-lesion-modification.tiff,2,1.20529166666667,4.94970833333333,12.482625,3.213875,1.46675,23.32275,1
CT-02,CT-02_CT-02_image-00000_synthetic-lesion-modification,CT-02_image-00000_synthetic-lesion-modification.tiff,3,1.21041666666667,4.96683333333333,13.6086666666667,3.63333333333333,1.63383333333333,25.059125,1
CT-02,CT-02_CT-02_image-00000_synthetic-lesion-modification,CT-02_image-00000_synthetic-lesion-modification.tiff,4,1.23029166666667,4.95941666666667,13.0010416666667,3.416375,1.46195833333333,24.0735,1
CT-02,CT-02_CT-02_image-00000_synthetic-lesion-modification,CT-02_image-00000_synthetic-lesion-modification.tiff,5,1.238125,4.98279166666667,12.8670416666667,3.32633333333333,1.42295833333333,23.840875,1
CT-02,CT-02_CT-02_image-00000_synthetic-lesion-modification,CT-02_image-00000_synthetic-lesion-modification.tiff,6,1.21808333333333,4.93616666666667,12.590875,3.33204166666667,1.409625,23.48925,1
CT-02,CT-02_CT-02_image-00000_synthetic-lesion-modification,CT-02_image-00000_synthetic-lesion-modification.tiff,7,1.206625,4.93275,12.387125,3.36066666666667,1.41275,23.3025,1
CT-02,CT-02_CT-02_image-00000_synthetic-lesion-modification,CT-02_image-00000_synthetic-lesion-modification.tiff,8,1.21716666666667,4.93116666666667,12.5770416666667,3.299625,1.417,23.444625,1
CT-02,CT-02_CT-02_image-00000_synthetic-lesion-modification,CT-02_image-00000_synthetic-lesion-modification.tiff,9,1.21654166666667,4.95933333333333,12.33275,3.23033333333333,1.43333333333333,23.1760416666667,1
CT-02,CT-02_CT-02_image-00000_synthetic-lesion-modification,CT-02_image-00000_synthetic-lesion-modification.tiff,10,1.21875,4.93808333333333,12.1977916666667,3.21254166666667,1.42333333333333,22.9934583333333,1
CT-02,CT-02_CT-02_image-00000_synthetic-lesion-removal,CT-02_image-00000_synthetic-lesion-removal.tiff,1,1.22954166666667,4.952875,12.91325,3.316875,1.421375,23.8367083333333,1
CT-02,CT-02_CT-02_image-00000_synthetic-lesion-removal,CT-02_image-00000_synthetic-lesion-removal.tiff,2,1.226125,4.934,13.1020833333333,3.346625,1.43258333333333,24.043875,1
CT-02,CT-02_CT-02_image-00000_synthetic-lesion-removal,CT-02_image-00000_synthetic-lesion-removal.tiff,3,1.212625,4.997375,12.4185416666667,3.230375,1.63695833333333,23.5023333333333,1
CT-02,CT-02_CT-02_image-00000_synthetic-lesion-removal,CT-02_image-00000_synthetic-lesion-removal.tiff,4,1.23304166666667,4.986875,12.3842083333333,3.246,1.38216666666667,23.2372083333333,1
CT-02,CT-02_CT-02_image-00000_synthetic-lesion-removal,CT-02_image-00000_synthetic-lesion-removal.tiff,5,1.20854166666667,4.97675,12.6725416666667,3.32945833333333,1.42575,23.6160416666667,1
CT-02,CT-02_CT-02_image-00000_synthetic-lesion-removal,CT-02_image-00000_synthetic-lesion-removal.tiff,6,1.21520833333333,4.95879166666667,12.6419583333333,3.27458333333333,1.40804166666667,23.5009583333333,1
CT-02,CT-02_CT-02_image-00000_synthetic-lesion-removal,CT-02_image-00000_synthetic-lesion-removal.tiff,7,1.23104166666667,4.96383333333333,12.6779166666667,3.28066666666667,1.40008333333333,23.5557916666667,1
CT-02,CT-02_CT-02_image-00000_synthetic-lesion-removal,CT-02_image-00000_synthetic-lesion-removal.tiff,8,1.21408333333333,4.95108333333333,12.6069583333333,3.40508333333333,1.45725,23.6370416666667,1
CT-02,CT-02_CT-02_image-00000_synthetic-lesion-removal,CT-02_image-00000_synthetic-lesion-removal.tiff,9,1.20875,4.936875,12.8888333333333,3.41245833333333,1.51041666666667,23.9600833333333,1
CT-02,CT-02_CT-02_image-00000_synthetic-lesion-removal,CT-02_image-00000_synthetic-lesion-removal.tiff,10,1.17225,4.96154166666667,12.823625,3.42954166666667,1.439625,23.8295,1
CT-02,CT-02_CT-02_image-00071_ai-denoising,CT-02_image-00071_ai-denoising.tiff,1,1.220875,5.08791666666667,13.2522916666667,3.42783333333333,1.41195833333333,24.4037083333333,1
CT-02,CT-02_CT-02_image-00071_ai-denoising,CT-02_image-00071_ai-denoising.tiff,2,1.21879166666667,4.9335,12.8655833333333,3.28195833333333,1.41708333333333,23.7193333333333,1
CT-02,CT-02_CT-02_image-00071_ai-denoising,CT-02_image-00071_ai-denoising.tiff,3,1.221875,4.94625,13.0873333333333,3.247625,1.509,24.0148333333333,1
CT-02,CT-02_CT-02_image-00071_ai-denoising,CT-02_image-00071_ai-denoising.tiff,4,1.20091666666667,5.00929166666667,12.956875,3.40033333333333,1.609125,24.1833333333333,1
CT-02,CT-02_CT-02_image-00071_ai-denoising,CT-02_image-00071_ai-denoising.tiff,5,1.22716666666667,4.95929166666667,13.043125,3.17529166666667,1.38858333333333,23.7985833333333,1
CT-02,CT-02_CT-02_image-00071_ai-denoising,CT-02_image-00071_ai-denoising.tiff,6,1.21625,4.90183333333333,12.959,3.31616666666667,1.466,23.8634583333333,1
CT-02,CT-02_CT-02_image-00071_ai-denoising,CT-02_image-00071_ai-denoising.tiff,7,1.225875,4.94579166666667,13.0745833333333,3.35666666666667,1.418625,24.024625,1
CT-02,CT-02_CT-02_image-00071_ai-denoising,CT-02_image-00071_ai-denoising.tiff,8,1.23133333333333,4.9375,13.1560833333333,3.303125,1.422125,24.0529583333333,1
CT-02,CT-02_CT-02_image-00071_ai-denoising,CT-02_image-00071_ai-denoising.tiff,9,1.21195833333333,4.91725,13.1212916666667,3.31291666666667,1.40625,23.9719166666667,1
CT-02,CT-02_CT-02_image-00071_ai-denoising,CT-02_image-00071_ai-denoising.tiff,10,1.22445833333333,4.92391666666667,12.9554166666667,3.30741666666667,1.40445833333333,23.8180833333333,1
CT-02,CT-02_CT-02_image-00071_ai-inpainting,CT-02_image-00071_ai-inpainting.tiff,1,1.22154166666667,4.93133333333333,13.0850833333333,3.47766666666667,1.464125,24.182125,1
CT-02,CT-02_CT-02_image-00071_ai-inpainting,CT-02_image-00071_ai-inpainting.tiff,2,1.176125,4.9485,12.8471666666667,3.41258333333333,1.474375,23.8620833333333,1
CT-02,CT-02_CT-02_image-00071_ai-inpainting,CT-02_image-00071_ai-inpainting.tiff,3,1.23720833333333,4.94804166666667,13.0270833333333,3.40754166666667,1.442,24.065,1
CT-02,CT-02_CT-02_image-00071_ai-inpainting,CT-02_image-00071_ai-inpainting.tiff,4,1.23125,4.948125,13.3467083333333,3.42491666666667,1.56404166666667,24.5202916666667,1
CT-02,CT-02_CT-02_image-00071_ai-inpainting,CT-02_image-00071_ai-inpainting.tiff,5,1.23779166666667,4.94995833333333,12.966625,3.31566666666667,1.4345,23.9090833333333,1
CT-02,CT-02_CT-02_image-00071_ai-inpainting,CT-02_image-00071_ai-inpainting.tiff,6,1.196625,4.95079166666667,13.503125,3.46075,1.41495833333333,24.5292916666667,1
CT-02,CT-02_CT-02_image-00071_ai-inpainting,CT-02_image-00071_ai-inpainting.tiff,7,1.21620833333333,4.91933333333333,13.3894583333333,3.46029166666667,1.58020833333333,24.5682083333333,1
CT-02,CT-02_CT-02_image-00071_ai-inpainting,CT-02_image-00071_ai-inpainting.tiff,8,1.21645833333333,4.96525,12.791625,3.25383333333333,1.40308333333333,23.6340833333333,1
CT-02,CT-02_CT-02_image-00071_ai-inpainting,CT-02_image-00071_ai-inpainting.tiff,9,1.213,4.939875,12.583875,3.26320833333333,1.43595833333333,23.4391666666667,1
CT-02,CT-02_CT-02_image-00071_ai-inpainting,CT-02_image-00071_ai-inpainting.tiff,10,1.2225,4.97808333333333,12.4252916666667,3.335625,1.42925,23.39375,1
CT-02,CT-02_CT-02_image-00071_synthetic-lesion-insertion,CT-02_image-00071_synthetic-lesion-insertion.tiff,1,1.33491666666667,4.95279166666667,13.2055416666667,3.406,1.42120833333333,24.323375,1
CT-02,CT-02_CT-02_image-00071_synthetic-lesion-insertion,CT-02_image-00071_synthetic-lesion-insertion.tiff,2,1.22425,4.935125,12.505625,3.42808333333333,1.40983333333333,23.5054166666667,1
CT-02,CT-02_CT-02_image-00071_synthetic-lesion-insertion,CT-02_image-00071_synthetic-lesion-insertion.tiff,3,1.21420833333333,4.9335,12.5972083333333,3.4545,1.41979166666667,23.6215,1
CT-02,CT-02_CT-02_image-00071_synthetic-lesion-insertion,CT-02_image-00071_synthetic-lesion-insertion.tiff,4,1.21575,4.92841666666667,12.7468333333333,3.254625,1.48429166666667,23.633375,1
CT-02,CT-02_CT-02_image-00071_synthetic-lesion-insertion,CT-02_image-00071_synthetic-lesion-insertion.tiff,5,1.2345,5.07066666666667,12.7539166666667,3.40745833333333,1.59991666666667,24.073,1
CT-02,CT-02_CT-02_image-00071_synthetic-lesion-insertion,CT-02_image-00071_synthetic-lesion-insertion.tiff,6,1.23475,4.99141666666667,12.48,3.36741666666667,1.455375,23.5334583333333,1
CT-02,CT-02_CT-02_image-00071_synthetic-lesion-insertion,CT-02_image-00071_synthetic-lesion-insertion.tiff,7,1.227125,4.97654166666667,12.6708333333333,3.31379166666667,1.418625,23.60975,1
CT-02,CT-02_CT-02_image-00071_synthetic-lesion-insertion,CT-02_image-00071_synthetic-lesion-insertion.tiff,8,1.21833333333333,4.95116666666667,12.67525,3.31258333333333,1.41891666666667,23.5784583333333,1
CT-02,CT-02_CT-02_image-00071_synthetic-lesion-insertion,CT-02_image-00071_synthetic-lesion-insertion.tiff,9,1.221,4.92933333333333,12.7199166666667,3.35820833333333,1.41754166666667,23.6484583333333,1
CT-02,CT-02_CT-02_image-00071_synthetic-lesion-insertion,CT-02_image-00071_synthetic-lesion-insertion.tiff,10,1.21883333333333,4.92579166666667,13.0369166666667,3.33654166666667,1.42441666666667,23.94475,1
CT-02,CT-02_CT-02_image-00071_synthetic-lesion-modification,CT-02_image-00071_synthetic-lesion-modification.tiff,1,1.22125,4.93133333333333,13.3817083333333,3.44125,1.41741666666667,24.3956666666667,1
CT-02,CT-02_CT-02_image-00071_synthetic-lesion-modification,CT-02_image-00071_synthetic-lesion-modification.tiff,2,1.22925,4.92395833333333,13.031,3.41083333333333,1.40941666666667,24.00675,1
CT-02,CT-02_CT-02_image-00071_synthetic-lesion-modification,CT-02_image-00071_synthetic-lesion-modification.tiff,3,1.21920833333333,4.93308333333333,13.1589166666667,3.41354166666667,1.411,24.1380416666667,1
CT-02,CT-02_CT-02_image-00071_synthetic-lesion-modification,CT-02_image-00071_synthetic-lesion-modification.tiff,4,1.21908333333333,4.93616666666667,13.1292916666667,3.41995833333333,1.40916666666667,24.116125,1
CT-02,CT-02_CT-02_image-00071_synthetic-lesion-modification,CT-02_image-00071_synthetic-lesion-modification.tiff,5,1.21625,5.05345833333333,13.325,3.46541666666667,1.8985,24.963875,1
CT-02,CT-02_CT-02_image-00071_synthetic-lesion-modification,CT-02_image-00071_synthetic-lesion-modification.tiff,6,1.26208333333333,4.96879166666667,13.0013333333333,3.371625,1.43966666666667,24.0487916666667,1
CT-02,CT-02_CT-02_image-00071_synthetic-lesion-modification,CT-02_image-00071_synthetic-lesion-modification.tiff,7,1.22358333333333,4.99279166666667,12.894875,3.37179166666667,1.46029166666667,23.9472083333333,1
CT-02,CT-02_CT-02_image-00071_synthetic-lesion-modification,CT-02_image-00071_synthetic-lesion-modification.tiff,8,1.22504166666667,4.94170833333333,13.0337083333333,3.351625,1.46270833333333,24.0179583333333,1
CT-02,CT-02_CT-02_image-00071_synthetic-lesion-modification,CT-02_image-00071_synthetic-lesion-modification.tiff,9,1.22091666666667,4.93725,12.9407916666667,3.35308333333333,1.41704166666667,23.8714166666667,1
CT-02,CT-02_CT-02_image-00071_synthetic-lesion-modification,CT-02_image-00071_synthetic-lesion-modification.tiff,10,1.2215,4.955375,13.011875,3.39745833333333,1.44975,24.0387916666667,1
CT-02,CT-02_CT-02_image-00071_synthetic-lesion-removal,CT-02_image-00071_synthetic-lesion-removal.tiff,1,1.30875,5.06808333333333,12.817375,3.33525,1.42158333333333,23.9542916666667,1
CT-02,CT-02_CT-02_image-00071_synthetic-lesion-removal,CT-02_image-00071_synthetic-lesion-removal.tiff,2,1.21216666666667,4.93366666666667,12.6557916666667,3.29241666666667,1.41133333333333,23.5079166666667,1
CT-02,CT-02_CT-02_image-00071_synthetic-lesion-removal,CT-02_image-00071_synthetic-lesion-removal.tiff,3,1.22554166666667,4.92841666666667,12.279375,3.22954166666667,1.41225,23.0775,1
CT-02,CT-02_CT-02_image-00071_synthetic-lesion-removal,CT-02_image-00071_synthetic-lesion-removal.tiff,4,1.2125,4.93466666666667,12.8644166666667,3.28054166666667,1.43345833333333,23.728,1
CT-02,CT-02_CT-02_image-00071_synthetic-lesion-removal,CT-02_image-00071_synthetic-lesion-removal.tiff,5,1.215125,4.947125,12.798875,3.27204166666667,1.56225,23.7989166666667,1
CT-02,CT-02_CT-02_image-00071_synthetic-lesion-removal,CT-02_image-00071_synthetic-lesion-removal.tiff,6,1.25054166666667,5.07666666666667,13.144875,3.56945833333333,1.54420833333333,24.593125,1
CT-02,CT-02_CT-02_image-00071_synthetic-lesion-removal,CT-02_image-00071_synthetic-lesion-removal.tiff,7,1.23754166666667,4.99145833333333,13.700375,3.55245833333333,1.44316666666667,24.9290416666667,1
CT-02,CT-02_CT-02_image-00071_synthetic-lesion-removal,CT-02_image-00071_synthetic-lesion-removal.tiff,8,1.21858333333333,4.96383333333333,13.3759166666667,3.45483333333333,1.42141666666667,24.4374166666667,1
CT-02,CT-02_CT-02_image-00071_synthetic-lesion-removal,CT-02_image-00071_synthetic-lesion-removal.tiff,9,1.21429166666667,4.91858333333333,13.366625,3.53358333333333,1.40866666666667,24.4443333333333,1
CT-02,CT-02_CT-02_image-00071_synthetic-lesion-removal,CT-02_image-00071_synthetic-lesion-removal.tiff,10,1.233125,4.9505,13.4664166666667,3.53608333333333,1.41558333333333,24.6039583333333,1
CT-02,CT-02_CT-02_image-00146_ai-denoising,CT-02_image-00146_ai-denoising.tiff,1,1.23279166666667,4.91841666666667,13.0295416666667,3.32970833333333,1.466125,23.9811666666667,1
CT-02,CT-02_CT-02_image-00146_ai-denoising,CT-02_image-00146_ai-denoising.tiff,2,1.22416666666667,4.91995833333333,12.9348333333333,3.36258333333333,1.43891666666667,23.8837083333333,1
CT-02,CT-02_CT-02_image-00146_ai-denoising,CT-02_image-00146_ai-denoising.tiff,3,1.22670833333333,4.931625,12.9830833333333,3.36808333333333,1.580875,24.0931666666667,1
CT-02,CT-02_CT-02_image-00146_ai-denoising,CT-02_image-00146_ai-denoising.tiff,4,1.16654166666667,4.98670833333333,13.0840833333333,3.31625,1.42916666666667,23.9852916666667,1
CT-02,CT-02_CT-02_image-00146_ai-denoising,CT-02_image-00146_ai-denoising.tiff,5,1.20883333333333,4.974375,12.8325,3.4335,1.4425,23.8950833333333,1
CT-02,CT-02_CT-02_image-00146_ai-denoising,CT-02_image-00146_ai-denoising.tiff,6,1.21866666666667,4.99541666666667,13.0825416666667,3.407125,1.41804166666667,24.1244583333333,1
CT-02,CT-02_CT-02_image-00146_ai-denoising,CT-02_image-00146_ai-denoising.tiff,7,1.21695833333333,5.00545833333333,12.8802083333333,3.42170833333333,1.41295833333333,23.9397083333333,1
CT-02,CT-02_CT-02_image-00146_ai-denoising,CT-02_image-00146_ai-denoising.tiff,8,1.228875,4.99266666666667,13.11325,3.45270833333333,1.41020833333333,24.199875,1
CT-02,CT-02_CT-02_image-00146_ai-denoising,CT-02_image-00146_ai-denoising.tiff,9,1.22029166666667,4.99025,12.8911666666667,3.33245833333333,1.40895833333333,23.8454166666667,1
CT-02,CT-02_CT-02_image-00146_ai-denoising,CT-02_image-00146_ai-denoising.tiff,10,1.214875,4.969875,12.8706666666667,3.30983333333333,1.39745833333333,23.765,1
CT-02,CT-02_CT-02_image-00146_ai-inpainting,CT-02_image-00146_ai-inpainting.tiff,1,1.24408333333333,4.92841666666667,12.747875,3.33579166666667,1.44091666666667,23.7013333333333,1
CT-02,CT-02_CT-02_image-00146_ai-inpainting,CT-02_image-00146_ai-inpainting.tiff,2,1.22708333333333,4.91716666666667,12.8614583333333,3.295,1.457,23.7608333333333,1
CT-02,CT-02_CT-02_image-00146_ai-inpainting,CT-02_image-00146_ai-inpainting.tiff,3,1.21779166666667,5.00183333333333,12.921,3.298375,1.41591666666667,23.8575833333333,1
CT-02,CT-02_CT-02_image-00146_ai-inpainting,CT-02_image-00146_ai-inpainting.tiff,4,1.21991666666667,4.94729166666667,13.155375,3.34425,1.42629166666667,24.09575,1
CT-02,CT-02_CT-02_image-00146_ai-inpainting,CT-02_image-00146_ai-inpainting.tiff,5,1.22795833333333,4.93841666666667,12.94875,3.32554166666667,1.39875,23.8418333333333,1
CT-02,CT-02_CT-02_image-00146_ai-inpainting,CT-02_image-00146_ai-inpainting.tiff,6,1.2155,4.954,13.130375,3.36333333333333,1.40270833333333,24.0680833333333,1
CT-02,CT-02_CT-02_image-00146_ai-inpainting,CT-02_image-00146_ai-inpainting.tiff,7,1.216125,4.92591666666667,12.9575416666667,3.340375,1.418,23.8602916666667,1
CT-02,CT-02_CT-02_image-00146_ai-inpainting,CT-02_image-00146_ai-inpainting.tiff,8,1.21316666666667,4.92354166666667,13.0169583333333,3.35254166666667,1.40616666666667,23.9147083333333,1
CT-02,CT-02_CT-02_image-00146_ai-inpainting,CT-02_image-00146_ai-inpainting.tiff,9,1.21420833333333,4.93741666666667,12.8360833333333,3.33954166666667,1.40691666666667,23.7363333333333,1
CT-02,CT-02_CT-02_image-00146_ai-inpainting,CT-02_image-00146_ai-inpainting.tiff,10,1.21029166666667,4.9225,12.9765833333333,3.32295833333333,1.4065,23.8410416666667,1
CT-02,CT-02_CT-02_image-00146_synthetic-lesion-insertion,CT-02_image-00146_synthetic-lesion-insertion.tiff,1,1.22695833333333,4.94566666666667,12.98875,3.203875,1.62958333333333,24.0001666666667,1
CT-02,CT-02_CT-02_image-00146_synthetic-lesion-insertion,CT-02_image-00146_synthetic-lesion-insertion.tiff,2,1.180625,4.98808333333333,13.017,3.44795833333333,1.46208333333333,24.0999583333333,1
CT-02,CT-02_CT-02_image-00146_synthetic-lesion-insertion,CT-02_image-00146_synthetic-lesion-insertion.tiff,3,1.22020833333333,4.93083333333333,12.8519583333333,3.48791666666667,1.41758333333333,23.9116666666667,1
CT-02,CT-02_CT-02_image-00146_synthetic-lesion-insertion,CT-02_image-00146_synthetic-lesion-insertion.tiff,4,1.230875,4.92683333333333,13.0199166666667,3.6135,1.422,24.2159166666667,1
CT-02,CT-02_CT-02_image-00146_synthetic-lesion-insertion,CT-02_image-00146_synthetic-lesion-insertion.tiff,5,1.22254166666667,4.935375,13.010125,3.47416666666667,1.41845833333333,24.063375,1
CT-02,CT-02_CT-02_image-00146_synthetic-lesion-insertion,CT-02_image-00146_synthetic-lesion-insertion.tiff,6,1.21379166666667,4.973125,13.4148333333333,3.457,1.405,24.4660416666667,1
CT-02,CT-02_CT-02_image-00146_synthetic-lesion-insertion,CT-02_image-00146_synthetic-lesion-insertion.tiff,7,1.21095833333333,4.92245833333333,12.6879583333333,3.441375,1.41254166666667,23.677625,1
CT-02,CT-02_CT-02_image-00146_synthetic-lesion-insertion,CT-02_image-00146_synthetic-lesion-insertion.tiff,8,1.221125,4.92579166666667,12.9569583333333,3.355625,1.411125,23.872875,1
CT-02,CT-02_CT-02_image-00146_synthetic-lesion-insertion,CT-02_image-00146_synthetic-lesion-insertion.tiff,9,1.218875,4.928875,12.85025,3.42683333333333,1.40720833333333,23.8340833333333,1
CT-02,CT-02_CT-02_image-00146_synthetic-lesion-insertion,CT-02_image-00146_synthetic-lesion-insertion.tiff,10,1.20991666666667,4.930375,12.92375,3.37291666666667,1.41833333333333,23.8576666666667,1
CT-02,CT-02_CT-02_image-00146_synthetic-lesion-modification,CT-02_image-00146_synthetic-lesion-modification.tiff,1,1.22925,5.02329166666667,12.9065416666667,3.25095833333333,1.608,24.025,1
CT-02,CT-02_CT-02_image-00146_synthetic-lesion-modification,CT-02_image-00146_synthetic-lesion-modification.tiff,2,1.21833333333333,4.97,12.6850833333333,3.368,1.46325,23.7092916666667,1
CT-02,CT-02_CT-02_image-00146_synthetic-lesion-modification,CT-02_image-00146_synthetic-lesion-modification.tiff,3,1.22666666666667,4.977625,13.1042083333333,3.39920833333333,1.42879166666667,24.1400416666667,1
CT-02,CT-02_CT-02_image-00146_synthetic-lesion-modification,CT-02_image-00146_synthetic-lesion-modification.tiff,4,1.2205,4.948,12.8334583333333,3.404625,1.466875,23.8761666666667,1
CT-02,CT-02_CT-02_image-00146_synthetic-lesion-modification,CT-02_image-00146_synthetic-lesion-modification.tiff,5,1.279375,4.99229166666667,12.9482916666667,3.377625,1.62554166666667,24.2267916666667,1
CT-02,CT-02_CT-02_image-00146_synthetic-lesion-modification,CT-02_image-00146_synthetic-lesion-modification.tiff,6,1.226,4.96404166666667,12.94225,3.40804166666667,1.48633333333333,24.0296666666667,1
CT-02,CT-02_CT-02_image-00146_synthetic-lesion-modification,CT-02_image-00146_synthetic-lesion-modification.tiff,7,1.21804166666667,4.947375,13.2120833333333,3.37533333333333,1.4105,24.1655833333333,1
CT-02,CT-02_CT-02_image-00146_synthetic-lesion-modification,CT-02_image-00146_synthetic-lesion-modification.tiff,8,1.21745833333333,4.950375,13.0495833333333,3.33325,1.41725,23.9702083333333,1
CT-02,CT-02_CT-02_image-00146_synthetic-lesion-modification,CT-02_image-00146_synthetic-lesion-modification.tiff,9,1.22795833333333,4.98858333333333,12.940375,3.32266666666667,1.42066666666667,23.9025,1
CT-02,CT-02_CT-02_image-00146_synthetic-lesion-modification,CT-02_image-00146_synthetic-lesion-modification.tiff,10,1.21445833333333,4.96229166666667,12.9755833333333,3.291625,1.40979166666667,23.8560833333333,1
CT-02,CT-02_CT-02_image-00146_synthetic-lesion-removal,CT-02_image-00146_synthetic-lesion-removal.tiff,1,1.28829166666667,4.99604166666667,13.3284166666667,3.412125,1.68308333333333,24.7154166666667,1
CT-02,CT-02_CT-02_image-00146_synthetic-lesion-removal,CT-02_image-00146_synthetic-lesion-removal.tiff,2,1.23895833333333,4.95383333333333,12.952125,3.49029166666667,1.45595833333333,24.096375,1
CT-02,CT-02_CT-02_image-00146_synthetic-lesion-removal,CT-02_image-00146_synthetic-lesion-removal.tiff,3,1.23641666666667,4.96441666666667,12.9734583333333,3.37366666666667,1.42216666666667,23.973125,1
CT-02,CT-02_CT-02_image-00146_synthetic-lesion-removal,CT-02_image-00146_synthetic-lesion-removal.tiff,4,1.23366666666667,4.91775,13.1285833333333,3.41170833333333,1.42629166666667,24.1205416666667,1
CT-02,CT-02_CT-02_image-00146_synthetic-lesion-removal,CT-02_image-00146_synthetic-lesion-removal.tiff,5,1.22154166666667,4.94154166666667,13.1472916666667,3.435125,1.41279166666667,24.16075,1
CT-02,CT-02_CT-02_image-00146_synthetic-lesion-removal,CT-02_image-00146_synthetic-lesion-removal.tiff,6,1.217875,4.93541666666667,13.2496666666667,3.45479166666667,1.42491666666667,24.285125,1
CT-02,CT-02_CT-02_image-00146_synthetic-lesion-removal,CT-02_image-00146_synthetic-lesion-removal.tiff,7,1.22275,4.95533333333333,13.035875,3.38870833333333,1.40691666666667,24.0116666666667,1
CT-02,CT-02_CT-02_image-00146_synthetic-lesion-removal,CT-02_image-00146_synthetic-lesion-removal.tiff,8,1.21258333333333,4.92170833333333,12.7519583333333,3.37958333333333,1.442375,23.7108333333333,1
CT-02,CT-02_CT-02_image-00146_synthetic-lesion-removal,CT-02_image-00146_synthetic-lesion-removal.tiff,9,1.22329166666667,4.959375,12.9866666666667,3.400875,1.43104166666667,24.0037916666667,1
CT-02,CT-02_CT-02_image-00146_synthetic-lesion-removal,CT-02_image-00146_synthetic-lesion-removal.tiff,10,1.22041666666667,4.94495833333333,12.9473333333333,3.37020833333333,1.42475,23.9100416666667,1
CT-03,CT-03_CT-03_image-00000_ai-denoising,CT-03_image-00000_ai-denoising.tiff,1,1.22475,5.282,12.7585416666667,3.29725,1.53083333333333,24.0985,1
CT-03,CT-03_CT-03_image-00000_ai-denoising,CT-03_image-00000_ai-denoising.tiff,2,1.25770833333333,5.134875,12.9895416666667,3.35641666666667,1.52291666666667,24.2697916666667,1
CT-03,CT-03_CT-03_image-00000_ai-denoising,CT-03_image-00000_ai-denoising.tiff,3,1.21820833333333,4.957875,12.9460833333333,3.25841666666667,1.40554166666667,23.7902083333333,1
CT-03,CT-03_CT-03_image-00000_ai-denoising,CT-03_image-00000_ai-denoising.tiff,4,1.21329166666667,4.96625,12.8625833333333,3.28429166666667,1.41458333333333,23.7436666666667,1
CT-03,CT-03_CT-03_image-00000_ai-denoising,CT-03_image-00000_ai-denoising.tiff,5,1.216875,5.06725,12.4045833333333,3.3255,1.41441666666667,23.431125,1
CT-03,CT-03_CT-03_image-00000_ai-denoising,CT-03_image-00000_ai-denoising.tiff,6,1.22,4.96725,12.761375,3.24054166666667,1.40166666666667,23.5930416666667,1
CT-03,CT-03_CT-03_image-00000_ai-denoising,CT-03_image-00000_ai-denoising.tiff,7,1.20525,4.94179166666667,12.4633333333333,3.24304166666667,1.397375,23.252875,1
CT-03,CT-03_CT-03_image-00000_ai-denoising,CT-03_image-00000_ai-denoising.tiff,8,1.21883333333333,4.945375,12.5900833333333,3.24758333333333,1.40108333333333,23.4052083333333,1
CT-03,CT-03_CT-03_image-00000_ai-denoising,CT-03_image-00000_ai-denoising.tiff,9,1.213625,4.950625,12.59175,3.28095833333333,1.62641666666667,23.6656666666667,1
CT-03,CT-03_CT-03_image-00000_ai-denoising,CT-03_image-00000_ai-denoising.tiff,10,1.21554166666667,4.959375,12.4446666666667,3.24395833333333,1.40591666666667,23.27175,1
CT-03,CT-03_CT-03_image-00000_ai-inpainting,CT-03_image-00000_ai-inpainting.tiff,1,1.216875,4.94833333333333,12.7528333333333,3.346375,1.44066666666667,23.7083333333333,1
CT-03,CT-03_CT-03_image-00000_ai-inpainting,CT-03_image-00000_ai-inpainting.tiff,2,1.185875,5.02045833333333,13.0068333333333,3.34958333333333,1.656,24.225375,1
CT-03,CT-03_CT-03_image-00000_ai-inpainting,CT-03_image-00000_ai-inpainting.tiff,3,1.16741666666667,4.95375,12.79175,3.313,1.427875,23.6581666666667,1
CT-03,CT-03_CT-03_image-00000_ai-inpainting,CT-03_image-00000_ai-inpainting.tiff,4,1.21129166666667,4.94470833333333,12.7240416666667,3.28979166666667,1.413625,23.5861666666667,1
CT-03,CT-03_CT-03_image-00000_ai-inpainting,CT-03_image-00000_ai-inpainting.tiff,5,1.21525,4.93645833333333,12.83575,3.33679166666667,1.408375,23.734875,1
CT-03,CT-03_CT-03_image-00000_ai-inpainting,CT-03_image-00000_ai-inpainting.tiff,6,1.20870833333333,4.92145833333333,12.8180833333333,3.32095833333333,1.39904166666667,23.6705,1
CT-03,CT-03_CT-03_image-00000_ai-inpainting,CT-03_image-00000_ai-inpainting.tiff,7,1.21125,4.92541666666667,12.7468333333333,3.31116666666667,1.400125,23.59675,1
CT-03,CT-03_CT-03_image-00000_ai-inpainting,CT-03_image-00000_ai-inpainting.tiff,8,1.21545833333333,4.92708333333333,12.9985,3.30425,1.39658333333333,23.8439166666667,1
CT-03,CT-03_CT-03_image-00000_ai-inpainting,CT-03_image-00000_ai-inpainting.tiff,9,1.218625,4.91566666666667,12.9109583333333,3.27925,1.39941666666667,23.7259583333333,1
CT-03,CT-03_CT-03_image-00000_ai-inpainting,CT-03_image-00000_ai-inpainting.tiff,10,1.21825,4.91904166666667,12.844625,3.295125,1.40125,23.680375,1
CT-03,CT-03_CT-03_image-00000_synthetic-lesion-insertion,CT-03_image-00000_synthetic-lesion-insertion.tiff,1,1.22945833333333,5.08266666666667,13.2574583333333,3.435125,1.48854166666667,24.4975833333333,1
CT-03,CT-03_CT-03_image-00000_synthetic-lesion-insertion,CT-03_image-00000_synthetic-lesion-insertion.tiff,2,1.24983333333333,4.935625,12.994125,3.61116666666667,1.62354166666667,24.4195,1
CT-03,CT-03_CT-03_image-00000_synthetic-lesion-insertion,CT-03_image-00000_synthetic-lesion-insertion.tiff,3,1.24120833333333,4.97354166666667,13.030625,3.34795833333333,1.50479166666667,24.104,1
CT-03,CT-03_CT-03_image-00000_synthetic-lesion-insertion,CT-03_image-00000_synthetic-lesion-insertion.tiff,4,1.23133333333333,4.97170833333333,12.9888333333333,3.37604166666667,1.46066666666667,24.0324166666667,1
CT-03,CT-03_CT-03_image-00000_synthetic-lesion-insertion,CT-03_image-00000_synthetic-lesion-insertion.tiff,5,1.22554166666667,4.924625,13.268125,3.38166666666667,1.422375,24.2253333333333,1
CT-03,CT-03_CT-03_image-00000_synthetic-lesion-insertion,CT-03_image-00000_synthetic-lesion-insertion.tiff,6,1.230625,4.90933333333333,13.0108333333333,3.354,1.41745833333333,23.924875,1
CT-03,CT-03_CT-03_image-00000_synthetic-lesion-insertion,CT-03_image-00000_synthetic-lesion-insertion.tiff,7,1.22616666666667,4.95158333333333,12.8837083333333,3.28766666666667,1.60408333333333,23.955875,1
CT-03,CT-03_CT-03_image-00000_synthetic-lesion-insertion,CT-03_image-00000_synthetic-lesion-insertion.tiff,8,1.22008333333333,5.00304166666667,12.6108333333333,3.23483333333333,1.43133333333333,23.5034166666667,1
CT-03,CT-03_CT-03_image-00000_synthetic-lesion-insertion,CT-03_image-00000_synthetic-lesion-insertion.tiff,9,1.22208333333333,4.93175,12.579125,3.19433333333333,1.41425,23.34425,1
CT-03,CT-03_CT-03_image-00000_synthetic-lesion-insertion,CT-03_image-00000_synthetic-lesion-insertion.tiff,10,1.22279166666667,4.92658333333333,12.5418333333333,3.16933333333333,1.41175,23.2745416666667,1
CT-03,CT-03_CT-03_image-00000_synthetic-lesion-modification,CT-03_image-00000_synthetic-lesion-modification.tiff,1,1.22004166666667,4.922375,13.071125,3.35258333333333,1.41470833333333,23.9837916666667,1
CT-03,CT-03_CT-03_image-00000_synthetic-lesion-modification,CT-03_image-00000_synthetic-lesion-modification.tiff,2,1.2145,4.94454166666667,12.8594583333333,3.50704166666667,1.51891666666667,24.0476666666667,1
CT-03,CT-03_CT-03_image-00000_synthetic-lesion-modification,CT-03_image-00000_synthetic-lesion-modification.tiff,3,1.19120833333333,5.00275,12.9473333333333,3.36554166666667,1.5755,24.088625,1
CT-03,CT-03_CT-03_image-00000_synthetic-lesion-modification,CT-03_image-00000_synthetic-lesion-modification.tiff,4,1.220375,5.05141666666667,12.5635833333333,3.41270833333333,1.42866666666667,23.6809583333333,1
CT-03,CT-03_CT-03_image-00000_synthetic-lesion-modification,CT-03_image-00000_synthetic-lesion-modification.tiff,5,1.21154166666667,4.92275,12.9631666666667,3.317125,1.41083333333333,23.82825,1
CT-03,CT-03_CT-03_image-00000_synthetic-lesion-modification,CT-03_image-00000_synthetic-lesion-modification.tiff,6,1.21325,4.92241666666667,13.0630833333333,3.33341666666667,1.40204166666667,23.936625,1
CT-03,CT-03_CT-03_image-00000_synthetic-lesion-modification,CT-03_image-00000_synthetic-lesion-modification.tiff,7,1.21325,4.93866666666667,13.0467083333333,3.336875,1.40583333333333,23.9435833333333,1
CT-03,CT-03_CT-03_image-00000_synthetic-lesion-modification,CT-03_image-00000_synthetic-lesion-modification.tiff,8,1.2175,4.94858333333333,12.9506666666667,3.34279166666667,1.40725,23.8688333333333,1
CT-03,CT-03_CT-03_image-00000_synthetic-lesion-modification,CT-03_image-00000_synthetic-lesion-modification.tiff,9,1.221125,4.91970833333333,12.8105416666667,3.33875,1.39495833333333,23.687625,1
CT-03,CT-03_CT-03_image-00000_synthetic-lesion-modification,CT-03_image-00000_synthetic-lesion-modification.tiff,10,1.23366666666667,4.92804166666667,12.933125,3.33504166666667,1.408375,23.84025,1
CT-03,CT-03_CT-03_image-00000_synthetic-lesion-removal,CT-03_image-00000_synthetic-lesion-removal.tiff,1,1.22595833333333,4.942375,12.6657916666667,3.28229166666667,1.43370833333333,23.5532916666667,1
CT-03,CT-03_CT-03_image-00000_synthetic-lesion-removal,CT-03_image-00000_synthetic-lesion-removal.tiff,2,1.2165,4.93841666666667,12.545375,3.28791666666667,1.4165,23.407375,1
CT-03,CT-03_CT-03_image-00000_synthetic-lesion-removal,CT-03_image-00000_synthetic-lesion-removal.tiff,3,1.21916666666667,4.97095833333333,13.1415416666667,3.44479166666667,1.56770833333333,24.3483333333333,1
CT-03,CT-03_CT-03_image-00000_synthetic-lesion-removal,CT-03_image-00000_synthetic-lesion-removal.tiff,4,1.230125,5.11283333333333,12.6380416666667,3.371125,1.56145833333333,23.9212083333333,1
CT-03,CT-03_CT-03_image-00000_synthetic-lesion-removal,CT-03_image-00000_synthetic-lesion-removal.tiff,5,1.22795833333333,4.94358333333333,12.44575,3.35845833333333,1.59758333333333,23.5775416666667,1
CT-03,CT-03_CT-03_image-00000_synthetic-lesion-removal,CT-03_image-00000_synthetic-lesion-removal.tiff,6,1.17908333333333,4.945125,13.1024583333333,3.39216666666667,1.42745833333333,24.0494166666667,1
CT-03,CT-03_CT-03_image-00000_synthetic-lesion-removal,CT-03_image-00000_synthetic-lesion-removal.tiff,7,1.23166666666667,4.96183333333333,12.9500833333333,3.25445833333333,1.42004166666667,23.820625,1
CT-03,CT-03_CT-03_image-00000_synthetic-lesion-removal,CT-03_image-00000_synthetic-lesion-removal.tiff,8,1.22141666666667,4.963375,12.449875,3.34279166666667,1.47179166666667,23.452125,1
CT-03,CT-03_CT-03_image-00000_synthetic-lesion-removal,CT-03_image-00000_synthetic-lesion-removal.tiff,9,1.21679166666667,4.97370833333333,12.8720833333333,3.319375,1.421,23.8057916666667,1
CT-03,CT-03_CT-03_image-00000_synthetic-lesion-removal,CT-03_image-00000_synthetic-lesion-removal.tiff,10,1.21991666666667,4.95170833333333,12.6079583333333,3.21395833333333,1.437875,23.434375,1
CT-03,CT-03_CT-03_image-00170_ai-denoising,CT-03_image-00170_ai-denoising.tiff,1,1.215125,4.96441666666667,13.004125,3.32425,1.41458333333333,23.925125,1
CT-03,CT-03_CT-03_image-00170_ai-denoising,CT-03_image-00170_ai-denoising.tiff,2,1.21345833333333,4.95408333333333,12.8054166666667,3.30375,1.411375,23.6906666666667,1
CT-03,CT-03_CT-03_image-00170_ai-denoising,CT-03_image-00170_ai-denoising.tiff,3,1.21483333333333,4.93979166666667,12.9560833333333,3.37220833333333,1.49183333333333,23.9785416666667,1
CT-03,CT-03_CT-03_image-00170_ai-denoising,CT-03_image-00170_ai-denoising.tiff,4,1.223875,4.93629166666667,12.71025,3.21541666666667,1.62358333333333,23.7154583333333,1
CT-03,CT-03_CT-03_image-00170_ai-denoising,CT-03_image-00170_ai-denoising.tiff,5,1.22991666666667,4.94525,12.5879166666667,3.25916666666667,1.46958333333333,23.4966666666667,1
CT-03,CT-03_CT-03_image-00170_ai-denoising,CT-03_image-00170_ai-denoising.tiff,6,1.22170833333333,4.99854166666667,12.85475,3.41470833333333,1.47733333333333,23.97225,1
CT-03,CT-03_CT-03_image-00170_ai-denoising,CT-03_image-00170_ai-denoising.tiff,7,1.23170833333333,4.9435,12.7136666666667,3.36904166666667,1.42470833333333,23.6858333333333,1
CT-03,CT-03_CT-03_image-00170_ai-denoising,CT-03_image-00170_ai-denoising.tiff,8,1.22104166666667,4.93016666666667,13.1625416666667,3.461375,1.41504166666667,24.1929583333333,1
CT-03,CT-03_CT-03_image-00170_ai-denoising,CT-03_image-00170_ai-denoising.tiff,9,1.22225,4.914375,12.8335833333333,3.366125,1.41258333333333,23.7514583333333,1
CT-03,CT-03_CT-03_image-00170_ai-denoising,CT-03_image-00170_ai-denoising.tiff,10,1.22366666666667,4.915625,13.0889583333333,3.368125,1.41529166666667,24.0142083333333,1
CT-03,CT-03_CT-03_image-00170_ai-inpainting,CT-03_image-00170_ai-inpainting.tiff,1,1.21729166666667,4.91975,12.66875,3.36541666666667,1.4065,23.58075,1
CT-03,CT-03_CT-03_image-00170_ai-inpainting,CT-03_image-00170_ai-inpainting.tiff,2,1.21066666666667,4.95208333333333,12.6296666666667,3.342125,1.40283333333333,23.5397916666667,1
CT-03,CT-03_CT-03_image-00170_ai-inpainting,CT-03_image-00170_ai-inpainting.tiff,3,1.21441666666667,4.93533333333333,12.92675,3.35408333333333,1.66604166666667,24.0990833333333,1
CT-03,CT-03_CT-03_image-00170_ai-inpainting,CT-03_image-00170_ai-inpainting.tiff,4,1.17695833333333,4.99295833333333,13.406125,3.491,1.60045833333333,24.67275,1
CT-03,CT-03_CT-03_image-00170_ai-inpainting,CT-03_image-00170_ai-inpainting.tiff,5,1.22683333333333,4.96083333333333,13.0009166666667,3.19279166666667,1.42866666666667,23.814625,1
CT-03,CT-03_CT-03_image-00170_ai-inpainting,CT-03_image-00170_ai-inpainting.tiff,6,1.20120833333333,5.02395833333333,12.976625,3.42179166666667,1.43916666666667,24.0660416666667,1
CT-03,CT-03_CT-03_image-00170_ai-inpainting,CT-03_image-00170_ai-inpainting.tiff,7,1.216,4.94658333333333,13.255,3.45625,1.40191666666667,24.2785,1
CT-03,CT-03_CT-03_image-00170_ai-inpainting,CT-03_image-00170_ai-inpainting.tiff,8,1.22516666666667,4.93070833333333,13.2450416666667,3.40733333333333,1.41341666666667,24.224,1
CT-03,CT-03_CT-03_image-00170_ai-inpainting,CT-03_image-00170_ai-inpainting.tiff,9,1.21208333333333,4.94595833333333,13.1892083333333,3.39891666666667,1.41970833333333,24.1680416666667,1
CT-03,CT-03_CT-03_image-00170_ai-inpainting,CT-03_image-00170_ai-inpainting.tiff,10,1.20729166666667,4.94333333333333,13.1746666666667,3.42525,1.40216666666667,24.1547916666667,1
CT-03,CT-03_CT-03_image-00170_synthetic-lesion-insertion,CT-03_image-00170_synthetic-lesion-insertion.tiff,1,1.21095833333333,4.9245,12.5624166666667,3.40779166666667,1.424875,23.5332916666667,1
CT-03,CT-03_CT-03_image-00170_synthetic-lesion-insertion,CT-03_image-00170_synthetic-lesion-insertion.tiff,2,1.21375,4.93545833333333,12.95025,3.39033333333333,1.41945833333333,23.9115833333333,1
CT-03,CT-03_CT-03_image-00170_synthetic-lesion-insertion,CT-03_image-00170_synthetic-lesion-insertion.tiff,3,1.20429166666667,4.93091666666667,12.8855833333333,3.43216666666667,1.42795833333333,23.8830416666667,1
CT-03,CT-03_CT-03_image-00170_synthetic-lesion-insertion,CT-03_image-00170_synthetic-lesion-insertion.tiff,4,1.21666666666667,4.91395833333333,12.6944583333333,3.40454166666667,1.51991666666667,23.753375,1
CT-03,CT-03_CT-03_image-00170_synthetic-lesion-insertion,CT-03_image-00170_synthetic-lesion-insertion.tiff,5,1.21429166666667,4.966625,12.7054583333333,3.24208333333333,1.59133333333333,23.7259583333333,1
CT-03,CT-03_CT-03_image-00170_synthetic-lesion-insertion,CT-03_image-00170_synthetic-lesion-insertion.tiff,6,1.23575,5.00804166666667,12.391375,3.20441666666667,1.45458333333333,23.2986666666667,1
CT-03,CT-03_CT-03_image-00170_synthetic-lesion-insertion,CT-03_image-00170_synthetic-lesion-insertion.tiff,7,1.22645833333333,4.97454166666667,12.4384583333333,3.15841666666667,1.4195,23.2202916666667,1
CT-03,CT-03_CT-03_image-00170_synthetic-lesion-insertion,CT-03_image-00170_synthetic-lesion-insertion.tiff,8,1.22516666666667,4.951875,12.3421666666667,3.16454166666667,1.42941666666667,23.1157083333333,1
CT-03,CT-03_CT-03_image-00170_synthetic-lesion-insertion,CT-03_image-00170_synthetic-lesion-insertion.tiff,9,1.2285,4.95779166666667,12.3634166666667,3.17254166666667,1.41508333333333,23.13975,1
CT-03,CT-03_CT-03_image-00170_synthetic-lesion-insertion,CT-03_image-00170_synthetic-lesion-insertion.tiff,10,1.21570833333333,4.94704166666667,12.398,3.178375,1.40383333333333,23.145375,1
CT-03,CT-03_CT-03_image-00170_synthetic-lesion-modification,CT-03_image-00170_synthetic-lesion-modification.tiff,1,1.21579166666667,4.92520833333333,12.8764583333333,3.25366666666667,1.66104166666667,23.9347916666667,1
CT-03,CT-03_CT-03_image-00170_synthetic-lesion-modification,CT-03_image-00170_synthetic-lesion-modification.tiff,2,1.2165,4.93766666666667,12.6729166666667,3.293125,1.40325,23.5259583333333,1
CT-03,CT-03_CT-03_image-00170_synthetic-lesion-modification,CT-03_image-00170_synthetic-lesion-modification.tiff,3,1.21279166666667,4.92783333333333,12.9312916666667,3.241,1.40945833333333,23.7247916666667,1
CT-03,CT-03_CT-03_image-00170_synthetic-lesion-modification,CT-03_image-00170_synthetic-lesion-modification.tiff,4,1.206375,4.93420833333333,12.91875,3.246375,1.404875,23.712875,1
CT-03,CT-03_CT-03_image-00170_synthetic-lesion-modification,CT-03_image-00170_synthetic-lesion-modification.tiff,5,1.22445833333333,4.94095833333333,13.0722916666667,3.32425,1.636375,24.2036666666667,1
CT-03,CT-03_CT-03_image-00170_synthetic-lesion-modification,CT-03_image-00170_synthetic-lesion-modification.tiff,6,1.22675,4.983,13.1085416666667,3.448,1.41845833333333,24.1894166666667,1
CT-03,CT-03_CT-03_image-00170_synthetic-lesion-modification,CT-03_image-00170_synthetic-lesion-modification.tiff,7,1.25091666666667,4.93825,13.0350833333333,3.37758333333333,1.42658333333333,24.0320833333333,1
CT-03,CT-03_CT-03_image-00170_synthetic-lesion-modification,CT-03_image-00170_synthetic-lesion-modification.tiff,8,1.21929166666667,4.93333333333333,12.9972916666667,3.34595833333333,1.42416666666667,23.9227083333333,1
CT-03,CT-03_CT-03_image-00170_synthetic-lesion-modification,CT-03_image-00170_synthetic-lesion-modification.tiff,9,1.21566666666667,4.92154166666667,12.8100416666667,3.38304166666667,1.41333333333333,23.7460833333333,1
CT-03,CT-03_CT-03_image-00170_synthetic-lesion-modification,CT-03_image-00170_synthetic-lesion-modification.tiff,10,1.21495833333333,4.93066666666667,12.936125,3.33454166666667,1.418875,23.8375,1
CT-03,CT-03_CT-03_image-00170_synthetic-lesion-removal,CT-03_image-00170_synthetic-lesion-removal.tiff,1,1.24275,4.94616666666667,13.138875,3.443875,1.44570833333333,24.2211666666667,1
CT-03,CT-03_CT-03_image-00170_synthetic-lesion-removal,CT-03_image-00170_synthetic-lesion-removal.tiff,2,1.22666666666667,4.950125,13.0125416666667,3.44529166666667,1.41929166666667,24.0565416666667,1
CT-03,CT-03_CT-03_image-00170_synthetic-lesion-removal,CT-03_image-00170_synthetic-lesion-removal.tiff,3,1.27341666666667,4.964125,13.178375,3.44870833333333,1.405875,24.2729166666667,1
CT-03,CT-03_CT-03_image-00170_synthetic-lesion-removal,CT-03_image-00170_synthetic-lesion-removal.tiff,4,1.20904166666667,4.92729166666667,13.2380416666667,3.40166666666667,1.39958333333333,24.1778333333333,1
CT-03,CT-03_CT-03_image-00170_synthetic-lesion-removal,CT-03_image-00170_synthetic-lesion-removal.tiff,5,1.2075,4.93520833333333,12.93975,3.37620833333333,1.40479166666667,23.865625,1
CT-03,CT-03_CT-03_image-00170_synthetic-lesion-removal,CT-03_image-00170_synthetic-lesion-removal.tiff,6,1.21120833333333,4.91908333333333,13.0527916666667,3.37820833333333,1.417875,23.9813333333333,1
CT-03,CT-03_CT-03_image-00170_synthetic-lesion-removal,CT-03_image-00170_synthetic-lesion-removal.tiff,7,1.21470833333333,4.92183333333333,12.9774583333333,3.40845833333333,1.40325,23.9277916666667,1
CT-03,CT-03_CT-03_image-00170_synthetic-lesion-removal,CT-03_image-00170_synthetic-lesion-removal.tiff,8,1.25995833333333,4.92804166666667,12.99075,3.37908333333333,1.50220833333333,24.064625,1
CT-03,CT-03_CT-03_image-00170_synthetic-lesion-removal,CT-03_image-00170_synthetic-lesion-removal.tiff,9,1.17641666666667,4.995625,12.5625,3.22233333333333,1.44475,23.4055416666667,1
CT-03,CT-03_CT-03_image-00170_synthetic-lesion-removal,CT-03_image-00170_synthetic-lesion-removal.tiff,10,1.21858333333333,4.94845833333333,12.4519583333333,3.15116666666667,1.41345833333333,23.1865,1
CT-03,CT-03_CT-03_image-00352_ai-denoising,CT-03_image-00352_ai-denoising.tiff,1,1.23558333333333,4.96716666666667,12.6757916666667,3.33391666666667,1.4425,23.6592083333333,1
CT-03,CT-03_CT-03_image-00352_ai-denoising,CT-03_image-00352_ai-denoising.tiff,2,1.2145,4.97620833333333,12.9309166666667,3.28258333333333,1.40745833333333,23.8147083333333,1
CT-03,CT-03_CT-03_image-00352_ai-denoising,CT-03_image-00352_ai-denoising.tiff,3,1.206125,4.95166666666667,12.9003333333333,3.28466666666667,1.41579166666667,23.7610416666667,1
CT-03,CT-03_CT-03_image-00352_ai-denoising,CT-03_image-00352_ai-denoising.tiff,4,1.22208333333333,4.953375,12.72025,3.2905,1.40433333333333,23.5926666666667,1
CT-03,CT-03_CT-03_image-00352_ai-denoising,CT-03_image-00352_ai-denoising.tiff,5,1.226875,4.95308333333333,12.80825,3.28070833333333,1.41491666666667,23.6860416666667,1
CT-03,CT-03_CT-03_image-00352_ai-denoising,CT-03_image-00352_ai-denoising.tiff,6,1.21816666666667,4.95233333333333,12.818,3.254,1.39608333333333,23.6405416666667,1
CT-03,CT-03_CT-03_image-00352_ai-denoising,CT-03_image-00352_ai-denoising.tiff,7,1.21508333333333,4.95570833333333,12.8965416666667,3.44241666666667,1.455375,23.9676666666667,1
CT-03,CT-03_CT-03_image-00352_ai-denoising,CT-03_image-00352_ai-denoising.tiff,8,1.21441666666667,4.94029166666667,12.6930833333333,3.32654166666667,1.40958333333333,23.5867083333333,1
CT-03,CT-03_CT-03_image-00352_ai-denoising,CT-03_image-00352_ai-denoising.tiff,9,1.22920833333333,4.92858333333333,12.9017083333333,3.344875,1.42570833333333,23.8325,1
CT-03,CT-03_CT-03_image-00352_ai-denoising,CT-03_image-00352_ai-denoising.tiff,10,1.214,4.93425,12.6795833333333,3.34975,1.42970833333333,23.609625,1
CT-03,CT-03_CT-03_image-00352_ai-inpainting,CT-03_image-00352_ai-inpainting.tiff,1,1.24775,5.16358333333333,12.8532916666667,3.27020833333333,1.50808333333333,24.0519583333333,1
CT-03,CT-03_CT-03_image-00352_ai-inpainting,CT-03_image-00352_ai-inpainting.tiff,2,1.21683333333333,5.056625,12.9205833333333,3.41316666666667,1.514125,24.1255416666667,1
CT-03,CT-03_CT-03_image-00352_ai-inpainting,CT-03_image-00352_ai-inpainting.tiff,3,1.21379166666667,4.96558333333333,12.9736666666667,3.4575,1.428125,24.0417916666667,1
CT-03,CT-03_CT-03_image-00352_ai-inpainting,CT-03_image-00352_ai-inpainting.tiff,4,1.21054166666667,4.998,12.8782083333333,3.40383333333333,1.44091666666667,23.9345833333333,1
CT-03,CT-03_CT-03_image-00352_ai-inpainting,CT-03_image-00352_ai-inpainting.tiff,5,1.209,4.96525,12.656625,3.329875,1.41479166666667,23.5782083333333,1
CT-03,CT-03_CT-03_image-00352_ai-inpainting,CT-03_image-00352_ai-inpainting.tiff,6,1.21608333333333,4.944,12.7569583333333,3.31191666666667,1.413375,23.64475,1
CT-03,CT-03_CT-03_image-00352_ai-inpainting,CT-03_image-00352_ai-inpainting.tiff,7,1.21779166666667,4.92966666666667,12.8097083333333,3.36295833333333,1.43579166666667,23.7584166666667,1
CT-03,CT-03_CT-03_image-00352_ai-inpainting,CT-03_image-00352_ai-inpainting.tiff,8,1.23033333333333,4.95783333333333,12.8497083333333,3.3895,1.52620833333333,23.9560833333333,1
CT-03,CT-03_CT-03_image-00352_ai-inpainting,CT-03_image-00352_ai-inpainting.tiff,9,1.21045833333333,4.907375,12.69475,3.37995833333333,1.67591666666667,23.870875,1
CT-03,CT-03_CT-03_image-00352_ai-inpainting,CT-03_image-00352_ai-inpainting.tiff,10,1.20575,4.95425,12.983875,3.48804166666667,1.43570833333333,24.0715,1
CT-03,CT-03_CT-03_image-00352_synthetic-lesion-insertion,CT-03_image-00352_synthetic-lesion-insertion.tiff,1,1.2675,5.03025,13.1197083333333,3.4415,1.534875,24.400875,1
CT-03,CT-03_CT-03_image-00352_synthetic-lesion-insertion,CT-03_image-00352_synthetic-lesion-insertion.tiff,2,1.22825,4.9615,13.28725,3.46504166666667,1.4155,24.3612083333333,1
CT-03,CT-03_CT-03_image-00352_synthetic-lesion-insertion,CT-03_image-00352_synthetic-lesion-insertion.tiff,3,1.215375,4.982,13.1272083333333,3.38520833333333,1.42675,24.1392083333333,1
CT-03,CT-03_CT-03_image-00352_synthetic-lesion-insertion,CT-03_image-00352_synthetic-lesion-insertion.tiff,4,1.22425,4.92358333333333,12.941125,3.36766666666667,1.407,23.8659583333333,1
CT-03,CT-03_CT-03_image-00352_synthetic-lesion-insertion,CT-03_image-00352_synthetic-lesion-insertion.tiff,5,1.21354166666667,4.93333333333333,13.0428333333333,3.382625,1.42129166666667,23.9957083333333,1
CT-03,CT-03_CT-03_image-00352_synthetic-lesion-insertion,CT-03_image-00352_synthetic-lesion-insertion.tiff,6,1.21104166666667,4.923,13.2852916666667,3.38508333333333,1.41825,24.2247916666667,1
CT-03,CT-03_CT-03_image-00352_synthetic-lesion-insertion,CT-03_image-00352_synthetic-lesion-insertion.tiff,7,1.20254166666667,4.93775,13.1500416666667,3.38179166666667,1.40304166666667,24.0772083333333,1
CT-03,CT-03_CT-03_image-00352_synthetic-lesion-insertion,CT-03_image-00352_synthetic-lesion-insertion.tiff,8,1.23258333333333,4.936625,13.13125,3.48033333333333,1.49416666666667,24.278375,1
CT-03,CT-03_CT-03_image-00352_synthetic-lesion-insertion,CT-03_image-00352_synthetic-lesion-insertion.tiff,9,1.242625,4.93858333333333,13.0450416666667,3.35095833333333,1.558875,24.1398333333333,1
CT-03,CT-03_CT-03_image-00352_synthetic-lesion-insertion,CT-03_image-00352_synthetic-lesion-insertion.tiff,10,1.24625,4.93883333333333,12.981375,3.35675,1.493125,24.0190416666667,1
CT-03,CT-03_CT-03_image-00352_synthetic-lesion-modification,CT-03_image-00352_synthetic-lesion-modification.tiff,1,1.2445,5.14720833333333,12.9329583333333,3.4595,1.77941666666667,24.570375,1
CT-03,CT-03_CT-03_image-00352_synthetic-lesion-modification,CT-03_image-00352_synthetic-lesion-modification.tiff,2,1.219375,4.9765,12.6083333333333,3.22475,1.43983333333333,23.4745833333333,1
CT-03,CT-03_CT-03_image-00352_synthetic-lesion-modification,CT-03_image-00352_synthetic-lesion-modification.tiff,3,1.22025,4.972625,12.7365,3.28875,1.41625,23.63775,1
CT-03,CT-03_CT-03_image-00352_synthetic-lesion-modification,CT-03_image-00352_synthetic-lesion-modification.tiff,4,1.21545833333333,4.92133333333333,12.6319583333333,3.307125,1.41570833333333,23.4942083333333,1
CT-03,CT-03_CT-03_image-00352_synthetic-lesion-modification,CT-03_image-00352_synthetic-lesion-modification.tiff,5,1.21704166666667,4.93629166666667,12.7251666666667,3.24995833333333,1.40520833333333,23.5361666666667,1
CT-03,CT-03_CT-03_image-00352_synthetic-lesion-modification,CT-03_image-00352_synthetic-lesion-modification.tiff,6,1.21154166666667,4.92475,12.7094583333333,3.28666666666667,1.41025,23.5446666666667,1
CT-03,CT-03_CT-03_image-00352_synthetic-lesion-modification,CT-03_image-00352_synthetic-lesion-modification.tiff,7,1.20783333333333,4.924375,12.7759583333333,3.27054166666667,1.64308333333333,23.8242916666667,1
CT-03,CT-03_CT-03_image-00352_synthetic-lesion-modification,CT-03_image-00352_synthetic-lesion-modification.tiff,8,1.26866666666667,4.95383333333333,12.8157083333333,3.36979166666667,1.565625,23.977625,1
CT-03,CT-03_CT-03_image-00352_synthetic-lesion-modification,CT-03_image-00352_synthetic-lesion-modification.tiff,9,1.25491666666667,5.01075,12.781625,3.34941666666667,1.538375,23.9385416666667,1
CT-03,CT-03_CT-03_image-00352_synthetic-lesion-modification,CT-03_image-00352_synthetic-lesion-modification.tiff,10,1.23545833333333,4.96425,12.690375,3.34466666666667,1.40691666666667,23.6442916666667,1
CT-03,CT-03_CT-03_image-00352_synthetic-lesion-removal,CT-03_image-00352_synthetic-lesion-removal.tiff,1,1.21566666666667,4.95208333333333,12.884875,3.46675,1.55925,24.0824583333333,1
CT-03,CT-03_CT-03_image-00352_synthetic-lesion-removal,CT-03_image-00352_synthetic-lesion-removal.tiff,2,1.34645833333333,5.09933333333333,13.1899166666667,3.358,1.61083333333333,24.6159583333333,1
CT-03,CT-03_CT-03_image-00352_synthetic-lesion-removal,CT-03_image-00352_synthetic-lesion-removal.tiff,3,1.23395833333333,4.97166666666667,12.6327916666667,3.39991666666667,1.45654166666667,23.69925,1
CT-03,CT-03_CT-03_image-00352_synthetic-lesion-removal,CT-03_image-00352_synthetic-lesion-removal.tiff,4,1.21229166666667,4.97758333333333,12.8200416666667,3.38775,1.4155,23.8157916666667,1
CT-03,CT-03_CT-03_image-00352_synthetic-lesion-removal,CT-03_image-00352_synthetic-lesion-removal.tiff,5,1.21804166666667,4.979875,12.854875,3.36695833333333,1.398125,23.8202083333333,1
CT-03,CT-03_CT-03_image-00352_synthetic-lesion-removal,CT-03_image-00352_synthetic-lesion-removal.tiff,6,1.21975,4.93283333333333,12.840125,3.48545833333333,1.46654166666667,23.94775,1
CT-03,CT-03_CT-03_image-00352_synthetic-lesion-removal,CT-03_image-00352_synthetic-lesion-removal.tiff,7,1.22904166666667,4.96158333333333,12.7625416666667,3.481125,1.41783333333333,23.8552916666667,1
CT-03,CT-03_CT-03_image-00352_synthetic-lesion-removal,CT-03_image-00352_synthetic-lesion-removal.tiff,8,1.20808333333333,4.94766666666667,13.0025,3.482875,1.42133333333333,24.0650416666667,1
CT-03,CT-03_CT-03_image-00352_synthetic-lesion-removal,CT-03_image-00352_synthetic-lesion-removal.tiff,9,1.208375,4.940625,13.0816666666667,3.46320833333333,1.393625,24.089875,1
CT-03,CT-03_CT-03_image-00352_synthetic-lesion-removal,CT-03_image-00352_synthetic-lesion-removal.tiff,10,1.21191666666667,4.98833333333333,12.7660416666667,3.447,1.396625,23.812,1
MR-01,MR-01_MR-01_image-00008_ai-denoising,MR-01_image-00008_ai-denoising.tiff,1,1.22716666666667,4.99445833333333,21.27975,3.46158333333333,1.56329166666667,32.53175,1
MR-01,MR-01_MR-01_image-00008_ai-denoising,MR-01_image-00008_ai-denoising.tiff,2,1.22979166666667,4.97679166666667,21.1244583333333,3.35033333333333,1.46125,32.1479166666667,1
MR-01,MR-01_MR-01_image-00008_ai-denoising,MR-01_image-00008_ai-denoising.tiff,3,1.224375,4.92316666666667,21.043375,3.31641666666667,1.44445833333333,31.9550416666667,1
MR-01,MR-01_MR-01_image-00008_ai-denoising,MR-01_image-00008_ai-denoising.tiff,4,1.23554166666667,4.95383333333333,20.9303333333333,3.28829166666667,1.412625,31.823375,1
MR-01,MR-01_MR-01_image-00008_ai-denoising,MR-01_image-00008_ai-denoising.tiff,5,1.21370833333333,4.90479166666667,20.9880833333333,3.29608333333333,1.627,32.032125,1
MR-01,MR-01_MR-01_image-00008_ai-denoising,MR-01_image-00008_ai-denoising.tiff,6,1.179,4.946625,21.7676666666667,3.51691666666667,1.44420833333333,32.8585416666667,1
MR-01,MR-01_MR-01_image-00008_ai-denoising,MR-01_image-00008_ai-denoising.tiff,7,1.230875,4.93579166666667,22.0895,3.49279166666667,1.419375,33.1715416666667,1
MR-01,MR-01_MR-01_image-00008_ai-denoising,MR-01_image-00008_ai-denoising.tiff,8,1.21983333333333,4.93779166666667,21.6194166666667,3.49695833333333,1.43266666666667,32.7094166666667,1
MR-01,MR-01_MR-01_image-00008_ai-denoising,MR-01_image-00008_ai-denoising.tiff,9,1.21879166666667,4.92479166666667,21.9755,3.503125,1.41733333333333,33.0420416666667,1
MR-01,MR-01_MR-01_image-00008_ai-denoising,MR-01_image-00008_ai-denoising.tiff,10,1.21575,4.93554166666667,21.8992083333333,3.52325,1.41833333333333,32.9945416666667,1
MR-01,MR-01_MR-01_image-00008_ai-inpainting,MR-01_image-00008_ai-inpainting.tiff,1,1.22020833333333,4.98529166666667,21.1960833333333,3.35158333333333,1.42175,32.1779583333333,1
MR-01,MR-01_MR-01_image-00008_ai-inpainting,MR-01_image-00008_ai-inpainting.tiff,2,1.21079166666667,4.94795833333333,21.2715416666667,3.32258333333333,1.416375,32.1718333333333,1
MR-01,MR-01_MR-01_image-00008_ai-inpainting,MR-01_image-00008_ai-inpainting.tiff,3,1.22341666666667,4.95108333333333,21.361625,3.47658333333333,1.58908333333333,32.6065,1
MR-01,MR-01_MR-01_image-00008_ai-inpainting,MR-01_image-00008_ai-inpainting.tiff,4,1.21975,4.95870833333333,20.8892916666667,3.35541666666667,1.47829166666667,31.9065416666667,1
MR-01,MR-01_MR-01_image-00008_ai-inpainting,MR-01_image-00008_ai-inpainting.tiff,5,1.219375,4.96658333333333,20.7617083333333,3.29779166666667,1.44291666666667,31.6921666666667,1
MR-01,MR-01_MR-01_image-00008_ai-inpainting,MR-01_image-00008_ai-inpainting.tiff,6,1.22275,4.962,20.3085416666667,3.198875,1.41925,31.1142916666667,1
MR-01,MR-01_MR-01_image-00008_ai-inpainting,MR-01_image-00008_ai-inpainting.tiff,7,1.22725,4.97845833333333,20.7986666666667,3.18854166666667,1.41229166666667,31.6079166666667,1
MR-01,MR-01_MR-01_image-00008_ai-inpainting,MR-01_image-00008_ai-inpainting.tiff,8,1.221875,4.95625,20.53075,3.18341666666667,1.406,31.3007083333333,1
MR-01,MR-01_MR-01_image-00008_ai-inpainting,MR-01_image-00008_ai-inpainting.tiff,9,1.21754166666667,4.98991666666667,20.6060833333333,3.15266666666667,1.41525,31.3837083333333,1
MR-01,MR-01_MR-01_image-00008_ai-inpainting,MR-01_image-00008_ai-inpainting.tiff,10,1.20958333333333,4.96154166666667,20.57375,3.23154166666667,1.40920833333333,31.3877083333333,1
MR-01,MR-01_MR-01_image-00008_synthetic-lesion-insertion,MR-01_image-00008_synthetic-lesion-insertion.tiff,1,1.31858333333333,4.9535,21.5857916666667,3.47820833333333,1.44291666666667,32.785375,1
MR-01,MR-01_MR-01_image-00008_synthetic-lesion-insertion,MR-01_image-00008_synthetic-lesion-insertion.tiff,2,1.219875,4.966625,21.4376666666667,3.47070833333333,1.419375,32.5170416666667,1
MR-01,MR-01_MR-01_image-00008_synthetic-lesion-insertion,MR-01_image-00008_synthetic-lesion-insertion.tiff,3,1.20775,4.98245833333333,21.558375,3.35366666666667,1.70208333333333,32.807,1
MR-01,MR-01_MR-01_image-00008_synthetic-lesion-insertion,MR-01_image-00008_synthetic-lesion-insertion.tiff,4,1.219,4.93204166666667,20.7225,3.18225,1.4215,31.4801666666667,1
MR-01,MR-01_MR-01_image-00008_synthetic-lesion-insertion,MR-01_image-00008_synthetic-lesion-insertion.tiff,5,1.21945833333333,4.93179166666667,20.54625,3.20775,1.40783333333333,31.3154583333333,1
MR-01,MR-01_MR-01_image-00008_synthetic-lesion-insertion,MR-01_image-00008_synthetic-lesion-insertion.tiff,6,1.20933333333333,4.92879166666667,20.4340416666667,3.16191666666667,1.405375,31.141625,1
MR-01,MR-01_MR-01_image-00008_synthetic-lesion-insertion,MR-01_image-00008_synthetic-lesion-insertion.tiff,7,1.21683333333333,4.91733333333333,20.7836666666667,3.21320833333333,1.401125,31.5344166666667,1
MR-01,MR-01_MR-01_image-00008_synthetic-lesion-insertion,MR-01_image-00008_synthetic-lesion-insertion.tiff,8,1.21604166666667,4.97425,21.9133333333333,3.43291666666667,1.48491666666667,33.02575,1
MR-01,MR-01_MR-01_image-00008_synthetic-lesion-insertion,MR-01_image-00008_synthetic-lesion-insertion.tiff,9,1.21720833333333,4.94466666666667,21.7280416666667,3.38675,1.42975,32.709625,1
MR-01,MR-01_MR-01_image-00008_synthetic-lesion-insertion,MR-01_image-00008_synthetic-lesion-insertion.tiff,10,1.21820833333333,4.92866666666667,21.7369166666667,3.42329166666667,1.41570833333333,32.7254166666667,1
MR-01,MR-01_MR-01_image-00008_synthetic-lesion-modification,MR-01_image-00008_synthetic-lesion-modification.tiff,1,1.216625,4.95025,21.2722083333333,3.29875,1.41766666666667,32.1584583333333,1
MR-01,MR-01_MR-01_image-00008_synthetic-lesion-modification,MR-01_image-00008_synthetic-lesion-modification.tiff,2,1.22270833333333,4.972625,21.40625,3.30504166666667,1.52708333333333,32.4377083333333,1
MR-01,MR-01_MR-01_image-00008_synthetic-lesion-modification,MR-01_image-00008_synthetic-lesion-modification.tiff,3,1.22220833333333,4.98833333333333,21.3176666666667,3.37170833333333,1.51216666666667,32.4181666666667,1
MR-01,MR-01_MR-01_image-00008_synthetic-lesion-modification,MR-01_image-00008_synthetic-lesion-modification.tiff,4,1.23795833333333,5.01466666666667,20.9654166666667,3.29129166666667,1.46545833333333,31.97925,1
MR-01,MR-01_MR-01_image-00008_synthetic-lesion-modification,MR-01_image-00008_synthetic-lesion-modification.tiff,5,1.23833333333333,4.97116666666667,20.5279583333333,3.26583333333333,1.43816666666667,31.4450416666667,1
MR-01,MR-01_MR-01_image-00008_synthetic-lesion-modification,MR-01_image-00008_synthetic-lesion-modification.tiff,6,1.22725,4.98629166666667,20.6524583333333,3.23391666666667,1.42283333333333,31.5259583333333,1
MR-01,MR-01_MR-01_image-00008_synthetic-lesion-modification,MR-01_image-00008_synthetic-lesion-modification.tiff,7,1.23508333333333,4.92341666666667,20.9718333333333,3.24416666666667,1.432875,31.8102083333333,1
MR-01,MR-01_MR-01_image-00008_synthetic-lesion-modification,MR-01_image-00008_synthetic-lesion-modification.tiff,8,1.21816666666667,4.91141666666667,20.736,3.29491666666667,1.4165,31.5797916666667,1
MR-01,MR-01_MR-01_image-00008_synthetic-lesion-modification,MR-01_image-00008_synthetic-lesion-modification.tiff,9,1.21966666666667,4.93179166666667,20.766125,3.21529166666667,1.412625,31.5480416666667,1
MR-01,MR-01_MR-01_image-00008_synthetic-lesion-modification,MR-01_image-00008_synthetic-lesion-modification.tiff,10,1.21875,4.92783333333333,20.7079583333333,3.27658333333333,1.56291666666667,31.6964166666667,1
MR-01,MR-01_MR-01_image-00008_synthetic-lesion-removal,MR-01_image-00008_synthetic-lesion-removal.tiff,1,1.26475,5.03758333333333,20.6771666666667,3.32895833333333,1.59245833333333,31.9070833333333,1
MR-01,MR-01_MR-01_image-00008_synthetic-lesion-removal,MR-01_image-00008_synthetic-lesion-removal.tiff,2,1.217,4.9425,20.8208333333333,3.312375,1.432625,31.7287083333333,1
MR-01,MR-01_MR-01_image-00008_synthetic-lesion-removal,MR-01_image-00008_synthetic-lesion-removal.tiff,3,1.20895833333333,4.9475,20.957375,3.278375,1.42729166666667,31.822,1
MR-01,MR-01_MR-01_image-00008_synthetic-lesion-removal,MR-01_image-00008_synthetic-lesion-removal.tiff,4,1.213125,4.93358333333333,20.8162916666667,3.22820833333333,1.4085,31.602125,1
MR-01,MR-01_MR-01_image-00008_synthetic-lesion-removal,MR-01_image-00008_synthetic-lesion-removal.tiff,5,1.21108333333333,4.945,20.767125,3.235125,1.40845833333333,31.569125,1
MR-01,MR-01_MR-01_image-00008_synthetic-lesion-removal,MR-01_image-00008_synthetic-lesion-removal.tiff,6,1.21541666666667,4.9355,20.8385833333333,3.23491666666667,1.39425,31.62075,1
MR-01,MR-01_MR-01_image-00008_synthetic-lesion-removal,MR-01_image-00008_synthetic-lesion-removal.tiff,7,1.20554166666667,4.91458333333333,20.6425416666667,3.22541666666667,1.405,31.3954166666667,1
MR-01,MR-01_MR-01_image-00008_synthetic-lesion-removal,MR-01_image-00008_synthetic-lesion-removal.tiff,8,1.20558333333333,4.9205,20.4845416666667,3.21695833333333,1.40791666666667,31.2376666666667,1
MR-01,MR-01_MR-01_image-00008_synthetic-lesion-removal,MR-01_image-00008_synthetic-lesion-removal.tiff,9,1.21683333333333,4.91525,20.4672916666667,3.2295,1.3985,31.2295833333333,1
MR-01,MR-01_MR-01_image-00008_synthetic-lesion-removal,MR-01_image-00008_synthetic-lesion-removal.tiff,10,1.21775,4.934,20.80525,3.39454166666667,1.48175,31.8366666666667,1
MR-01,MR-01_MR-01_image-00014_ai-denoising,MR-01_image-00014_ai-denoising.tiff,1,1.23816666666667,4.92083333333333,18.7310416666667,3.30304166666667,1.41129166666667,29.6070833333333,1
MR-01,MR-01_MR-01_image-00014_ai-denoising,MR-01_image-00014_ai-denoising.tiff,2,1.22295833333333,4.91016666666667,18.5414166666667,3.35833333333333,1.52495833333333,29.5634166666667,1
MR-01,MR-01_MR-01_image-00014_ai-denoising,MR-01_image-00014_ai-denoising.tiff,3,1.21208333333333,5.00741666666667,18.8042083333333,3.27516666666667,1.625625,29.9319166666667,1
MR-01,MR-01_MR-01_image-00014_ai-denoising,MR-01_image-00014_ai-denoising.tiff,4,1.2345,4.94233333333333,18.875375,3.28254166666667,1.44375,29.7831666666667,1
MR-01,MR-01_MR-01_image-00014_ai-denoising,MR-01_image-00014_ai-denoising.tiff,5,1.21370833333333,4.93016666666667,18.850625,3.26829166666667,1.43441666666667,29.7005833333333,1
MR-01,MR-01_MR-01_image-00014_ai-denoising,MR-01_image-00014_ai-denoising.tiff,6,1.26145833333333,4.91104166666667,18.79125,3.271,1.44729166666667,29.6849166666667,1
MR-01,MR-01_MR-01_image-00014_ai-denoising,MR-01_image-00014_ai-denoising.tiff,7,1.21416666666667,4.95391666666667,18.989875,3.23308333333333,1.41920833333333,29.812625,1
MR-01,MR-01_MR-01_image-00014_ai-denoising,MR-01_image-00014_ai-denoising.tiff,8,1.216125,4.91941666666667,18.7307083333333,3.19920833333333,1.409125,29.4769166666667,1
MR-01,MR-01_MR-01_image-00014_ai-denoising,MR-01_image-00014_ai-denoising.tiff,9,1.21433333333333,4.90366666666667,18.5969583333333,3.179125,1.40875,29.305125,1
MR-01,MR-01_MR-01_image-00014_ai-denoising,MR-01_image-00014_ai-denoising.tiff,10,1.21016666666667,4.94466666666667,18.546625,3.198375,1.40708333333333,29.30925,1
MR-01,MR-01_MR-01_image-00014_ai-inpainting,MR-01_image-00014_ai-inpainting.tiff,1,1.249125,4.99833333333333,19.1268333333333,3.50408333333333,1.53466666666667,30.420625,1
MR-01,MR-01_MR-01_image-00014_ai-inpainting,MR-01_image-00014_ai-inpainting.tiff,2,1.234125,4.961125,17.83175,3.18341666666667,1.45754166666667,28.67225,1
MR-01,MR-01_MR-01_image-00014_ai-inpainting,MR-01_image-00014_ai-inpainting.tiff,3,1.21816666666667,4.92375,18.139875,3.11291666666667,1.435125,28.83325,1
MR-01,MR-01_MR-01_image-00014_ai-inpainting,MR-01_image-00014_ai-inpainting.tiff,4,1.22220833333333,4.91433333333333,17.9267916666667,3.105625,1.4065,28.5781666666667,1
MR-01,MR-01_MR-01_image-00014_ai-inpainting,MR-01_image-00014_ai-inpainting.tiff,5,1.21266666666667,4.93754166666667,17.543,3.12920833333333,1.41416666666667,28.2392083333333,1
MR-01,MR-01_MR-01_image-00014_ai-inpainting,MR-01_image-00014_ai-inpainting.tiff,6,1.21470833333333,4.94254166666667,17.7936666666667,3.109,1.40554166666667,28.46775,1
MR-01,MR-01_MR-01_image-00014_ai-inpainting,MR-01_image-00014_ai-inpainting.tiff,7,1.213625,4.90675,17.9859583333333,3.1375,1.410875,28.6569166666667,1
MR-01,MR-01_MR-01_image-00014_ai-inpainting,MR-01_image-00014_ai-inpainting.tiff,8,1.22604166666667,4.901625,17.7031666666667,3.10766666666667,1.407,28.3477916666667,1
MR-01,MR-01_MR-01_image-00014_ai-inpainting,MR-01_image-00014_ai-inpainting.tiff,9,1.20991666666667,4.90320833333333,17.8480416666667,3.19616666666667,1.41258333333333,28.5720833333333,1
MR-01,MR-01_MR-01_image-00014_ai-inpainting,MR-01_image-00014_ai-inpainting.tiff,10,1.20720833333333,4.904375,17.67375,3.11333333333333,1.401,28.301875,1
MR-01,MR-01_MR-01_image-00014_synthetic-lesion-insertion,MR-01_image-00014_synthetic-lesion-insertion.tiff,1,1.22895833333333,4.98295833333333,18.1904583333333,3.34283333333333,1.45158333333333,29.201875,1
MR-01,MR-01_MR-01_image-00014_synthetic-lesion-insertion,MR-01_image-00014_synthetic-lesion-insertion.tiff,2,1.217875,4.920375,18.102125,3.27691666666667,1.41916666666667,28.9396666666667,1
MR-01,MR-01_MR-01_image-00014_synthetic-lesion-insertion,MR-01_image-00014_synthetic-lesion-insertion.tiff,3,1.206375,4.90983333333333,17.9702083333333,3.28608333333333,1.41241666666667,28.7872916666667,1
MR-01,MR-01_MR-01_image-00014_synthetic-lesion-insertion,MR-01_image-00014_synthetic-lesion-insertion.tiff,4,1.22741666666667,5.10095833333333,18.6705416666667,3.24345833333333,1.6735,29.9239166666667,1
MR-01,MR-01_MR-01_image-00014_synthetic-lesion-insertion,MR-01_image-00014_synthetic-lesion-insertion.tiff,5,1.25879166666667,4.95829166666667,18.253375,3.32495833333333,1.42554166666667,29.226625,1
MR-01,MR-01_MR-01_image-00014_synthetic-lesion-insertion,MR-01_image-00014_synthetic-lesion-insertion.tiff,6,1.213875,4.93183333333333,18.332625,3.24291666666667,1.43016666666667,29.154875,1
MR-01,MR-01_MR-01_image-00014_synthetic-lesion-insertion,MR-01_image-00014_synthetic-lesion-insertion.tiff,7,1.259875,4.90833333333333,18.2760416666667,3.22325,1.43083333333333,29.101125,1
MR-01,MR-01_MR-01_image-00014_synthetic-lesion-insertion,MR-01_image-00014_synthetic-lesion-insertion.tiff,8,1.22595833333333,4.92429166666667,18.3302916666667,3.24170833333333,1.41695833333333,29.1419166666667,1
MR-01,MR-01_MR-01_image-00014_synthetic-lesion-insertion,MR-01_image-00014_synthetic-lesion-insertion.tiff,9,1.23916666666667,4.90829166666667,18.266,3.22975,1.63204166666667,29.2777916666667,1
MR-01,MR-01_MR-01_image-00014_synthetic-lesion-insertion,MR-01_image-00014_synthetic-lesion-insertion.tiff,10,1.22420833333333,4.91408333333333,18.0771666666667,3.23566666666667,1.413375,28.8673333333333,1
MR-01,MR-01_MR-01_image-00014_synthetic-lesion-modification,MR-01_image-00014_synthetic-lesion-modification.tiff,1,1.24608333333333,4.956375,18.64375,3.349375,1.57533333333333,29.775,1
MR-01,MR-01_MR-01_image-00014_synthetic-lesion-modification,MR-01_image-00014_synthetic-lesion-modification.tiff,2,1.27454166666667,4.96675,18.8876666666667,3.34304166666667,1.579625,30.057875,1
MR-01,MR-01_MR-01_image-00014_synthetic-lesion-modification,MR-01_image-00014_synthetic-lesion-modification.tiff,3,1.22529166666667,4.977125,18.6745416666667,3.46129166666667,1.43529166666667,29.77825,1
MR-01,MR-01_MR-01_image-00014_synthetic-lesion-modification,MR-01_image-00014_synthetic-lesion-modification.tiff,4,1.20745833333333,4.94045833333333,18.2629583333333,3.31516666666667,1.41429166666667,29.1437916666667,1
MR-01,MR-01_MR-01_image-00014_synthetic-lesion-modification,MR-01_image-00014_synthetic-lesion-modification.tiff,5,1.21291666666667,4.93179166666667,18.469,3.33591666666667,1.40908333333333,29.3610416666667,1
MR-01,MR-01_MR-01_image-00014_synthetic-lesion-modification,MR-01_image-00014_synthetic-lesion-modification.tiff,6,1.20658333333333,4.997875,18.5827916666667,3.33145833333333,1.41904166666667,29.5399583333333,1
MR-01,MR-01_MR-01_image-00014_synthetic-lesion-modification,MR-01_image-00014_synthetic-lesion-modification.tiff,7,1.22008333333333,4.969,18.3274166666667,3.32545833333333,1.41508333333333,29.2592083333333,1
MR-01,MR-01_MR-01_image-00014_synthetic-lesion-modification,MR-01_image-00014_synthetic-lesion-modification.tiff,8,1.21116666666667,4.94079166666667,18.4291666666667,3.33283333333333,1.41479166666667,29.3310833333333,1
MR-01,MR-01_MR-01_image-00014_synthetic-lesion-modification,MR-01_image-00014_synthetic-lesion-modification.tiff,9,1.21158333333333,4.93870833333333,18.2432083333333,3.36095833333333,1.39979166666667,29.156375,1
MR-01,MR-01_MR-01_image-00014_synthetic-lesion-modification,MR-01_image-00014_synthetic-lesion-modification.tiff,10,1.213875,4.9295,17.9827083333333,3.259375,1.56004166666667,28.9485416666667,1
MR-01,MR-01_MR-01_image-00014_synthetic-lesion-removal,MR-01_image-00014_synthetic-lesion-removal.tiff,1,1.26145833333333,5.00004166666667,18.6651666666667,3.17541666666667,1.482625,29.59075,1
MR-01,MR-01_MR-01_image-00014_synthetic-lesion-removal,MR-01_image-00014_synthetic-lesion-removal.tiff,2,1.22979166666667,4.94545833333333,17.887625,3.16691666666667,1.43029166666667,28.6635416666667,1
MR-01,MR-01_MR-01_image-00014_synthetic-lesion-removal,MR-01_image-00014_synthetic-lesion-removal.tiff,3,1.22233333333333,4.97820833333333,17.910125,3.158625,1.41875,28.6905416666667,1
MR-01,MR-01_MR-01_image-00014_synthetic-lesion-removal,MR-01_image-00014_synthetic-lesion-removal.tiff,4,1.219875,4.9435,18.172375,3.155875,1.41658333333333,28.9107083333333,1
MR-01,MR-01_MR-01_image-00014_synthetic-lesion-removal,MR-01_image-00014_synthetic-lesion-removal.tiff,5,1.21245833333333,4.92804166666667,17.9457916666667,3.17175,1.405875,28.6660833333333,1
MR-01,MR-01_MR-01_image-00014_synthetic-lesion-removal,MR-01_image-00014_synthetic-lesion-removal.tiff,6,1.21841666666667,4.91170833333333,18.012125,3.16516666666667,1.42520833333333,28.734875,1
MR-01,MR-01_MR-01_image-00014_synthetic-lesion-removal,MR-01_image-00014_synthetic-lesion-removal.tiff,7,1.20975,4.90941666666667,17.912625,3.16108333333333,1.64091666666667,28.8360833333333,1
MR-01,MR-01_MR-01_image-00014_synthetic-lesion-removal,MR-01_image-00014_synthetic-lesion-removal.tiff,8,1.217875,4.9425,18.7177083333333,3.41283333333333,1.42304166666667,29.7169583333333,1
MR-01,MR-01_MR-01_image-00014_synthetic-lesion-removal,MR-01_image-00014_synthetic-lesion-removal.tiff,9,1.2205,4.95116666666667,18.9050833333333,3.37645833333333,1.42575,29.8815833333333,1
MR-01,MR-01_MR-01_image-00014_synthetic-lesion-removal,MR-01_image-00014_synthetic-lesion-removal.tiff,10,1.22845833333333,4.949875,19.011625,3.355125,1.42270833333333,29.97025,1
MR-01,MR-01_MR-01_image-00021_ai-denoising,MR-01_image-00021_ai-denoising.tiff,1,1.24116666666667,4.925875,15.629875,3.29808333333333,1.41904166666667,26.5171666666667,1
MR-01,MR-01_MR-01_image-00021_ai-denoising,MR-01_image-00021_ai-denoising.tiff,2,1.21020833333333,4.92129166666667,15.90025,3.3055,1.40941666666667,26.749375,1
MR-01,MR-01_MR-01_image-00021_ai-denoising,MR-01_image-00021_ai-denoising.tiff,3,1.222875,4.92958333333333,15.84175,3.34995833333333,1.4875,26.8350416666667,1
MR-01,MR-01_MR-01_image-00021_ai-denoising,MR-01_image-00021_ai-denoising.tiff,4,1.27341666666667,4.9495,16.2259166666667,3.41145833333333,1.56070833333333,27.4280416666667,1
MR-01,MR-01_MR-01_image-00021_ai-denoising,MR-01_image-00021_ai-denoising.tiff,5,1.22183333333333,4.99041666666667,15.8167083333333,3.47045833333333,1.45229166666667,26.95625,1
MR-01,MR-01_MR-01_image-00021_ai-denoising,MR-01_image-00021_ai-denoising.tiff,6,1.22204166666667,4.94391666666667,15.6051666666667,3.37458333333333,1.43525,26.5841666666667,1
MR-01,MR-01_MR-01_image-00021_ai-denoising,MR-01_image-00021_ai-denoising.tiff,7,1.22370833333333,4.94466666666667,15.761625,3.341875,1.41683333333333,26.691375,1
MR-01,MR-01_MR-01_image-00021_ai-denoising,MR-01_image-00021_ai-denoising.tiff,8,1.22404166666667,4.92545833333333,15.6600833333333,3.3815,1.406,26.5995,1
MR-01,MR-01_MR-01_image-00021_ai-denoising,MR-01_image-00021_ai-denoising.tiff,9,1.22175,4.9225,15.8494166666667,3.36675,1.409875,26.772625,1
MR-01,MR-01_MR-01_image-00021_ai-denoising,MR-01_image-00021_ai-denoising.tiff,10,1.22683333333333,4.92575,15.7811666666667,3.34841666666667,1.406625,26.6911666666667,1
MR-01,MR-01_MR-01_image-00021_ai-inpainting,MR-01_image-00021_ai-inpainting.tiff,1,1.226125,4.92816666666667,16.6097083333333,3.3245,1.425,27.5170416666667,1
MR-01,MR-01_MR-01_image-00021_ai-inpainting,MR-01_image-00021_ai-inpainting.tiff,2,1.217625,4.92491666666667,16.652125,3.44833333333333,1.49604166666667,27.7423333333333,1
MR-01,MR-01_MR-01_image-00021_ai-inpainting,MR-01_image-00021_ai-inpainting.tiff,3,1.26604166666667,4.953875,16.4965416666667,3.37441666666667,1.54895833333333,27.64675,1
MR-01,MR-01_MR-01_image-00021_ai-inpainting,MR-01_image-00021_ai-inpainting.tiff,4,1.223875,4.94220833333333,16.2902083333333,3.317,1.44525,27.2222916666667,1
MR-01,MR-01_MR-01_image-00021_ai-inpainting,MR-01_image-00021_ai-inpainting.tiff,5,1.21520833333333,4.974125,16.2100833333333,3.29741666666667,1.644125,27.3441666666667,1
MR-01,MR-01_MR-01_image-00021_ai-inpainting,MR-01_image-00021_ai-inpainting.tiff,6,1.219375,4.98216666666667,16.4379166666667,3.28104166666667,1.44316666666667,27.3675416666667,1
MR-01,MR-01_MR-01_image-00021_ai-inpainting,MR-01_image-00021_ai-inpainting.tiff,7,1.21954166666667,4.932125,16.1653333333333,3.3105,1.41279166666667,27.0429583333333,1
MR-01,MR-01_MR-01_image-00021_ai-inpainting,MR-01_image-00021_ai-inpainting.tiff,8,1.21420833333333,4.952,15.8474583333333,3.30095833333333,1.426375,26.7435,1
MR-01,MR-01_MR-01_image-00021_ai-inpainting,MR-01_image-00021_ai-inpainting.tiff,9,1.21220833333333,4.92125,16.2393333333333,3.3115,1.4005,27.0870833333333,1
MR-01,MR-01_MR-01_image-00021_ai-inpainting,MR-01_image-00021_ai-inpainting.tiff,10,1.21554166666667,4.95216666666667,16.1776666666667,3.284375,1.409375,27.041375,1
MR-01,MR-01_MR-01_image-00021_synthetic-lesion-insertion,MR-01_image-00021_synthetic-lesion-insertion.tiff,1,1.24775,4.94866666666667,16.385625,3.39254166666667,1.51645833333333,27.4949166666667,1
MR-01,MR-01_MR-01_image-00021_synthetic-lesion-insertion,MR-01_image-00021_synthetic-lesion-insertion.tiff,2,1.27045833333333,5.14929166666667,16.1065416666667,3.28275,1.59420833333333,27.4129166666667,1
MR-01,MR-01_MR-01_image-00021_synthetic-lesion-insertion,MR-01_image-00021_synthetic-lesion-insertion.tiff,3,1.22179166666667,4.9945,16.2957083333333,3.37733333333333,1.452125,27.3459166666667,1
MR-01,MR-01_MR-01_image-00021_synthetic-lesion-insertion,MR-01_image-00021_synthetic-lesion-insertion.tiff,4,1.227375,4.984375,16.1448333333333,3.39358333333333,1.42945833333333,27.1823333333333,1
MR-01,MR-01_MR-01_image-00021_synthetic-lesion-insertion,MR-01_image-00021_synthetic-lesion-insertion.tiff,5,1.21579166666667,4.97833333333333,15.8791666666667,3.41895833333333,1.40583333333333,26.9003333333333,1
MR-01,MR-01_MR-01_image-00021_synthetic-lesion-insertion,MR-01_image-00021_synthetic-lesion-insertion.tiff,6,1.212375,4.950375,16.4918333333333,3.364125,1.413625,27.4343333333333,1
MR-01,MR-01_MR-01_image-00021_synthetic-lesion-insertion,MR-01_image-00021_synthetic-lesion-insertion.tiff,7,1.20895833333333,4.950375,16.3576666666667,3.39970833333333,1.40916666666667,27.328,1
MR-01,MR-01_MR-01_image-00021_synthetic-lesion-insertion,MR-01_image-00021_synthetic-lesion-insertion.tiff,8,1.213625,4.933625,16.5491666666667,3.40616666666667,1.412125,27.5169583333333,1
MR-01,MR-01_MR-01_image-00021_synthetic-lesion-insertion,MR-01_image-00021_synthetic-lesion-insertion.tiff,9,1.21341666666667,4.9315,16.3075833333333,3.40783333333333,1.41625,27.2787083333333,1
MR-01,MR-01_MR-01_image-00021_synthetic-lesion-insertion,MR-01_image-00021_synthetic-lesion-insertion.tiff,10,1.22408333333333,4.9695,16.4664166666667,3.489375,1.43370833333333,27.5855833333333,1
MR-01,MR-01_MR-01_image-00021_synthetic-lesion-modification,MR-01_image-00021_synthetic-lesion-modification.tiff,1,1.23845833333333,5.12704166666667,16.3217083333333,3.48895833333333,1.621,27.8046666666667,1
MR-01,MR-01_MR-01_image-00021_synthetic-lesion-modification,MR-01_image-00021_synthetic-lesion-modification.tiff,2,1.23445833333333,4.99058333333333,16.38175,3.43629166666667,1.465875,27.5132916666667,1
MR-01,MR-01_MR-01_image-00021_synthetic-lesion-modification,MR-01_image-00021_synthetic-lesion-modification.tiff,3,1.224,4.97770833333333,16.4883333333333,3.42341666666667,1.653,27.769375,1
MR-01,MR-01_MR-01_image-00021_synthetic-lesion-modification,MR-01_image-00021_synthetic-lesion-modification.tiff,4,1.22345833333333,4.987375,16.5397916666667,3.52529166666667,1.44116666666667,27.7205416666667,1
MR-01,MR-01_MR-01_image-00021_synthetic-lesion-modification,MR-01_image-00021_synthetic-lesion-modification.tiff,5,1.23095833333333,4.93716666666667,16.651,3.49358333333333,1.42533333333333,27.74075,1
MR-01,MR-01_MR-01_image-00021_synthetic-lesion-modification,MR-01_image-00021_synthetic-lesion-modification.tiff,6,1.22933333333333,4.94420833333333,16.6109166666667,3.46466666666667,1.41366666666667,27.6655416666667,1
MR-01,MR-01_MR-01_image-00021_synthetic-lesion-modification,MR-01_image-00021_synthetic-lesion-modification.tiff,7,1.20725,4.92791666666667,16.6155416666667,3.43091666666667,1.40104166666667,27.5849166666667,1
MR-01,MR-01_MR-01_image-00021_synthetic-lesion-modification,MR-01_image-00021_synthetic-lesion-modification.tiff,8,1.22391666666667,4.926375,16.4289166666667,3.4535,1.39770833333333,27.4325833333333,1
MR-01,MR-01_MR-01_image-00021_synthetic-lesion-modification,MR-01_image-00021_synthetic-lesion-modification.tiff,9,1.221125,4.91929166666667,16.5412083333333,3.34125,1.46341666666667,27.489375,1
MR-01,MR-01_MR-01_image-00021_synthetic-lesion-modification,MR-01_image-00021_synthetic-lesion-modification.tiff,10,1.21933333333333,5.00033333333333,16.348375,3.35270833333333,1.446375,27.3700833333333,1
MR-01,MR-01_MR-01_image-00021_synthetic-lesion-removal,MR-01_image-00021_synthetic-lesion-removal.tiff,1,1.22125,4.96141666666667,15.7400416666667,3.204125,1.4585,26.5897083333333,1
MR-01,MR-01_MR-01_image-00021_synthetic-lesion-removal,MR-01_image-00021_synthetic-lesion-removal.tiff,2,1.22416666666667,4.95333333333333,15.9090416666667,3.18816666666667,1.4455,26.7234583333333,1
MR-01,MR-01_MR-01_image-00021_synthetic-lesion-removal,MR-01_image-00021_synthetic-lesion-removal.tiff,3,1.225375,4.913125,16.022875,3.22420833333333,1.42658333333333,26.8149166666667,1
MR-01,MR-01_MR-01_image-00021_synthetic-lesion-removal,MR-01_image-00021_synthetic-lesion-removal.tiff,4,1.22854166666667,4.91420833333333,16.1743333333333,3.22816666666667,1.432,26.97975,1
MR-01,MR-01_MR-01_image-00021_synthetic-lesion-removal,MR-01_image-00021_synthetic-lesion-removal.tiff,5,1.21058333333333,4.91229166666667,15.68925,3.20091666666667,1.418625,26.4339166666667,1
MR-01,MR-01_MR-01_image-00021_synthetic-lesion-removal,MR-01_image-00021_synthetic-lesion-removal.tiff,6,1.22629166666667,4.91104166666667,15.80125,3.17470833333333,1.422625,26.5381666666667,1
MR-01,MR-01_MR-01_image-00021_synthetic-lesion-removal,MR-01_image-00021_synthetic-lesion-removal.tiff,7,1.22129166666667,4.92004166666667,15.8005833333333,3.169125,1.41075,26.524,1
MR-01,MR-01_MR-01_image-00021_synthetic-lesion-removal,MR-01_image-00021_synthetic-lesion-removal.tiff,8,1.21529166666667,4.91808333333333,15.9105,3.17279166666667,1.39625,26.6153333333333,1
MR-01,MR-01_MR-01_image-00021_synthetic-lesion-removal,MR-01_image-00021_synthetic-lesion-removal.tiff,9,1.21679166666667,4.95745833333333,15.7393333333333,3.17041666666667,1.40720833333333,26.4932083333333,1
MR-01,MR-01_MR-01_image-00021_synthetic-lesion-removal,MR-01_image-00021_synthetic-lesion-removal.tiff,10,1.22741666666667,4.98266666666667,16.5735416666667,3.328,1.46158333333333,27.5770833333333,1
MR-02,MR-02_MR-02_image-00000_ai-denoising,MR-02_image-00000_ai-denoising.tiff,1,1.23258333333333,4.92745833333333,15.5757083333333,3.37458333333333,1.60483333333333,26.71825,1
MR-02,MR-02_MR-02_image-00000_ai-denoising,MR-02_image-00000_ai-denoising.tiff,2,1.225125,4.95683333333333,15.3630833333333,3.390125,1.415875,26.353625,1
MR-02,MR-02_MR-02_image-00000_ai-denoising,MR-02_image-00000_ai-denoising.tiff,3,1.21575,4.93620833333333,15.2936666666667,3.35266666666667,1.40720833333333,26.207875,1
MR-02,MR-02_MR-02_image-00000_ai-denoising,MR-02_image-00000_ai-denoising.tiff,4,1.20991666666667,4.92116666666667,15.6374583333333,3.242375,1.67525,26.6938333333333,1
MR-02,MR-02_MR-02_image-00000_ai-denoising,MR-02_image-00000_ai-denoising.tiff,5,1.23041666666667,4.94654166666667,14.8862083333333,3.29804166666667,1.45883333333333,25.824875,1
MR-02,MR-02_MR-02_image-00000_ai-denoising,MR-02_image-00000_ai-denoising.tiff,6,1.22041666666667,4.98070833333333,14.8650833333333,3.17283333333333,1.433875,25.6767083333333,1
MR-02,MR-02_MR-02_image-00000_ai-denoising,MR-02_image-00000_ai-denoising.tiff,7,1.21483333333333,4.96279166666667,15.036125,3.20895833333333,1.41908333333333,25.844625,1
MR-02,MR-02_MR-02_image-00000_ai-denoising,MR-02_image-00000_ai-denoising.tiff,8,1.21420833333333,4.94958333333333,15.00175,3.36483333333333,1.48395833333333,26.0172916666667,1
MR-02,MR-02_MR-02_image-00000_ai-denoising,MR-02_image-00000_ai-denoising.tiff,9,1.22291666666667,4.95579166666667,14.9127083333333,3.250625,1.43991666666667,25.785125,1
MR-02,MR-02_MR-02_image-00000_ai-denoising,MR-02_image-00000_ai-denoising.tiff,10,1.21641666666667,4.93025,14.9566666666667,3.29804166666667,1.43166666666667,25.8359583333333,1
MR-02,MR-02_MR-02_image-00000_ai-inpainting,MR-02_image-00000_ai-inpainting.tiff,1,1.24295833333333,4.9465,15.0589166666667,3.25704166666667,1.41820833333333,25.9265,1
MR-02,MR-02_MR-02_image-00000_ai-inpainting,MR-02_image-00000_ai-inpainting.tiff,2,1.22504166666667,4.96308333333333,15.07725,3.22554166666667,1.41654166666667,25.9099166666667,1
MR-02,MR-02_MR-02_image-00000_ai-inpainting,MR-02_image-00000_ai-inpainting.tiff,3,1.21845833333333,4.96733333333333,15.561,3.25141666666667,1.48020833333333,26.4807916666667,1
MR-02,MR-02_MR-02_image-00000_ai-inpainting,MR-02_image-00000_ai-inpainting.tiff,4,1.24029166666667,5.03883333333333,15.6222916666667,3.35783333333333,1.59629166666667,26.8612916666667,1
MR-02,MR-02_MR-02_image-00000_ai-inpainting,MR-02_image-00000_ai-inpainting.tiff,5,1.22120833333333,4.96016666666667,15.39025,3.33566666666667,1.485875,26.398,1
MR-02,MR-02_MR-02_image-00000_ai-inpainting,MR-02_image-00000_ai-inpainting.tiff,6,1.21729166666667,4.94516666666667,15.17025,3.33870833333333,1.40733333333333,26.0814166666667,1
MR-02,MR-02_MR-02_image-00000_ai-inpainting,MR-02_image-00000_ai-inpainting.tiff,7,1.22004166666667,4.92154166666667,15.175625,3.33808333333333,1.405875,26.06375,1
MR-02,MR-02_MR-02_image-00000_ai-inpainting,MR-02_image-00000_ai-inpainting.tiff,8,1.20925,4.934625,15.13375,3.32725,1.4035,26.0107916666667,1
MR-02,MR-02_MR-02_image-00000_ai-inpainting,MR-02_image-00000_ai-inpainting.tiff,9,1.220125,4.93295833333333,15.240125,3.35308333333333,1.40120833333333,26.1495,1
MR-02,MR-02_MR-02_image-00000_ai-inpainting,MR-02_image-00000_ai-inpainting.tiff,10,1.2135,4.91983333333333,15.1647916666667,3.31191666666667,1.497,26.1100416666667,1
MR-02,MR-02_MR-02_image-00000_synthetic-lesion-insertion,MR-02_image-00000_synthetic-lesion-insertion.tiff,1,1.23908333333333,4.93,15.551625,3.3705,1.425125,26.5200833333333,1
MR-02,MR-02_MR-02_image-00000_synthetic-lesion-insertion,MR-02_image-00000_synthetic-lesion-insertion.tiff,2,1.22,4.91625,15.382,3.30679166666667,1.42575,26.2534583333333,1
MR-02,MR-02_MR-02_image-00000_synthetic-lesion-insertion,MR-02_image-00000_synthetic-lesion-insertion.tiff,3,1.265,5.100375,15.8812916666667,3.31054166666667,1.611375,27.175625,1
MR-02,MR-02_MR-02_image-00000_synthetic-lesion-insertion,MR-02_image-00000_synthetic-lesion-insertion.tiff,4,1.24,4.98475,15.8428333333333,3.55129166666667,1.438875,27.0625833333333,1
MR-02,MR-02_MR-02_image-00000_synthetic-lesion-insertion,MR-02_image-00000_synthetic-lesion-insertion.tiff,5,1.22016666666667,4.934375,15.79975,3.4765,1.42370833333333,26.8572916666667,1
MR-02,MR-02_MR-02_image-00000_synthetic-lesion-insertion,MR-02_image-00000_synthetic-lesion-insertion.tiff,6,1.23075,4.94716666666667,15.781875,3.40029166666667,1.43591666666667,26.7985833333333,1
MR-02,MR-02_MR-02_image-00000_synthetic-lesion-insertion,MR-02_image-00000_synthetic-lesion-insertion.tiff,7,1.229125,4.94395833333333,15.5555416666667,3.27758333333333,1.42579166666667,26.4346666666667,1
MR-02,MR-02_MR-02_image-00000_synthetic-lesion-insertion,MR-02_image-00000_synthetic-lesion-insertion.tiff,8,1.22208333333333,4.94575,15.36825,3.24254166666667,1.41891666666667,26.2,1
MR-02,MR-02_MR-02_image-00000_synthetic-lesion-insertion,MR-02_image-00000_synthetic-lesion-insertion.tiff,9,1.22920833333333,4.9705,15.600875,3.12579166666667,1.45133333333333,26.3825,1
MR-02,MR-02_MR-02_image-00000_synthetic-lesion-insertion,MR-02_image-00000_synthetic-lesion-insertion.tiff,10,1.22916666666667,4.95354166666667,14.8307916666667,3.23608333333333,1.45404166666667,25.707125,1
MR-02,MR-02_MR-02_image-00000_synthetic-lesion-modification,MR-02_image-00000_synthetic-lesion-modification.tiff,1,1.24575,4.93741666666667,15.2656666666667,3.34891666666667,1.43029166666667,26.231375,1
MR-02,MR-02_MR-02_image-00000_synthetic-lesion-modification,MR-02_image-00000_synthetic-lesion-modification.tiff,2,1.22070833333333,4.95970833333333,15.9417083333333,9.83166666666667,4.69304166666667,36.6554583333333,1
MR-02,MR-02_MR-02_image-00000_synthetic-lesion-modification,MR-02_image-00000_synthetic-lesion-modification.tiff,3,3.46604166666667,14.6447083333333,27.6231666666667,3.37475,1.67933333333333,50.81225,1
MR-02,MR-02_MR-02_image-00000_synthetic-lesion-modification,MR-02_image-00000_synthetic-lesion-modification.tiff,4,1.26375,5.01441666666667,15.3510833333333,3.28645833333333,1.448,26.3690416666667,1
MR-02,MR-02_MR-02_image-00000_synthetic-lesion-modification,MR-02_image-00000_synthetic-lesion-modification.tiff,5,1.22375,4.98016666666667,15.3009166666667,3.28916666666667,1.42633333333333,26.2235833333333,1
MR-02,MR-02_MR-02_image-00000_synthetic-lesion-modification,MR-02_image-00000_synthetic-lesion-modification.tiff,6,1.23266666666667,4.96604166666667,15.2089166666667,3.30091666666667,1.42491666666667,26.1361666666667,1
MR-02,MR-02_MR-02_image-00000_synthetic-lesion-modification,MR-02_image-00000_synthetic-lesion-modification.tiff,7,1.21479166666667,4.96595833333333,15.2816666666667,3.293375,1.41875,26.1767083333333,1
MR-02,MR-02_MR-02_image-00000_synthetic-lesion-modification,MR-02_image-00000_synthetic-lesion-modification.tiff,8,1.20975,4.94095833333333,15.1167083333333,3.30154166666667,1.41654166666667,25.9877916666667,1
MR-02,MR-02_MR-02_image-00000_synthetic-lesion-modification,MR-02_image-00000_synthetic-lesion-modification.tiff,9,1.219375,4.94645833333333,15.3152083333333,3.3075,1.60741666666667,26.3982916666667,1
MR-02,MR-02_MR-02_image-00000_synthetic-lesion-modification,MR-02_image-00000_synthetic-lesion-modification.tiff,10,1.21525,4.94954166666667,15.2517916666667,3.320375,1.406625,26.1459166666667,1
MR-02,MR-02_MR-02_image-00000_synthetic-lesion-removal,MR-02_image-00000_synthetic-lesion-removal.tiff,1,1.255375,4.99541666666667,15.0135833333333,3.48841666666667,1.52420833333333,26.2830833333333,1
MR-02,MR-02_MR-02_image-00000_synthetic-lesion-removal,MR-02_image-00000_synthetic-lesion-removal.tiff,2,1.23054166666667,4.95166666666667,15.49675,3.35108333333333,1.43995833333333,26.47375,1
MR-02,MR-02_MR-02_image-00000_synthetic-lesion-removal,MR-02_image-00000_synthetic-lesion-removal.tiff,3,1.22604166666667,4.938875,15.5396666666667,3.31516666666667,1.42841666666667,26.451125,1
MR-02,MR-02_MR-02_image-00000_synthetic-lesion-removal,MR-02_image-00000_synthetic-lesion-removal.tiff,4,1.228625,4.95766666666667,15.8257916666667,3.31333333333333,1.407,26.735,1
MR-02,MR-02_MR-02_image-00000_synthetic-lesion-removal,MR-02_image-00000_synthetic-lesion-removal.tiff,5,1.21483333333333,4.92991666666667,15.683375,3.307,1.42425,26.561875,1
MR-02,MR-02_MR-02_image-00000_synthetic-lesion-removal,MR-02_image-00000_synthetic-lesion-removal.tiff,6,1.223375,4.92779166666667,16.0593333333333,3.30870833333333,1.40941666666667,26.9309166666667,1
MR-02,MR-02_MR-02_image-00000_synthetic-lesion-removal,MR-02_image-00000_synthetic-lesion-removal.tiff,7,1.212625,4.91758333333333,15.7419583333333,3.32833333333333,1.40675,26.6094583333333,1
MR-02,MR-02_MR-02_image-00000_synthetic-lesion-removal,MR-02_image-00000_synthetic-lesion-removal.tiff,8,1.21520833333333,4.91458333333333,15.6504583333333,3.276,1.40058333333333,26.4590416666667,1
MR-02,MR-02_MR-02_image-00000_synthetic-lesion-removal,MR-02_image-00000_synthetic-lesion-removal.tiff,9,1.214,4.91395833333333,15.724625,3.30758333333333,1.40670833333333,26.5692916666667,1
MR-02,MR-02_MR-02_image-00000_synthetic-lesion-removal,MR-02_image-00000_synthetic-lesion-removal.tiff,10,1.21775,4.90379166666667,15.92725,3.57283333333333,1.39820833333333,27.0219583333333,1
MR-02,MR-02_MR-02_image-00006_ai-denoising,MR-02_image-00006_ai-denoising.tiff,1,1.221125,4.98275,15.4560416666667,3.44641666666667,1.44508333333333,26.5549166666667,1
MR-02,MR-02_MR-02_image-00006_ai-denoising,MR-02_image-00006_ai-denoising.tiff,2,1.21591666666667,4.95320833333333,15.3296666666667,3.326125,1.430375,26.2582083333333,1
MR-02,MR-02_MR-02_image-00006_ai-denoising,MR-02_image-00006_ai-denoising.tiff,3,1.22316666666667,4.91033333333333,15.6797916666667,3.333625,1.418,26.5672916666667,1
MR-02,MR-02_MR-02_image-00006_ai-denoising,MR-02_image-00006_ai-denoising.tiff,4,1.21879166666667,4.913,15.4452083333333,3.32195833333333,1.425125,26.3263333333333,1
MR-02,MR-02_MR-02_image-00006_ai-denoising,MR-02_image-00006_ai-denoising.tiff,5,1.21404166666667,4.90991666666667,15.6264166666667,3.31008333333333,1.41066666666667,26.47325,1
MR-02,MR-02_MR-02_image-00006_ai-denoising,MR-02_image-00006_ai-denoising.tiff,6,1.220875,4.93791666666667,15.7348333333333,3.282125,1.41320833333333,26.5911666666667,1
MR-02,MR-02_MR-02_image-00006_ai-denoising,MR-02_image-00006_ai-denoising.tiff,7,1.21425,4.908875,15.4567916666667,3.34658333333333,1.630625,26.5595,1
MR-02,MR-02_MR-02_image-00006_ai-denoising,MR-02_image-00006_ai-denoising.tiff,8,1.22054166666667,4.94829166666667,15.8757083333333,3.41483333333333,1.4245,26.8865416666667,1
MR-02,MR-02_MR-02_image-00006_ai-denoising,MR-02_image-00006_ai-denoising.tiff,9,1.21645833333333,4.95416666666667,15.867625,3.37920833333333,1.39554166666667,26.8156666666667,1
MR-02,MR-02_MR-02_image-00006_ai-denoising,MR-02_image-00006_ai-denoising.tiff,10,1.22629166666667,4.96629166666667,15.6735833333333,3.33779166666667,1.42075,26.62775,1
MR-02,MR-02_MR-02_image-00006_ai-inpainting,MR-02_image-00006_ai-inpainting.tiff,1,1.32408333333333,4.97420833333333,15.3924583333333,3.19575,1.42591666666667,26.3157916666667,1
MR-02,MR-02_MR-02_image-00006_ai-inpainting,MR-02_image-00006_ai-inpainting.tiff,2,1.21945833333333,4.92620833333333,15.5765833333333,3.21808333333333,1.42016666666667,26.3631666666667,1
MR-02,MR-02_MR-02_image-00006_ai-inpainting,MR-02_image-00006_ai-inpainting.tiff,3,1.21933333333333,4.922625,15.2252083333333,3.25329166666667,1.42020833333333,26.0429583333333,1
MR-02,MR-02_MR-02_image-00006_ai-inpainting,MR-02_image-00006_ai-inpainting.tiff,4,1.22716666666667,4.918375,15.6487916666667,3.39954166666667,1.55391666666667,26.7524166666667,1
MR-02,MR-02_MR-02_image-00006_ai-inpainting,MR-02_image-00006_ai-inpainting.tiff,5,1.25833333333333,5.09795833333333,15.5406666666667,3.37966666666667,1.52795833333333,26.812,1
MR-02,MR-02_MR-02_image-00006_ai-inpainting,MR-02_image-00006_ai-inpainting.tiff,6,1.22395833333333,4.94254166666667,15.6812916666667,3.44775,1.48179166666667,26.7809583333333,1
MR-02,MR-02_MR-02_image-00006_ai-inpainting,MR-02_image-00006_ai-inpainting.tiff,7,1.22125,4.95995833333333,15.7538333333333,3.571625,1.448,26.957875,1
MR-02,MR-02_MR-02_image-00006_ai-inpainting,MR-02_image-00006_ai-inpainting.tiff,8,1.225875,4.96895833333333,15.822,3.42091666666667,1.420625,26.861125,1
MR-02,MR-02_MR-02_image-00006_ai-inpainting,MR-02_image-00006_ai-inpainting.tiff,9,1.23129166666667,4.96608333333333,15.644375,3.53458333333333,1.41408333333333,26.7929166666667,1
MR-02,MR-02_MR-02_image-00006_ai-inpainting,MR-02_image-00006_ai-inpainting.tiff,10,1.22683333333333,4.92816666666667,15.949125,3.34045833333333,1.38495833333333,26.8319583333333,1
MR-02,MR-02_MR-02_image-00006_synthetic-lesion-insertion,MR-02_image-00006_synthetic-lesion-insertion.tiff,1,1.21533333333333,4.934125,15.3387083333333,3.30775,1.41204166666667,26.2105833333333,1
MR-02,MR-02_MR-02_image-00006_synthetic-lesion-insertion,MR-02_image-00006_synthetic-lesion-insertion.tiff,2,1.21854166666667,4.93741666666667,15.5127083333333,3.37970833333333,1.41533333333333,26.4659583333333,1
MR-02,MR-02_MR-02_image-00006_synthetic-lesion-insertion,MR-02_image-00006_synthetic-lesion-insertion.tiff,3,1.21595833333333,4.935,15.6471666666667,3.53616666666667,1.563875,26.901875,1
MR-02,MR-02_MR-02_image-00006_synthetic-lesion-insertion,MR-02_image-00006_synthetic-lesion-insertion.tiff,4,1.31920833333333,4.997375,15.9564583333333,3.57191666666667,1.49666666666667,27.3478333333333,1
MR-02,MR-02_MR-02_image-00006_synthetic-lesion-insertion,MR-02_image-00006_synthetic-lesion-insertion.tiff,5,1.21975,5.039125,15.3675833333333,3.30866666666667,1.59958333333333,26.5385,1
MR-02,MR-02_MR-02_image-00006_synthetic-lesion-insertion,MR-02_image-00006_synthetic-lesion-insertion.tiff,6,1.22283333333333,4.92741666666667,15.416625,3.36533333333333,1.44391666666667,26.3795833333333,1
MR-02,MR-02_MR-02_image-00006_synthetic-lesion-insertion,MR-02_image-00006_synthetic-lesion-insertion.tiff,7,1.21583333333333,4.92733333333333,15.4675833333333,3.39316666666667,1.412,26.4185833333333,1
MR-02,MR-02_MR-02_image-00006_synthetic-lesion-insertion,MR-02_image-00006_synthetic-lesion-insertion.tiff,8,1.22675,4.92370833333333,15.2063333333333,3.36466666666667,1.41316666666667,26.137,1
MR-02,MR-02_MR-02_image-00006_synthetic-lesion-insertion,MR-02_image-00006_synthetic-lesion-insertion.tiff,9,1.21395833333333,4.92325,15.4567083333333,3.34608333333333,1.40304166666667,26.3455416666667,1
MR-02,MR-02_MR-02_image-00006_synthetic-lesion-insertion,MR-02_image-00006_synthetic-lesion-insertion.tiff,10,1.21966666666667,4.91054166666667,15.3160833333333,3.323125,1.4325,26.204625,1
MR-02,MR-02_MR-02_image-00006_synthetic-lesion-modification,MR-02_image-00006_synthetic-lesion-modification.tiff,1,1.21725,4.93391666666667,15.2624583333333,3.3435,1.406375,26.1662083333333,1
MR-02,MR-02_MR-02_image-00006_synthetic-lesion-modification,MR-02_image-00006_synthetic-lesion-modification.tiff,2,1.22041666666667,4.95925,15.3842916666667,3.307125,1.44583333333333,26.320125,1
MR-02,MR-02_MR-02_image-00006_synthetic-lesion-modification,MR-02_image-00006_synthetic-lesion-modification.tiff,3,1.24970833333333,5.09166666666667,15.5520416666667,3.49325,1.62445833333333,27.0185833333333,1
MR-02,MR-02_MR-02_image-00006_synthetic-lesion-modification,MR-02_image-00006_synthetic-lesion-modification.tiff,4,1.22208333333333,5.11291666666667,15.467,3.28566666666667,1.60220833333333,26.6980833333333,1
MR-02,MR-02_MR-02_image-00006_synthetic-lesion-modification,MR-02_image-00006_synthetic-lesion-modification.tiff,5,1.26583333333333,5.04666666666667,15.2882083333333,3.22404166666667,1.47945833333333,26.3090833333333,1
MR-02,MR-02_MR-02_image-00006_synthetic-lesion-modification,MR-02_image-00006_synthetic-lesion-modification.tiff,6,1.21891666666667,4.93533333333333,14.999625,3.23629166666667,1.43808333333333,25.8317083333333,1
MR-02,MR-02_MR-02_image-00006_synthetic-lesion-modification,MR-02_image-00006_synthetic-lesion-modification.tiff,7,1.23429166666667,4.92704166666667,14.798125,3.057125,1.43383333333333,25.4530833333333,1
MR-02,MR-02_MR-02_image-00006_synthetic-lesion-modification,MR-02_image-00006_synthetic-lesion-modification.tiff,8,1.22466666666667,4.93416666666667,14.8436666666667,3.17291666666667,1.41079166666667,25.588625,1
MR-02,MR-02_MR-02_image-00006_synthetic-lesion-modification,MR-02_image-00006_synthetic-lesion-modification.tiff,9,1.20954166666667,4.92533333333333,15.3968333333333,3.24516666666667,1.51491666666667,26.2947916666667,1
MR-02,MR-02_MR-02_image-00006_synthetic-lesion-modification,MR-02_image-00006_synthetic-lesion-modification.tiff,10,1.228875,4.96679166666667,14.96275,3.26554166666667,1.43566666666667,25.863,1
MR-02,MR-02_MR-02_image-00006_synthetic-lesion-removal,MR-02_image-00006_synthetic-lesion-removal.tiff,1,1.226875,4.92158333333333,15.6079583333333,3.3065,1.42329166666667,26.4889583333333,1
MR-02,MR-02_MR-02_image-00006_synthetic-lesion-removal,MR-02_image-00006_synthetic-lesion-removal.tiff,2,1.230625,4.95566666666667,15.8927083333333,3.314625,1.669625,27.068375,1
MR-02,MR-02_MR-02_image-00006_synthetic-lesion-removal,MR-02_image-00006_synthetic-lesion-removal.tiff,3,1.24304166666667,4.98054166666667,15.4674583333333,3.27029166666667,1.62270833333333,26.58925,1
MR-02,MR-02_MR-02_image-00006_synthetic-lesion-removal,MR-02_image-00006_synthetic-lesion-removal.tiff,4,1.223625,4.966125,15.5462083333333,3.24941666666667,1.43045833333333,26.4190833333333,1
MR-02,MR-02_MR-02_image-00006_synthetic-lesion-removal,MR-02_image-00006_synthetic-lesion-removal.tiff,5,1.21008333333333,4.94520833333333,15.6769583333333,3.28379166666667,1.41275,26.5312916666667,1
MR-02,MR-02_MR-02_image-00006_synthetic-lesion-removal,MR-02_image-00006_synthetic-lesion-removal.tiff,6,1.21979166666667,4.947125,15.8132083333333,3.255375,1.411,26.649125,1
MR-02,MR-02_MR-02_image-00006_synthetic-lesion-removal,MR-02_image-00006_synthetic-lesion-removal.tiff,7,1.211875,4.96045833333333,15.5434583333333,3.288375,1.415125,26.4217083333333,1
MR-02,MR-02_MR-02_image-00006_synthetic-lesion-removal,MR-02_image-00006_synthetic-lesion-removal.tiff,8,1.21470833333333,4.931,15.3665,3.27820833333333,1.421625,26.21425,1
MR-02,MR-02_MR-02_image-00006_synthetic-lesion-removal,MR-02_image-00006_synthetic-lesion-removal.tiff,9,1.22495833333333,4.95325,15.5959166666667,3.251,1.41558333333333,26.4428333333333,1
MR-02,MR-02_MR-02_image-00006_synthetic-lesion-removal,MR-02_image-00006_synthetic-lesion-removal.tiff,10,1.21979166666667,4.92079166666667,15.545,3.23304166666667,1.41041666666667,26.331125,1
MR-02,MR-02_MR-02_image-00013_ai-denoising,MR-02_image-00013_ai-denoising.tiff,1,1.21204166666667,4.997375,14.2162083333333,3.51166666666667,1.52495833333333,25.4670416666667,1
MR-02,MR-02_MR-02_image-00013_ai-denoising,MR-02_image-00013_ai-denoising.tiff,2,1.22166666666667,4.99291666666667,14.7325416666667,3.32266666666667,1.57904166666667,25.8540416666667,1
MR-02,MR-02_MR-02_image-00013_ai-denoising,MR-02_image-00013_ai-denoising.tiff,3,1.22404166666667,4.97166666666667,14.5979166666667,3.34279166666667,1.50004166666667,25.6409166666667,1
MR-02,MR-02_MR-02_image-00013_ai-denoising,MR-02_image-00013_ai-denoising.tiff,4,1.223,4.968875,14.5432916666667,3.42170833333333,1.519625,25.6807083333333,1
MR-02,MR-02_MR-02_image-00013_ai-denoising,MR-02_image-00013_ai-denoising.tiff,5,1.24370833333333,5.04483333333333,15.248125,3.35979166666667,1.64729166666667,26.5495416666667,1
MR-02,MR-02_MR-02_image-00013_ai-denoising,MR-02_image-00013_ai-denoising.tiff,6,1.268,5.12695833333333,14.9472083333333,3.60266666666667,1.7825,26.7530416666667,1
MR-02,MR-02_MR-02_image-00013_ai-denoising,MR-02_image-00013_ai-denoising.tiff,7,1.27241666666667,5.13704166666667,14.736875,3.270375,1.66529166666667,26.090875,1
MR-02,MR-02_MR-02_image-00013_ai-denoising,MR-02_image-00013_ai-denoising.tiff,8,1.26766666666667,5.12229166666667,14.5050833333333,3.16033333333333,1.615625,25.6793333333333,1
MR-02,MR-02_MR-02_image-00013_ai-denoising,MR-02_image-00013_ai-denoising.tiff,9,1.26375,5.0705,14.2366666666667,3.23816666666667,1.54379166666667,25.3604583333333,1
MR-02,MR-02_MR-02_image-00013_ai-denoising,MR-02_image-00013_ai-denoising.tiff,10,1.234125,5.21304166666667,13.9550416666667,3.11091666666667,1.43225,24.9493333333333,1
MR-02,MR-02_MR-02_image-00013_ai-inpainting,MR-02_image-00013_ai-inpainting.tiff,1,1.243375,4.99154166666667,15.1188333333333,3.25225,1.83375,26.4455416666667,1
MR-02,MR-02_MR-02_image-00013_ai-inpainting,MR-02_image-00013_ai-inpainting.tiff,2,1.23225,5.01483333333333,14.7642083333333,3.18229166666667,1.466125,25.665375,1
MR-02,MR-02_MR-02_image-00013_ai-inpainting,MR-02_image-00013_ai-inpainting.tiff,3,1.21966666666667,4.99120833333333,14.8460833333333,3.23479166666667,1.41954166666667,25.7149583333333,1
MR-02,MR-02_MR-02_image-00013_ai-inpainting,MR-02_image-00013_ai-inpainting.tiff,4,1.22075,4.95895833333333,14.8807083333333,3.1725,1.424625,25.6600833333333,1
MR-02,MR-02_MR-02_image-00013_ai-inpainting,MR-02_image-00013_ai-inpainting.tiff,5,1.21245833333333,4.930625,14.8575,3.19929166666667,1.40775,25.6100833333333,1
MR-02,MR-02_MR-02_image-00013_ai-inpainting,MR-02_image-00013_ai-inpainting.tiff,6,1.22283333333333,4.93520833333333,14.845125,3.18616666666667,1.40025,25.5917916666667,1
MR-02,MR-02_MR-02_image-00013_ai-inpainting,MR-02_image-00013_ai-inpainting.tiff,7,1.22870833333333,4.914625,14.6914166666667,3.17308333333333,1.40220833333333,25.4123333333333,1
MR-02,MR-02_MR-02_image-00013_ai-inpainting,MR-02_image-00013_ai-inpainting.tiff,8,1.209625,4.911,14.777375,3.187875,1.40316666666667,25.491125,1
MR-02,MR-02_MR-02_image-00013_ai-inpainting,MR-02_image-00013_ai-inpainting.tiff,9,1.20691666666667,4.91291666666667,15.119625,3.16970833333333,1.39845833333333,25.809625,1
MR-02,MR-02_MR-02_image-00013_ai-inpainting,MR-02_image-00013_ai-inpainting.tiff,10,1.20958333333333,4.90804166666667,14.8192083333333,3.17808333333333,1.40525,25.522125,1
MR-02,MR-02_MR-02_image-00013_synthetic-lesion-insertion,MR-02_image-00013_synthetic-lesion-insertion.tiff,1,1.22866666666667,5.00258333333333,15.4511666666667,3.32595833333333,1.59575,26.6103333333333,1
MR-02,MR-02_MR-02_image-00013_synthetic-lesion-insertion,MR-02_image-00013_synthetic-lesion-insertion.tiff,2,1.23170833333333,4.97458333333333,15.1929583333333,3.342625,1.43120833333333,26.1769583333333,1
MR-02,MR-02_MR-02_image-00013_synthetic-lesion-insertion,MR-02_image-00013_synthetic-lesion-insertion.tiff,3,1.210125,4.95175,15.0730416666667,3.34375,1.41670833333333,25.998125,1
MR-02,MR-02_MR-02_image-00013_synthetic-lesion-insertion,MR-02_image-00013_synthetic-lesion-insertion.tiff,4,1.21708333333333,4.948,15.12375,3.357875,1.422125,26.071,1
MR-02,MR-02_MR-02_image-00013_synthetic-lesion-insertion,MR-02_image-00013_synthetic-lesion-insertion.tiff,5,1.204875,4.963875,15.3029583333333,3.34216666666667,1.408125,26.2243333333333,1
MR-02,MR-02_MR-02_image-00013_synthetic-lesion-insertion,MR-02_image-00013_synthetic-lesion-insertion.tiff,6,1.20770833333333,4.93979166666667,15.2930416666667,3.3435,1.397875,26.1842083333333,1
MR-02,MR-02_MR-02_image-00013_synthetic-lesion-insertion,MR-02_image-00013_synthetic-lesion-insertion.tiff,7,1.22175,4.94095833333333,15.1544583333333,3.313875,1.39179166666667,26.0248333333333,1
MR-02,MR-02_MR-02_image-00013_synthetic-lesion-insertion,MR-02_image-00013_synthetic-lesion-insertion.tiff,8,1.22408333333333,4.95566666666667,15.173875,3.32570833333333,1.39745833333333,26.078875,1
MR-02,MR-02_MR-02_image-00013_synthetic-lesion-insertion,MR-02_image-00013_synthetic-lesion-insertion.tiff,9,1.21804166666667,4.95054166666667,15.1340833333333,3.444375,1.48225,26.2328333333333,1
MR-02,MR-02_MR-02_image-00013_synthetic-lesion-insertion,MR-02_image-00013_synthetic-lesion-insertion.tiff,10,1.22929166666667,4.93675,15.5993333333333,3.43416666666667,1.42529166666667,26.628,1
MR-02,MR-02_MR-02_image-00013_synthetic-lesion-modification,MR-02_image-00013_synthetic-lesion-modification.tiff,1,1.24441666666667,4.9835,14.7635416666667,3.152625,1.49766666666667,25.647875,1
MR-02,MR-02_MR-02_image-00013_synthetic-lesion-modification,MR-02_image-00013_synthetic-lesion-modification.tiff,2,1.22591666666667,5.03475,14.6415,3.328875,1.44108333333333,25.676,1
MR-02,MR-02_MR-02_image-00013_synthetic-lesion-modification,MR-02_image-00013_synthetic-lesion-modification.tiff,3,1.22154166666667,4.93483333333333,14.95025,3.28158333333333,1.42625,25.817625,1
MR-02,MR-02_MR-02_image-00013_synthetic-lesion-modification,MR-02_image-00013_synthetic-lesion-modification.tiff,4,1.2205,4.94979166666667,14.9165416666667,3.27845833333333,1.44520833333333,25.8130416666667,1
MR-02,MR-02_MR-02_image-00013_synthetic-lesion-modification,MR-02_image-00013_synthetic-lesion-modification.tiff,5,1.23279166666667,4.93070833333333,15.0214583333333,3.16783333333333,1.509625,25.8660416666667,1
MR-02,MR-02_MR-02_image-00013_synthetic-lesion-modification,MR-02_image-00013_synthetic-lesion-modification.tiff,6,1.23829166666667,4.95320833333333,14.3483333333333,3.20254166666667,1.43575,25.1815,1
MR-02,MR-02_MR-02_image-00013_synthetic-lesion-modification,MR-02_image-00013_synthetic-lesion-modification.tiff,7,1.22670833333333,4.934875,14.5532916666667,3.17666666666667,1.41804166666667,25.3125833333333,1
MR-02,MR-02_MR-02_image-00013_synthetic-lesion-modification,MR-02_image-00013_synthetic-lesion-modification.tiff,8,1.21570833333333,4.92191666666667,14.6714166666667,3.164875,1.422125,25.398625,1
MR-02,MR-02_MR-02_image-00013_synthetic-lesion-modification,MR-02_image-00013_synthetic-lesion-modification.tiff,9,1.22241666666667,4.91145833333333,14.3799166666667,3.11095833333333,1.413375,25.0404583333333,1
MR-02,MR-02_MR-02_image-00013_synthetic-lesion-modification,MR-02_image-00013_synthetic-lesion-modification.tiff,10,1.21379166666667,4.91975,14.4566666666667,3.15291666666667,1.413625,25.1590416666667,1
MR-02,MR-02_MR-02_image-00013_synthetic-lesion-removal,MR-02_image-00013_synthetic-lesion-removal.tiff,1,1.22304166666667,4.96541666666667,15.0248333333333,3.42933333333333,1.49566666666667,26.1424166666667,1
MR-02,MR-02_MR-02_image-00013_synthetic-lesion-removal,MR-02_image-00013_synthetic-lesion-removal.tiff,2,1.22641666666667,4.999,15.3120416666667,3.42875,1.44454166666667,26.4142083333333,1
MR-02,MR-02_MR-02_image-00013_synthetic-lesion-removal,MR-02_image-00013_synthetic-lesion-removal.tiff,3,1.21825,4.9545,15.5496666666667,3.37033333333333,1.43966666666667,26.5353333333333,1
MR-02,MR-02_MR-02_image-00013_synthetic-lesion-removal,MR-02_image-00013_synthetic-lesion-removal.tiff,4,1.22741666666667,4.9755,14.9899166666667,3.37454166666667,1.42054166666667,25.9905,1
MR-02,MR-02_MR-02_image-00013_synthetic-lesion-removal,MR-02_image-00013_synthetic-lesion-removal.tiff,5,1.21933333333333,4.96841666666667,15.3291666666667,3.37279166666667,1.41491666666667,26.307125,1
MR-02,MR-02_MR-02_image-00013_synthetic-lesion-removal,MR-02_image-00013_synthetic-lesion-removal.tiff,6,1.231625,4.93270833333333,15.32425,3.347375,1.41633333333333,26.2547916666667,1
MR-02,MR-02_MR-02_image-00013_synthetic-lesion-removal,MR-02_image-00013_synthetic-lesion-removal.tiff,7,1.21654166666667,4.919,15.2566666666667,3.341875,1.41004166666667,26.1465416666667,1
MR-02,MR-02_MR-02_image-00013_synthetic-lesion-removal,MR-02_image-00013_synthetic-lesion-removal.tiff,8,1.21716666666667,4.906125,15.142,3.360625,1.40066666666667,26.0289166666667,1
MR-02,MR-02_MR-02_image-00013_synthetic-lesion-removal,MR-02_image-00013_synthetic-lesion-removal.tiff,9,1.20483333333333,4.932625,15.1176666666667,3.33641666666667,1.60666666666667,26.2003333333333,1
MR-02,MR-02_MR-02_image-00013_synthetic-lesion-removal,MR-02_image-00013_synthetic-lesion-removal.tiff,10,1.22966666666667,4.94416666666667,14.741875,3.22508333333333,1.42233333333333,25.5660833333333,1
MR-03,MR-03_MR-03_image-00004_ai-denoising,MR-03_image-00004_ai-denoising.tiff,1,1.21983333333333,4.92816666666667,12.692375,3.28608333333333,1.41629166666667,23.5456666666667,1
MR-03,MR-03_MR-03_image-00004_ai-denoising,MR-03_image-00004_ai-denoising.tiff,2,1.21770833333333,4.93141666666667,12.7659583333333,3.28591666666667,1.419375,23.6228333333333,1
MR-03,MR-03_MR-03_image-00004_ai-denoising,MR-03_image-00004_ai-denoising.tiff,3,1.21333333333333,4.92158333333333,12.6623333333333,3.2865,1.41304166666667,23.49925,1
MR-03,MR-03_MR-03_image-00004_ai-denoising,MR-03_image-00004_ai-denoising.tiff,4,1.21208333333333,4.924625,12.519875,3.22820833333333,1.41258333333333,23.2995416666667,1
MR-03,MR-03_MR-03_image-00004_ai-denoising,MR-03_image-00004_ai-denoising.tiff,5,1.2215,4.94120833333333,12.92775,3.37795833333333,1.60504166666667,24.0793333333333,1
MR-03,MR-03_MR-03_image-00004_ai-denoising,MR-03_image-00004_ai-denoising.tiff,6,1.23725,4.96129166666667,13.0560416666667,3.34854166666667,1.582375,24.1927083333333,1
MR-03,MR-03_MR-03_image-00004_ai-denoising,MR-03_image-00004_ai-denoising.tiff,7,1.23641666666667,4.97579166666667,13.1479166666667,3.2305,1.45445833333333,24.0496666666667,1
MR-03,MR-03_MR-03_image-00004_ai-denoising,MR-03_image-00004_ai-denoising.tiff,8,1.22075,4.97491666666667,12.9292916666667,3.328125,1.43475,23.89075,1
MR-03,MR-03_MR-03_image-00004_ai-denoising,MR-03_image-00004_ai-denoising.tiff,9,1.22770833333333,4.94820833333333,13.0650416666667,3.28433333333333,1.420375,23.9480416666667,1
MR-03,MR-03_MR-03_image-00004_ai-denoising,MR-03_image-00004_ai-denoising.tiff,10,1.21745833333333,4.94941666666667,13.1174583333333,3.28404166666667,1.41333333333333,23.984125,1
MR-03,MR-03_MR-03_image-00004_ai-inpainting,MR-03_image-00004_ai-inpainting.tiff,1,1.22970833333333,4.95470833333333,12.99,3.4685,1.45720833333333,24.1046666666667,1
MR-03,MR-03_MR-03_image-00004_ai-inpainting,MR-03_image-00004_ai-inpainting.tiff,2,1.21708333333333,4.97129166666667,13.3802916666667,3.35466666666667,1.424625,24.3509166666667,1
MR-03,MR-03_MR-03_image-00004_ai-inpainting,MR-03_image-00004_ai-inpainting.tiff,3,1.21495833333333,4.982125,13.0699166666667,3.33554166666667,1.419625,24.0245416666667,1
MR-03,MR-03_MR-03_image-00004_ai-inpainting,MR-03_image-00004_ai-inpainting.tiff,4,1.22429166666667,4.9735,13.2122916666667,3.29041666666667,1.40383333333333,24.1065,1
MR-03,MR-03_MR-03_image-00004_ai-inpainting,MR-03_image-00004_ai-inpainting.tiff,5,1.21158333333333,4.958,13.2064166666667,3.33933333333333,1.40691666666667,24.1244166666667,1
MR-03,MR-03_MR-03_image-00004_ai-inpainting,MR-03_image-00004_ai-inpainting.tiff,6,1.20708333333333,4.956125,13.1820833333333,3.24845833333333,1.41866666666667,24.01425,1
MR-03,MR-03_MR-03_image-00004_ai-inpainting,MR-03_image-00004_ai-inpainting.tiff,7,1.21608333333333,4.973375,13.1795833333333,3.27808333333333,1.66595833333333,24.31525,1
MR-03,MR-03_MR-03_image-00004_ai-inpainting,MR-03_image-00004_ai-inpainting.tiff,8,1.214875,4.94958333333333,12.684,3.32475,1.42883333333333,23.605125,1
MR-03,MR-03_MR-03_image-00004_ai-inpainting,MR-03_image-00004_ai-inpainting.tiff,9,1.22195833333333,4.94170833333333,13.0495416666667,3.29279166666667,1.42008333333333,23.928625,1
MR-03,MR-03_MR-03_image-00004_ai-inpainting,MR-03_image-00004_ai-inpainting.tiff,10,1.20820833333333,4.940875,12.7450833333333,3.41945833333333,1.408625,23.7245416666667,1
MR-03,MR-03_MR-03_image-00004_synthetic-lesion-insertion,MR-03_image-00004_synthetic-lesion-insertion.tiff,1,1.23833333333333,4.972,12.9027083333333,3.34654166666667,1.45041666666667,23.9134583333333,1
MR-03,MR-03_MR-03_image-00004_synthetic-lesion-insertion,MR-03_image-00004_synthetic-lesion-insertion.tiff,2,1.224125,5.00545833333333,13.3256666666667,3.313,1.41525,24.286875,1
MR-03,MR-03_MR-03_image-00004_synthetic-lesion-insertion,MR-03_image-00004_synthetic-lesion-insertion.tiff,3,1.2175,4.949125,13.1637916666667,3.296625,1.4015,24.031,1
MR-03,MR-03_MR-03_image-00004_synthetic-lesion-insertion,MR-03_image-00004_synthetic-lesion-insertion.tiff,4,1.224875,4.95591666666667,13.1396666666667,3.37804166666667,1.40566666666667,24.1065833333333,1
MR-03,MR-03_MR-03_image-00004_synthetic-lesion-insertion,MR-03_image-00004_synthetic-lesion-insertion.tiff,5,1.21133333333333,4.9405,12.9560416666667,3.34270833333333,1.41683333333333,23.8695,1
MR-03,MR-03_MR-03_image-00004_synthetic-lesion-insertion,MR-03_image-00004_synthetic-lesion-insertion.tiff,6,1.22041666666667,4.95133333333333,12.892,3.37720833333333,1.416125,23.859125,1
MR-03,MR-03_MR-03_image-00004_synthetic-lesion-insertion,MR-03_image-00004_synthetic-lesion-insertion.tiff,7,1.208875,5.00004166666667,12.940875,3.215375,1.50270833333333,23.8725416666667,1
MR-03,MR-03_MR-03_image-00004_synthetic-lesion-insertion,MR-03_image-00004_synthetic-lesion-insertion.tiff,8,1.232,4.96616666666667,12.55775,3.13491666666667,1.446375,23.3404583333333,1
MR-03,MR-03_MR-03_image-00004_synthetic-lesion-insertion,MR-03_image-00004_synthetic-lesion-insertion.tiff,9,1.2305,4.954875,12.7985416666667,3.182,1.419625,23.5884166666667,1
MR-03,MR-03_MR-03_image-00004_synthetic-lesion-insertion,MR-03_image-00004_synthetic-lesion-insertion.tiff,10,1.21591666666667,4.94716666666667,12.6284166666667,3.21216666666667,1.40608333333333,23.4122083333333,1
MR-03,MR-03_MR-03_image-00004_synthetic-lesion-modification,MR-03_image-00004_synthetic-lesion-modification.tiff,1,1.229375,4.98975,12.9004583333333,3.39216666666667,1.44791666666667,23.9645833333333,1
MR-03,MR-03_MR-03_image-00004_synthetic-lesion-modification,MR-03_image-00004_synthetic-lesion-modification.tiff,2,1.21020833333333,4.98058333333333,12.920875,3.37458333333333,1.42029166666667,23.9095416666667,1
MR-03,MR-03_MR-03_image-00004_synthetic-lesion-modification,MR-03_image-00004_synthetic-lesion-modification.tiff,3,1.21941666666667,4.93833333333333,12.9824166666667,3.15441666666667,1.51025,23.8090833333333,1
MR-03,MR-03_MR-03_image-00004_synthetic-lesion-modification,MR-03_image-00004_synthetic-lesion-modification.tiff,4,1.22816666666667,4.985,12.39275,3.20266666666667,1.450625,23.26275,1
MR-03,MR-03_MR-03_image-00004_synthetic-lesion-modification,MR-03_image-00004_synthetic-lesion-modification.tiff,5,1.21466666666667,4.991,12.7652083333333,3.32983333333333,1.64920833333333,23.9528333333333,1
MR-03,MR-03_MR-03_image-00004_synthetic-lesion-modification,MR-03_image-00004_synthetic-lesion-modification.tiff,6,1.225,4.962,13.1215833333333,3.34616666666667,1.42091666666667,24.0785,1
MR-03,MR-03_MR-03_image-00004_synthetic-lesion-modification,MR-03_image-00004_synthetic-lesion-modification.tiff,7,1.22708333333333,4.9525,13.0785,3.35229166666667,1.415,24.0277083333333,1
MR-03,MR-03_MR-03_image-00004_synthetic-lesion-modification,MR-03_image-00004_synthetic-lesion-modification.tiff,8,1.22020833333333,4.943375,12.830125,3.38058333333333,1.42091666666667,23.7975,1
MR-03,MR-03_MR-03_image-00004_synthetic-lesion-modification,MR-03_image-00004_synthetic-lesion-modification.tiff,9,1.22804166666667,4.94183333333333,12.8329166666667,3.36025,1.40995833333333,23.7753333333333,1
MR-03,MR-03_MR-03_image-00004_synthetic-lesion-modification,MR-03_image-00004_synthetic-lesion-modification.tiff,10,1.21854166666667,4.93966666666667,12.6459583333333,3.10216666666667,1.44633333333333,23.355375,1
MR-03,MR-03_MR-03_image-00004_synthetic-lesion-removal,MR-03_image-00004_synthetic-lesion-removal.tiff,1,1.227625,5.22404166666667,13.0979583333333,3.25575,1.43979166666667,24.2504166666667,1
MR-03,MR-03_MR-03_image-00004_synthetic-lesion-removal,MR-03_image-00004_synthetic-lesion-removal.tiff,2,1.21641666666667,4.99341666666667,12.99725,3.25645833333333,1.41566666666667,23.8823333333333,1
MR-03,MR-03_MR-03_image-00004_synthetic-lesion-removal,MR-03_image-00004_synthetic-lesion-removal.tiff,3,1.213125,4.91825,12.9912916666667,3.289875,1.40716666666667,23.82225,1
MR-03,MR-03_MR-03_image-00004_synthetic-lesion-removal,MR-03_image-00004_synthetic-lesion-removal.tiff,4,1.219,4.929,12.8827083333333,3.21875,1.477625,23.7294583333333,1
MR-03,MR-03_MR-03_image-00004_synthetic-lesion-removal,MR-03_image-00004_synthetic-lesion-removal.tiff,5,1.222,5.00666666666667,12.9165,3.23270833333333,1.42458333333333,23.804875,1
MR-03,MR-03_MR-03_image-00004_synthetic-lesion-removal,MR-03_image-00004_synthetic-lesion-removal.tiff,6,1.21629166666667,4.92754166666667,12.6467083333333,3.274875,1.410625,23.4782916666667,1
MR-03,MR-03_MR-03_image-00004_synthetic-lesion-removal,MR-03_image-00004_synthetic-lesion-removal.tiff,7,1.21220833333333,4.92466666666667,12.9646666666667,3.24766666666667,1.43783333333333,23.7892083333333,1
MR-03,MR-03_MR-03_image-00004_synthetic-lesion-removal,MR-03_image-00004_synthetic-lesion-removal.tiff,8,1.229125,4.99345833333333,13.0749166666667,3.292875,1.41016666666667,24.003375,1
MR-03,MR-03_MR-03_image-00004_synthetic-lesion-removal,MR-03_image-00004_synthetic-lesion-removal.tiff,9,1.2185,4.91816666666667,12.9261666666667,3.21008333333333,1.40454166666667,23.6797916666667,1
MR-03,MR-03_MR-03_image-00004_synthetic-lesion-removal,MR-03_image-00004_synthetic-lesion-removal.tiff,10,1.22020833333333,4.91891666666667,12.9479166666667,3.27729166666667,1.39479166666667,23.76125,1
MR-03,MR-03_MR-03_image-00010_ai-denoising,MR-03_image-00010_ai-denoising.tiff,1,1.2245,4.99108333333333,13.282375,3.27770833333333,1.61745833333333,24.3985,1
MR-03,MR-03_MR-03_image-00010_ai-denoising,MR-03_image-00010_ai-denoising.tiff,2,1.22604166666667,4.96733333333333,12.6100416666667,3.19758333333333,1.449125,23.4545833333333,1
MR-03,MR-03_MR-03_image-00010_ai-denoising,MR-03_image-00010_ai-denoising.tiff,3,1.27729166666667,4.962875,12.6861666666667,3.33095833333333,1.67654166666667,23.9372916666667,1
MR-03,MR-03_MR-03_image-00010_ai-denoising,MR-03_image-00010_ai-denoising.tiff,4,1.23095833333333,4.95633333333333,13.2237083333333,3.38208333333333,1.441375,24.2381666666667,1
MR-03,MR-03_MR-03_image-00010_ai-denoising,MR-03_image-00010_ai-denoising.tiff,5,1.22279166666667,4.93020833333333,13.2107916666667,3.30345833333333,1.41729166666667,24.0874583333333,1
MR-03,MR-03_MR-03_image-00010_ai-denoising,MR-03_image-00010_ai-denoising.tiff,6,1.21754166666667,4.90595833333333,13.3535833333333,3.318875,1.40554166666667,24.2040833333333,1
MR-03,MR-03_MR-03_image-00010_ai-denoising,MR-03_image-00010_ai-denoising.tiff,7,1.21941666666667,4.93254166666667,13.0994166666667,3.29729166666667,1.41679166666667,23.9677916666667,1
MR-03,MR-03_MR-03_image-00010_ai-denoising,MR-03_image-00010_ai-denoising.tiff,8,1.20620833333333,4.91795833333333,13.1364166666667,3.327625,1.403,23.9934166666667,1
MR-03,MR-03_MR-03_image-00010_ai-denoising,MR-03_image-00010_ai-denoising.tiff,9,1.2175,4.91554166666667,13.167125,3.31970833333333,1.41183333333333,24.0339583333333,1
MR-03,MR-03_MR-03_image-00010_ai-denoising,MR-03_image-00010_ai-denoising.tiff,10,1.22908333333333,4.934375,13.1476666666667,3.25425,1.407875,23.975375,1
MR-03,MR-03_MR-03_image-00010_ai-inpainting,MR-03_image-00010_ai-inpainting.tiff,1,1.222125,5.0325,12.7785,3.25195833333333,1.682875,23.9743333333333,1
MR-03,MR-03_MR-03_image-00010_ai-inpainting,MR-03_image-00010_ai-inpainting.tiff,2,1.23483333333333,4.96520833333333,12.1422083333333,3.044375,1.494125,22.8859583333333,1
MR-03,MR-03_MR-03_image-00010_ai-inpainting,MR-03_image-00010_ai-inpainting.tiff,3,1.20766666666667,4.93616666666667,12.6140416666667,3.373875,1.41570833333333,23.550375,1
MR-03,MR-03_MR-03_image-00010_ai-inpainting,MR-03_image-00010_ai-inpainting.tiff,4,1.22441666666667,4.925625,12.4644166666667,3.4105,1.40379166666667,23.4312916666667,1
MR-03,MR-03_MR-03_image-00010_ai-inpainting,MR-03_image-00010_ai-inpainting.tiff,5,1.21070833333333,4.92395833333333,12.5558333333333,3.3045,1.40345833333333,23.40075,1
MR-03,MR-03_MR-03_image-00010_ai-inpainting,MR-03_image-00010_ai-inpainting.tiff,6,1.21525,4.91458333333333,12.4565416666667,3.34316666666667,1.39995833333333,23.3316666666667,1
MR-03,MR-03_MR-03_image-00010_ai-inpainting,MR-03_image-00010_ai-inpainting.tiff,7,1.20954166666667,4.92825,12.407,3.304875,1.39533333333333,23.247125,1
MR-03,MR-03_MR-03_image-00010_ai-inpainting,MR-03_image-00010_ai-inpainting.tiff,8,1.20591666666667,4.94166666666667,12.5364583333333,3.33516666666667,1.40041666666667,23.4218333333333,1
MR-03,MR-03_MR-03_image-00010_ai-inpainting,MR-03_image-00010_ai-inpainting.tiff,9,1.20745833333333,4.90633333333333,12.4905833333333,3.38125,1.40758333333333,23.395375,1
MR-03,MR-03_MR-03_image-00010_ai-inpainting,MR-03_image-00010_ai-inpainting.tiff,10,1.20875,4.919875,12.6855,3.38245833333333,1.40791666666667,23.6064583333333,1
MR-03,MR-03_MR-03_image-00010_synthetic-lesion-insertion,MR-03_image-00010_synthetic-lesion-insertion.tiff,1,1.23779166666667,4.92808333333333,12.4703333333333,3.136375,1.76929166666667,23.545125,1
MR-03,MR-03_MR-03_image-00010_synthetic-lesion-insertion,MR-03_image-00010_synthetic-lesion-insertion.tiff,2,1.28416666666667,5.001,12.9243333333333,3.20004166666667,1.61945833333333,24.0369166666667,1
MR-03,MR-03_MR-03_image-00010_synthetic-lesion-insertion,MR-03_image-00010_synthetic-lesion-insertion.tiff,3,1.2425,4.98025,12.5401666666667,3.33816666666667,1.43408333333333,23.5402083333333,1
MR-03,MR-03_MR-03_image-00010_synthetic-lesion-insertion,MR-03_image-00010_synthetic-lesion-insertion.tiff,4,1.222625,4.91820833333333,12.7248333333333,3.26675,1.420375,23.5557916666667,1
MR-03,MR-03_MR-03_image-00010_synthetic-lesion-insertion,MR-03_image-00010_synthetic-lesion-insertion.tiff,5,1.21283333333333,4.93166666666667,12.7703333333333,3.295,1.426125,23.6382916666667,1
MR-03,MR-03_MR-03_image-00010_synthetic-lesion-insertion,MR-03_image-00010_synthetic-lesion-insertion.tiff,6,1.21054166666667,4.93829166666667,12.8883333333333,3.26670833333333,1.41608333333333,23.7222916666667,1
MR-03,MR-03_MR-03_image-00010_synthetic-lesion-insertion,MR-03_image-00010_synthetic-lesion-insertion.tiff,7,1.22316666666667,4.95279166666667,12.9152916666667,3.30008333333333,1.42245833333333,23.8160416666667,1
MR-03,MR-03_MR-03_image-00010_synthetic-lesion-insertion,MR-03_image-00010_synthetic-lesion-insertion.tiff,8,1.21941666666667,4.96379166666667,12.7410416666667,3.29754166666667,1.50525,23.73025,1
MR-03,MR-03_MR-03_image-00010_synthetic-lesion-insertion,MR-03_image-00010_synthetic-lesion-insertion.tiff,9,1.2335,4.96475,12.412,3.08720833333333,1.43516666666667,23.136125,1
MR-03,MR-03_MR-03_image-00010_synthetic-lesion-insertion,MR-03_image-00010_synthetic-lesion-insertion.tiff,10,1.21879166666667,4.95041666666667,12.576125,3.24741666666667,1.42383333333333,23.419125,1
MR-03,MR-03_MR-03_image-00010_synthetic-lesion-modification,MR-03_image-00010_synthetic-lesion-modification.tiff,1,1.21079166666667,4.922875,12.9488333333333,3.20658333333333,1.39975,23.6915833333333,1
MR-03,MR-03_MR-03_image-00010_synthetic-lesion-modification,MR-03_image-00010_synthetic-lesion-modification.tiff,2,1.20995833333333,4.93479166666667,13.080375,3.32858333333333,1.6535,24.2124166666667,1
MR-03,MR-03_MR-03_image-00010_synthetic-lesion-modification,MR-03_image-00010_synthetic-lesion-modification.tiff,3,1.24354166666667,5.013125,12.8937083333333,3.1915,1.44875,23.7960416666667,1
MR-03,MR-03_MR-03_image-00010_synthetic-lesion-modification,MR-03_image-00010_synthetic-lesion-modification.tiff,4,1.26841666666667,4.99358333333333,13.4074583333333,3.312375,1.68783333333333,24.6762083333333,1
MR-03,MR-03_MR-03_image-00010_synthetic-lesion-modification,MR-03_image-00010_synthetic-lesion-modification.tiff,5,1.27075,5.12708333333333,13.262125,3.314125,1.62129166666667,24.6037916666667,1
MR-03,MR-03_MR-03_image-00010_synthetic-lesion-modification,MR-03_image-00010_synthetic-lesion-modification.tiff,6,2.21329166666667,10.259375,13.846625,3.37158333333333,1.675625,31.3802083333333,1
MR-03,MR-03_MR-03_image-00010_synthetic-lesion-modification,MR-03_image-00010_synthetic-lesion-modification.tiff,7,1.274125,5.124125,12.95125,3.26225,1.636125,24.2569583333333,1
MR-03,MR-03_MR-03_image-00010_synthetic-lesion-modification,MR-03_image-00010_synthetic-lesion-modification.tiff,8,1.24970833333333,5.039375,12.6894166666667,3.20383333333333,1.498875,23.68675,1
MR-03,MR-03_MR-03_image-00010_synthetic-lesion-modification,MR-03_image-00010_synthetic-lesion-modification.tiff,9,1.226,4.94970833333333,12.56375,3.22016666666667,1.474875,23.4382916666667,1
MR-03,MR-03_MR-03_image-00010_synthetic-lesion-modification,MR-03_image-00010_synthetic-lesion-modification.tiff,10,1.23920833333333,5.02995833333333,12.400125,3.17058333333333,1.50270833333333,23.3456666666667,1
MR-03,MR-03_MR-03_image-00010_synthetic-lesion-removal,MR-03_image-00010_synthetic-lesion-removal.tiff,1,1.21575,4.93879166666667,12.4151666666667,3.25341666666667,1.42441666666667,23.2506666666667,1
MR-03,MR-03_MR-03_image-00010_synthetic-lesion-removal,MR-03_image-00010_synthetic-lesion-removal.tiff,2,1.21933333333333,4.93795833333333,12.717375,3.20295833333333,1.545125,23.6267083333333,1
MR-03,MR-03_MR-03_image-00010_synthetic-lesion-removal,MR-03_image-00010_synthetic-lesion-removal.tiff,3,1.22195833333333,5.10654166666667,12.7552083333333,3.32770833333333,1.58854166666667,24.0074583333333,1
MR-03,MR-03_MR-03_image-00010_synthetic-lesion-removal,MR-03_image-00010_synthetic-lesion-removal.tiff,4,1.23354166666667,4.95066666666667,13.12275,3.318125,1.50283333333333,24.1329166666667,1
MR-03,MR-03_MR-03_image-00010_synthetic-lesion-removal,MR-03_image-00010_synthetic-lesion-removal.tiff,5,1.2325,4.96025,12.4989166666667,3.2765,1.44183333333333,23.4142083333333,1
MR-03,MR-03_MR-03_image-00010_synthetic-lesion-removal,MR-03_image-00010_synthetic-lesion-removal.tiff,6,1.20804166666667,4.93520833333333,12.9329583333333,3.45458333333333,1.427625,23.9615833333333,1
MR-03,MR-03_MR-03_image-00010_synthetic-lesion-removal,MR-03_image-00010_synthetic-lesion-removal.tiff,7,1.22829166666667,4.93329166666667,13.071,3.352625,1.42025,24.008375,1
MR-03,MR-03_MR-03_image-00010_synthetic-lesion-removal,MR-03_image-00010_synthetic-lesion-removal.tiff,8,1.23083333333333,5.00658333333333,13.0306666666667,3.30129166666667,1.47504166666667,24.0479583333333,1
MR-03,MR-03_MR-03_image-00010_synthetic-lesion-removal,MR-03_image-00010_synthetic-lesion-removal.tiff,9,1.34483333333333,4.964875,12.8300416666667,3.271,1.43204166666667,23.8457083333333,1
MR-03,MR-03_MR-03_image-00010_synthetic-lesion-removal,MR-03_image-00010_synthetic-lesion-removal.tiff,10,1.27979166666667,4.92958333333333,13.0672916666667,3.25733333333333,1.41075,23.9470416666667,1
MR-03,MR-03_MR-03_image-00016_ai-denoising,MR-03_image-00016_ai-denoising.tiff,1,1.384,4.98104166666667,13.04325,3.33129166666667,1.41970833333333,24.162625,1
MR-03,MR-03_MR-03_image-00016_ai-denoising,MR-03_image-00016_ai-denoising.tiff,2,1.21504166666667,4.935125,12.6797916666667,3.21116666666667,1.45525,23.4989583333333,1
MR-03,MR-03_MR-03_image-00016_ai-denoising,MR-03_image-00016_ai-denoising.tiff,3,1.26175,5.08875,13.2495833333333,3.348,1.52333333333333,24.4787083333333,1
MR-03,MR-03_MR-03_image-00016_ai-denoising,MR-03_image-00016_ai-denoising.tiff,4,1.22,4.94516666666667,12.768375,3.2905,1.500625,23.7297083333333,1
MR-03,MR-03_MR-03_image-00016_ai-denoising,MR-03_image-00016_ai-denoising.tiff,5,1.22495833333333,4.93816666666667,12.7122083333333,3.32454166666667,1.44166666666667,23.6450833333333,1
MR-03,MR-03_MR-03_image-00016_ai-denoising,MR-03_image-00016_ai-denoising.tiff,6,1.219,4.922375,12.99775,3.25108333333333,1.42775,23.82075,1
MR-03,MR-03_MR-03_image-00016_ai-denoising,MR-03_image-00016_ai-denoising.tiff,7,1.21479166666667,4.96104166666667,12.6845,3.34025,1.43595833333333,23.639,1
MR-03,MR-03_MR-03_image-00016_ai-denoising,MR-03_image-00016_ai-denoising.tiff,8,1.213,4.95541666666667,12.668875,3.29391666666667,1.40933333333333,23.5429166666667,1
MR-03,MR-03_MR-03_image-00016_ai-denoising,MR-03_image-00016_ai-denoising.tiff,9,1.21695833333333,4.93125,12.8265416666667,3.24316666666667,1.67329166666667,23.89375,1
MR-03,MR-03_MR-03_image-00016_ai-denoising,MR-03_image-00016_ai-denoising.tiff,10,1.22375,5.01841666666667,12.725375,3.392375,1.4305,23.7942916666667,1
MR-03,MR-03_MR-03_image-00016_ai-inpainting,MR-03_image-00016_ai-inpainting.tiff,1,1.2245,4.93191666666667,13.1214583333333,3.35016666666667,1.41404166666667,24.0448333333333,1
MR-03,MR-03_MR-03_image-00016_ai-inpainting,MR-03_image-00016_ai-inpainting.tiff,2,1.21783333333333,4.93333333333333,13.1034166666667,3.34891666666667,1.41425,24.0200833333333,1
MR-03,MR-03_MR-03_image-00016_ai-inpainting,MR-03_image-00016_ai-inpainting.tiff,3,1.21029166666667,4.92329166666667,13.178875,3.33970833333333,1.54983333333333,24.2063333333333,1
MR-03,MR-03_MR-03_image-00016_ai-inpainting,MR-03_image-00016_ai-inpainting.tiff,4,1.25729166666667,5.113375,13.3377916666667,3.35325,1.54558333333333,24.6144166666667,1
MR-03,MR-03_MR-03_image-00016_ai-inpainting,MR-03_image-00016_ai-inpainting.tiff,5,1.22216666666667,4.93275,12.9817083333333,3.44266666666667,1.431125,24.0140833333333,1
MR-03,MR-03_MR-03_image-00016_ai-inpainting,MR-03_image-00016_ai-inpainting.tiff,6,1.23320833333333,4.93779166666667,13.1022916666667,3.45616666666667,1.41104166666667,24.1434583333333,1
MR-03,MR-03_MR-03_image-00016_ai-inpainting,MR-03_image-00016_ai-inpainting.tiff,7,1.216125,4.916125,13.1157916666667,3.46820833333333,1.41304166666667,24.1314583333333,1
MR-03,MR-03_MR-03_image-00016_ai-inpainting,MR-03_image-00016_ai-inpainting.tiff,8,1.21916666666667,4.91916666666667,13.2590833333333,3.451375,1.40304166666667,24.2540833333333,1
MR-03,MR-03_MR-03_image-00016_ai-inpainting,MR-03_image-00016_ai-inpainting.tiff,9,1.219375,4.91895833333333,13.1684583333333,3.16129166666667,1.46725,23.9379166666667,1
MR-03,MR-03_MR-03_image-00016_ai-inpainting,MR-03_image-00016_ai-inpainting.tiff,10,1.21195833333333,4.94658333333333,12.8897916666667,3.25604166666667,1.41475,23.7217083333333,1
MR-03,MR-03_MR-03_image-00016_synthetic-lesion-insertion,MR-03_image-00016_synthetic-lesion-insertion.tiff,1,1.209875,4.92475,12.922875,3.21520833333333,1.428375,23.7039166666667,1
MR-03,MR-03_MR-03_image-00016_synthetic-lesion-insertion,MR-03_image-00016_synthetic-lesion-insertion.tiff,2,1.21929166666667,4.927125,12.9000416666667,3.223875,1.40829166666667,23.6810833333333,1
MR-03,MR-03_MR-03_image-00016_synthetic-lesion-insertion,MR-03_image-00016_synthetic-lesion-insertion.tiff,3,1.21275,4.94208333333333,12.7830416666667,3.25783333333333,1.40708333333333,23.605125,1
MR-03,MR-03_MR-03_image-00016_synthetic-lesion-insertion,MR-03_image-00016_synthetic-lesion-insertion.tiff,4,1.34004166666667,6.20466666666667,13.4919166666667,3.40958333333333,1.70779166666667,26.1843333333333,1
MR-03,MR-03_MR-03_image-00016_synthetic-lesion-insertion,MR-03_image-00016_synthetic-lesion-insertion.tiff,5,1.28083333333333,5.11183333333333,14.8607916666667,6.07554166666667,1.679,29.02125,1
MR-03,MR-03_MR-03_image-00016_synthetic-lesion-insertion,MR-03_image-00016_synthetic-lesion-insertion.tiff,6,1.30229166666667,5.100375,13.4275,3.59291666666667,2.673,26.1309583333333,1
MR-03,MR-03_MR-03_image-00016_synthetic-lesion-insertion,MR-03_image-00016_synthetic-lesion-insertion.tiff,7,3.11729166666667,5.63833333333333,14.5840416666667,3.35029166666667,2.16095833333333,29.0609583333333,1
MR-03,MR-03_MR-03_image-00016_synthetic-lesion-insertion,MR-03_image-00016_synthetic-lesion-insertion.tiff,8,1.277875,5.111125,13.3340833333333,3.33504166666667,1.63291666666667,24.6984166666667,1
MR-03,MR-03_MR-03_image-00016_synthetic-lesion-insertion,MR-03_image-00016_synthetic-lesion-insertion.tiff,9,1.27654166666667,5.054625,13.3187916666667,3.265125,1.61041666666667,24.5326666666667,1
MR-03,MR-03_MR-03_image-00016_synthetic-lesion-insertion,MR-03_image-00016_synthetic-lesion-insertion.tiff,10,1.25766666666667,4.96575,13.115125,3.21416666666667,1.50441666666667,24.0615833333333,1
MR-03,MR-03_MR-03_image-00016_synthetic-lesion-modification,MR-03_image-00016_synthetic-lesion-modification.tiff,1,1.23391666666667,4.9985,12.5935,3.21608333333333,1.42820833333333,23.4729166666667,1
MR-03,MR-03_MR-03_image-00016_synthetic-lesion-modification,MR-03_image-00016_synthetic-lesion-modification.tiff,2,1.220625,4.919125,12.6732916666667,3.16770833333333,1.447,23.43,1
MR-03,MR-03_MR-03_image-00016_synthetic-lesion-modification,MR-03_image-00016_synthetic-lesion-modification.tiff,3,1.235,4.952125,12.479625,3.25575,1.66404166666667,23.589,1
MR-03,MR-03_MR-03_image-00016_synthetic-lesion-modification,MR-03_image-00016_synthetic-lesion-modification.tiff,4,1.23408333333333,5.02529166666667,12.98025,3.19208333333333,1.53216666666667,23.9680833333333,1
MR-03,MR-03_MR-03_image-00016_synthetic-lesion-modification,MR-03_image-00016_synthetic-lesion-modification.tiff,5,1.22525,4.9585,12.6215,3.312875,1.5125,23.634125,1
MR-03,MR-03_MR-03_image-00016_synthetic-lesion-modification,MR-03_image-00016_synthetic-lesion-modification.tiff,6,1.23304166666667,4.943,12.469625,3.1995,1.46395833333333,23.3122083333333,1
MR-03,MR-03_MR-03_image-00016_synthetic-lesion-modification,MR-03_image-00016_synthetic-lesion-modification.tiff,7,1.23008333333333,4.956125,12.6155416666667,3.12166666666667,1.55545833333333,23.4815416666667,1
MR-03,MR-03_MR-03_image-00016_synthetic-lesion-modification,MR-03_image-00016_synthetic-lesion-modification.tiff,8,1.21516666666667,4.94516666666667,12.4341666666667,3.13466666666667,1.40929166666667,23.1408333333333,1
MR-03,MR-03_MR-03_image-00016_synthetic-lesion-modification,MR-03_image-00016_synthetic-lesion-modification.tiff,9,1.21066666666667,4.91770833333333,12.4486666666667,3.17904166666667,1.40058333333333,23.1585833333333,1
MR-03,MR-03_MR-03_image-00016_synthetic-lesion-modification,MR-03_image-00016_synthetic-lesion-modification.tiff,10,1.21220833333333,4.91816666666667,12.1472083333333,3.09566666666667,1.40320833333333,22.7782916666667,1
MR-03,MR-03_MR-03_image-00016_synthetic-lesion-removal,MR-03_image-00016_synthetic-lesion-removal.tiff,1,1.20704166666667,4.91908333333333,12.7336666666667,3.109,1.40625,23.3772083333333,1
MR-03,MR-03_MR-03_image-00016_synthetic-lesion-removal,MR-03_image-00016_synthetic-lesion-removal.tiff,2,1.21779166666667,4.90866666666667,12.6657916666667,3.13791666666667,1.40341666666667,23.3355416666667,1
MR-03,MR-03_MR-03_image-00016_synthetic-lesion-removal,MR-03_image-00016_synthetic-lesion-removal.tiff,3,1.21629166666667,4.9265,12.5219166666667,3.10608333333333,1.39933333333333,23.1719166666667,1
MR-03,MR-03_MR-03_image-00016_synthetic-lesion-removal,MR-03_image-00016_synthetic-lesion-removal.tiff,4,1.21520833333333,4.912625,12.8769583333333,3.24470833333333,1.60033333333333,23.8536666666667,1
MR-03,MR-03_MR-03_image-00016_synthetic-lesion-removal,MR-03_image-00016_synthetic-lesion-removal.tiff,5,1.22383333333333,4.99541666666667,13.135375,3.35470833333333,1.750875,24.4648333333333,1
MR-03,MR-03_MR-03_image-00016_synthetic-lesion-removal,MR-03_image-00016_synthetic-lesion-removal.tiff,6,1.23433333333333,4.96875,12.6085,3.18833333333333,1.46691666666667,23.47075,1
MR-03,MR-03_MR-03_image-00016_synthetic-lesion-removal,MR-03_image-00016_synthetic-lesion-removal.tiff,7,1.214,4.95558333333333,12.8225416666667,3.18604166666667,1.4195,23.6001666666667,1
MR-03,MR-03_MR-03_image-00016_synthetic-lesion-removal,MR-03_image-00016_synthetic-lesion-removal.tiff,8,1.22354166666667,4.956875,12.8964583333333,3.27145833333333,1.45645833333333,23.8070833333333,1
MR-03,MR-03_MR-03_image-00016_synthetic-lesion-removal,MR-03_image-00016_synthetic-lesion-removal.tiff,9,1.23916666666667,4.94920833333333,12.8468333333333,3.18775,1.42479166666667,23.6499583333333,1
MR-03,MR-03_MR-03_image-00016_synthetic-lesion-removal,MR-03_image-00016_synthetic-lesion-removal.tiff,10,1.21916666666667,4.922375,12.7457916666667,3.193875,1.40529166666667,23.4884166666667,1
MR-04,MR-04_MR-04_image-00008_ai-denoising,MR-04_image-00008_ai-denoising.tiff,1,1.22158333333333,4.95045833333333,21.7695,3.26741666666667,1.48604166666667,32.6982916666667,1
MR-04,MR-04_MR-04_image-00008_ai-denoising,MR-04_image-00008_ai-denoising.tiff,2,1.223875,4.95541666666667,20.9294166666667,3.226,1.43929166666667,31.7769166666667,1
MR-04,MR-04_MR-04_image-00008_ai-denoising,MR-04_image-00008_ai-denoising.tiff,3,1.21895833333333,4.93566666666667,21.9814583333333,3.42758333333333,1.61133333333333,33.1827083333333,1
MR-04,MR-04_MR-04_image-00008_ai-denoising,MR-04_image-00008_ai-denoising.tiff,4,1.231875,4.97829166666667,21.48125,3.43929166666667,1.507375,32.6425416666667,1
MR-04,MR-04_MR-04_image-00008_ai-denoising,MR-04_image-00008_ai-denoising.tiff,5,1.22783333333333,4.94608333333333,21.5431666666667,3.14704166666667,1.44104166666667,32.3083333333333,1
MR-04,MR-04_MR-04_image-00008_ai-denoising,MR-04_image-00008_ai-denoising.tiff,6,1.22695833333333,4.93420833333333,20.9137083333333,3.08633333333333,1.41341666666667,31.5770416666667,1
MR-04,MR-04_MR-04_image-00008_ai-denoising,MR-04_image-00008_ai-denoising.tiff,7,1.223625,4.91975,20.985625,3.10654166666667,1.426375,31.6643333333333,1
MR-04,MR-04_MR-04_image-00008_ai-denoising,MR-04_image-00008_ai-denoising.tiff,8,1.21870833333333,4.91679166666667,20.9874166666667,3.09820833333333,1.40645833333333,31.6297916666667,1
MR-04,MR-04_MR-04_image-00008_ai-denoising,MR-04_image-00008_ai-denoising.tiff,9,1.2145,4.92091666666667,20.8711666666667,3.133375,1.41220833333333,31.554375,1
MR-04,MR-04_MR-04_image-00008_ai-denoising,MR-04_image-00008_ai-denoising.tiff,10,1.22354166666667,4.929625,20.8242083333333,3.20820833333333,1.41033333333333,31.5979583333333,1
MR-04,MR-04_MR-04_image-00008_ai-inpainting,MR-04_image-00008_ai-inpainting.tiff,1,1.23725,4.971375,21.4510833333333,3.37216666666667,1.448125,32.4832083333333,1
MR-04,MR-04_MR-04_image-00008_ai-inpainting,MR-04_image-00008_ai-inpainting.tiff,2,1.21879166666667,4.93233333333333,21.3195833333333,3.29616666666667,1.42004166666667,32.1897083333333,1
MR-04,MR-04_MR-04_image-00008_ai-inpainting,MR-04_image-00008_ai-inpainting.tiff,3,1.2245,4.94841666666667,21.0117916666667,3.34625,1.688625,32.2226666666667,1
MR-04,MR-04_MR-04_image-00008_ai-inpainting,MR-04_image-00008_ai-inpainting.tiff,4,1.23258333333333,4.93558333333333,21.905125,3.41441666666667,1.436375,32.9272916666667,1
MR-04,MR-04_MR-04_image-00008_ai-inpainting,MR-04_image-00008_ai-inpainting.tiff,5,1.21354166666667,4.93008333333333,21.7477916666667,3.43066666666667,1.41241666666667,32.7370833333333,1
MR-04,MR-04_MR-04_image-00008_ai-inpainting,MR-04_image-00008_ai-inpainting.tiff,6,1.21316666666667,4.91675,21.77525,3.42075,1.41741666666667,32.7456666666667,1
MR-04,MR-04_MR-04_image-00008_ai-inpainting,MR-04_image-00008_ai-inpainting.tiff,7,1.22058333333333,4.91129166666667,21.6612916666667,3.436,1.42154166666667,32.6529583333333,1
MR-04,MR-04_MR-04_image-00008_ai-inpainting,MR-04_image-00008_ai-inpainting.tiff,8,1.21341666666667,4.91504166666667,21.8348333333333,3.42470833333333,1.39583333333333,32.7859166666667,1
MR-04,MR-04_MR-04_image-00008_ai-inpainting,MR-04_image-00008_ai-inpainting.tiff,9,1.22025,4.91970833333333,22.158125,3.43366666666667,1.4075,33.1411666666667,1
MR-04,MR-04_MR-04_image-00008_ai-inpainting,MR-04_image-00008_ai-inpainting.tiff,10,1.22341666666667,4.93820833333333,21.64125,3.38783333333333,1.40608333333333,32.59875,1
MR-04,MR-04_MR-04_image-00008_synthetic-lesion-insertion,MR-04_image-00008_synthetic-lesion-insertion.tiff,1,1.20533333333333,4.98654166666667,21.067125,3.19879166666667,1.4605,31.9212916666667,1
MR-04,MR-04_MR-04_image-00008_synthetic-lesion-insertion,MR-04_image-00008_synthetic-lesion-insertion.tiff,2,1.227625,4.94658333333333,20.8675,3.31120833333333,1.637625,31.9950416666667,1
MR-04,MR-04_MR-04_image-00008_synthetic-lesion-insertion,MR-04_image-00008_synthetic-lesion-insertion.tiff,3,1.22779166666667,5.04508333333333,20.4423333333333,3.10054166666667,1.54770833333333,31.3677083333333,1
MR-04,MR-04_MR-04_image-00008_synthetic-lesion-insertion,MR-04_image-00008_synthetic-lesion-insertion.tiff,4,1.21591666666667,4.966625,20.4699166666667,3.127375,1.45783333333333,31.241625,1
MR-04,MR-04_MR-04_image-00008_synthetic-lesion-insertion,MR-04_image-00008_synthetic-lesion-insertion.tiff,5,1.22620833333333,4.94820833333333,20.5435416666667,3.152625,1.422375,31.295625,1
MR-04,MR-04_MR-04_image-00008_synthetic-lesion-insertion,MR-04_image-00008_synthetic-lesion-insertion.tiff,6,1.24804166666667,4.92604166666667,20.6673333333333,3.16991666666667,1.4175,31.4312916666667,1
MR-04,MR-04_MR-04_image-00008_synthetic-lesion-insertion,MR-04_image-00008_synthetic-lesion-insertion.tiff,7,1.225875,4.93116666666667,20.6899583333333,3.14225,1.40233333333333,31.3935416666667,1
MR-04,MR-04_MR-04_image-00008_synthetic-lesion-insertion,MR-04_image-00008_synthetic-lesion-insertion.tiff,8,1.21979166666667,4.93733333333333,20.7685416666667,3.16216666666667,1.408625,31.4985,1
MR-04,MR-04_MR-04_image-00008_synthetic-lesion-insertion,MR-04_image-00008_synthetic-lesion-insertion.tiff,9,1.21408333333333,4.910875,20.5285,3.143375,1.48583333333333,31.2852083333333,1
MR-04,MR-04_MR-04_image-00008_synthetic-lesion-insertion,MR-04_image-00008_synthetic-lesion-insertion.tiff,10,1.229375,4.98125,20.8133333333333,3.14579166666667,1.43833333333333,31.6109166666667,1
MR-04,MR-04_MR-04_image-00008_synthetic-lesion-modification,MR-04_image-00008_synthetic-lesion-modification.tiff,1,1.24991666666667,4.99258333333333,20.6566666666667,3.26704166666667,1.673375,31.8432916666667,1
MR-04,MR-04_MR-04_image-00008_synthetic-lesion-modification,MR-04_image-00008_synthetic-lesion-modification.tiff,2,1.21608333333333,4.94316666666667,20.619,3.24425,1.43645833333333,31.4619166666667,1
MR-04,MR-04_MR-04_image-00008_synthetic-lesion-modification,MR-04_image-00008_synthetic-lesion-modification.tiff,3,1.22245833333333,4.93791666666667,21.0182916666667,3.42075,1.42291666666667,32.0250833333333,1
MR-04,MR-04_MR-04_image-00008_synthetic-lesion-modification,MR-04_image-00008_synthetic-lesion-modification.tiff,4,1.2125,4.922125,20.8355,3.43154166666667,1.42241666666667,31.8265833333333,1
MR-04,MR-04_MR-04_image-00008_synthetic-lesion-modification,MR-04_image-00008_synthetic-lesion-modification.tiff,5,1.218,4.94625,20.7882916666667,3.48416666666667,1.44516666666667,31.8852083333333,1
MR-04,MR-04_MR-04_image-00008_synthetic-lesion-modification,MR-04_image-00008_synthetic-lesion-modification.tiff,6,1.21566666666667,4.95054166666667,20.4790416666667,3.41633333333333,1.408375,31.4722083333333,1
MR-04,MR-04_MR-04_image-00008_synthetic-lesion-modification,MR-04_image-00008_synthetic-lesion-modification.tiff,7,1.21329166666667,4.9475,20.8705833333333,3.39095833333333,1.40566666666667,31.83,1
MR-04,MR-04_MR-04_image-00008_synthetic-lesion-modification,MR-04_image-00008_synthetic-lesion-modification.tiff,8,1.20920833333333,4.929625,20.8235833333333,3.34358333333333,1.40929166666667,31.7174166666667,1
MR-04,MR-04_MR-04_image-00008_synthetic-lesion-modification,MR-04_image-00008_synthetic-lesion-modification.tiff,9,1.217625,4.93541666666667,20.6477916666667,3.29125,1.47529166666667,31.5705,1
MR-04,MR-04_MR-04_image-00008_synthetic-lesion-modification,MR-04_image-00008_synthetic-lesion-modification.tiff,10,1.21366666666667,4.98229166666667,20.4143333333333,3.13925,1.46216666666667,31.2149166666667,1
MR-04,MR-04_MR-04_image-00008_synthetic-lesion-removal,MR-04_image-00008_synthetic-lesion-removal.tiff,1,1.24725,4.994625,21.1125,3.2925,1.41616666666667,32.0652083333333,1
MR-04,MR-04_MR-04_image-00008_synthetic-lesion-removal,MR-04_image-00008_synthetic-lesion-removal.tiff,2,1.23233333333333,5.12470833333333,21.485625,3.34520833333333,1.572875,32.7669583333333,1
MR-04,MR-04_MR-04_image-00008_synthetic-lesion-removal,MR-04_image-00008_synthetic-lesion-removal.tiff,3,1.23270833333333,4.99841666666667,21.5455,3.24158333333333,1.51041666666667,32.532875,1
MR-04,MR-04_MR-04_image-00008_synthetic-lesion-removal,MR-04_image-00008_synthetic-lesion-removal.tiff,4,1.246375,4.984625,21.2847916666667,3.28729166666667,1.46033333333333,32.2668333333333,1
MR-04,MR-04_MR-04_image-00008_synthetic-lesion-removal,MR-04_image-00008_synthetic-lesion-removal.tiff,5,1.242625,4.95083333333333,20.9792916666667,3.26658333333333,1.42645833333333,31.8686666666667,1
MR-04,MR-04_MR-04_image-00008_synthetic-lesion-removal,MR-04_image-00008_synthetic-lesion-removal.tiff,6,1.21845833333333,4.93745833333333,20.9614166666667,3.270875,1.41491666666667,31.8052916666667,1
MR-04,MR-04_MR-04_image-00008_synthetic-lesion-removal,MR-04_image-00008_synthetic-lesion-removal.tiff,7,1.21345833333333,4.946125,21.1415833333333,3.26804166666667,1.416125,31.9875416666667,1
MR-04,MR-04_MR-04_image-00008_synthetic-lesion-removal,MR-04_image-00008_synthetic-lesion-removal.tiff,8,1.21595833333333,4.950375,20.9656666666667,3.279875,1.41758333333333,31.831625,1
MR-04,MR-04_MR-04_image-00008_synthetic-lesion-removal,MR-04_image-00008_synthetic-lesion-removal.tiff,9,1.21845833333333,4.94670833333333,21.0282916666667,3.36420833333333,1.409,31.9687083333333,1
MR-04,MR-04_MR-04_image-00008_synthetic-lesion-removal,MR-04_image-00008_synthetic-lesion-removal.tiff,10,1.22254166666667,4.93791666666667,21.0187916666667,3.26429166666667,1.4125,31.8580416666667,1
MR-04,MR-04_MR-04_image-00014_ai-denoising,MR-04_image-00014_ai-denoising.tiff,1,1.24541666666667,4.95191666666667,18.3516666666667,3.21770833333333,1.46533333333333,29.234875,1
MR-04,MR-04_MR-04_image-00014_ai-denoising,MR-04_image-00014_ai-denoising.tiff,2,1.23516666666667,4.96220833333333,18.2510833333333,3.21704166666667,1.40475,29.0729166666667,1
MR-04,MR-04_MR-04_image-00014_ai-denoising,MR-04_image-00014_ai-denoising.tiff,3,1.23291666666667,4.93604166666667,18.200125,3.20658333333333,1.405375,28.983375,1
MR-04,MR-04_MR-04_image-00014_ai-denoising,MR-04_image-00014_ai-denoising.tiff,4,1.21708333333333,4.95054166666667,18.342375,3.174625,1.41679166666667,29.1034166666667,1
MR-04,MR-04_MR-04_image-00014_ai-denoising,MR-04_image-00014_ai-denoising.tiff,5,1.21945833333333,4.93266666666667,18.2797083333333,3.145375,1.41045833333333,28.9897916666667,1
MR-04,MR-04_MR-04_image-00014_ai-denoising,MR-04_image-00014_ai-denoising.tiff,6,1.22141666666667,4.926625,18.2950416666667,3.13725,1.400125,28.9823333333333,1
MR-04,MR-04_MR-04_image-00014_ai-denoising,MR-04_image-00014_ai-denoising.tiff,7,1.21325,4.94245833333333,18.0916666666667,3.16308333333333,1.396875,28.8092083333333,1
MR-04,MR-04_MR-04_image-00014_ai-denoising,MR-04_image-00014_ai-denoising.tiff,8,1.2105,4.94058333333333,18.156125,3.152375,1.40495833333333,28.8664583333333,1
MR-04,MR-04_MR-04_image-00014_ai-denoising,MR-04_image-00014_ai-denoising.tiff,9,1.2215,4.96029166666667,18.41775,3.24266666666667,1.45770833333333,29.3022083333333,1
MR-04,MR-04_MR-04_image-00014_ai-denoising,MR-04_image-00014_ai-denoising.tiff,10,1.22120833333333,4.97041666666667,19.1985833333333,3.42233333333333,1.43391666666667,30.249,1
MR-04,MR-04_MR-04_image-00014_ai-inpainting,MR-04_image-00014_ai-inpainting.tiff,1,1.21525,4.95666666666667,18.6842083333333,3.40475,1.41929166666667,29.6825,1
MR-04,MR-04_MR-04_image-00014_ai-inpainting,MR-04_image-00014_ai-inpainting.tiff,2,1.221125,4.93508333333333,18.745875,3.3515,1.47166666666667,29.7289166666667,1
MR-04,MR-04_MR-04_image-00014_ai-inpainting,MR-04_image-00014_ai-inpainting.tiff,3,1.21141666666667,5.02395833333333,18.7028333333333,3.43625,1.53920833333333,29.9177083333333,1
MR-04,MR-04_MR-04_image-00014_ai-inpainting,MR-04_image-00014_ai-inpainting.tiff,4,1.212875,4.93454166666667,19.6680833333333,3.39466666666667,1.49979166666667,30.71325,1
MR-04,MR-04_MR-04_image-00014_ai-inpainting,MR-04_image-00014_ai-inpainting.tiff,5,1.23633333333333,4.95641666666667,18.68625,3.38679166666667,1.42933333333333,29.6979583333333,1
MR-04,MR-04_MR-04_image-00014_ai-inpainting,MR-04_image-00014_ai-inpainting.tiff,6,1.219125,4.92625,18.6034166666667,3.35241666666667,1.41120833333333,29.5147083333333,1
MR-04,MR-04_MR-04_image-00014_ai-inpainting,MR-04_image-00014_ai-inpainting.tiff,7,1.22058333333333,4.93958333333333,18.4747083333333,3.34933333333333,1.41291666666667,29.3994166666667,1
MR-04,MR-04_MR-04_image-00014_ai-inpainting,MR-04_image-00014_ai-inpainting.tiff,8,1.22975,4.92616666666667,18.3351666666667,3.32625,1.4085,29.227875,1
MR-04,MR-04_MR-04_image-00014_ai-inpainting,MR-04_image-00014_ai-inpainting.tiff,9,1.20845833333333,4.94775,18.4895416666667,3.179375,1.66958333333333,29.4975833333333,1
MR-04,MR-04_MR-04_image-00014_ai-inpainting,MR-04_image-00014_ai-inpainting.tiff,10,1.22625,4.981,18.828875,3.301,1.439125,29.779625,1
MR-04,MR-04_MR-04_image-00014_synthetic-lesion-insertion,MR-04_image-00014_synthetic-lesion-insertion.tiff,1,1.22525,5.18033333333333,18.43225,3.27508333333333,1.52904166666667,29.64825,1
MR-04,MR-04_MR-04_image-00014_synthetic-lesion-insertion,MR-04_image-00014_synthetic-lesion-insertion.tiff,2,1.28033333333333,4.96641666666667,18.2479166666667,3.27783333333333,1.463375,29.240125,1
MR-04,MR-04_MR-04_image-00014_synthetic-lesion-insertion,MR-04_image-00014_synthetic-lesion-insertion.tiff,3,1.22520833333333,4.94729166666667,18.3378333333333,3.27416666666667,1.42233333333333,29.20975,1
MR-04,MR-04_MR-04_image-00014_synthetic-lesion-insertion,MR-04_image-00014_synthetic-lesion-insertion.tiff,4,1.2315,4.93979166666667,18.8890833333333,3.21291666666667,1.42958333333333,29.70525,1
MR-04,MR-04_MR-04_image-00014_synthetic-lesion-insertion,MR-04_image-00014_synthetic-lesion-insertion.tiff,5,1.23079166666667,4.93604166666667,18.5022916666667,3.15991666666667,1.44441666666667,29.2757916666667,1
MR-04,MR-04_MR-04_image-00014_synthetic-lesion-insertion,MR-04_image-00014_synthetic-lesion-insertion.tiff,6,1.22158333333333,4.936125,18.725625,3.15608333333333,1.41095833333333,29.4526666666667,1
MR-04,MR-04_MR-04_image-00014_synthetic-lesion-insertion,MR-04_image-00014_synthetic-lesion-insertion.tiff,7,1.23066666666667,5.027375,18.2865416666667,3.152,1.43079166666667,29.1295833333333,1
MR-04,MR-04_MR-04_image-00014_synthetic-lesion-insertion,MR-04_image-00014_synthetic-lesion-insertion.tiff,8,1.2145,4.95145833333333,18.3218333333333,3.22366666666667,1.41233333333333,29.126,1
MR-04,MR-04_MR-04_image-00014_synthetic-lesion-insertion,MR-04_image-00014_synthetic-lesion-insertion.tiff,9,1.21620833333333,4.93283333333333,18.314625,3.23833333333333,1.4135,29.1174583333333,1
MR-04,MR-04_MR-04_image-00014_synthetic-lesion-insertion,MR-04_image-00014_synthetic-lesion-insertion.tiff,10,1.22579166666667,4.93075,18.4313333333333,3.30025,1.45429166666667,29.3451666666667,1
MR-04,MR-04_MR-04_image-00014_synthetic-lesion-modification,MR-04_image-00014_synthetic-lesion-modification.tiff,1,1.218875,4.94275,17.9798333333333,3.23058333333333,1.43958333333333,28.814125,1
MR-04,MR-04_MR-04_image-00014_synthetic-lesion-modification,MR-04_image-00014_synthetic-lesion-modification.tiff,2,1.22320833333333,4.94566666666667,18.045,3.17929166666667,1.400875,28.796375,1
MR-04,MR-04_MR-04_image-00014_synthetic-lesion-modification,MR-04_image-00014_synthetic-lesion-modification.tiff,3,1.216625,4.94558333333333,17.9326666666667,3.26920833333333,1.42591666666667,28.79225,1
MR-04,MR-04_MR-04_image-00014_synthetic-lesion-modification,MR-04_image-00014_synthetic-lesion-modification.tiff,4,1.22225,5.03879166666667,18.399875,3.24475,1.66229166666667,29.5743333333333,1
MR-04,MR-04_MR-04_image-00014_synthetic-lesion-modification,MR-04_image-00014_synthetic-lesion-modification.tiff,5,1.23408333333333,4.96616666666667,18.1125,3.36533333333333,1.4695,29.151625,1
MR-04,MR-04_MR-04_image-00014_synthetic-lesion-modification,MR-04_image-00014_synthetic-lesion-modification.tiff,6,1.2305,4.98345833333333,18.2776666666667,3.295125,1.41883333333333,29.208125,1
MR-04,MR-04_MR-04_image-00014_synthetic-lesion-modification,MR-04_image-00014_synthetic-lesion-modification.tiff,7,1.217375,4.96920833333333,18.2004583333333,3.302125,1.64541666666667,29.3369166666667,1
MR-04,MR-04_MR-04_image-00014_synthetic-lesion-modification,MR-04_image-00014_synthetic-lesion-modification.tiff,8,1.23183333333333,4.94091666666667,17.93025,3.27983333333333,1.420375,28.8058333333333,1
MR-04,MR-04_MR-04_image-00014_synthetic-lesion-modification,MR-04_image-00014_synthetic-lesion-modification.tiff,9,1.22308333333333,4.91616666666667,17.77425,3.251,1.39975,28.5665833333333,1
MR-04,MR-04_MR-04_image-00014_synthetic-lesion-modification,MR-04_image-00014_synthetic-lesion-modification.tiff,10,1.21241666666667,4.97920833333333,17.9191666666667,3.250875,1.40816666666667,28.7720833333333,1
MR-04,MR-04_MR-04_image-00014_synthetic-lesion-removal,MR-04_image-00014_synthetic-lesion-removal.tiff,1,1.35483333333333,5.02429166666667,18.2750833333333,3.31504166666667,1.41341666666667,29.385375,1
MR-04,MR-04_MR-04_image-00014_synthetic-lesion-removal,MR-04_image-00014_synthetic-lesion-removal.tiff,2,1.20970833333333,4.97783333333333,18.3892083333333,3.31320833333333,1.50195833333333,29.3956666666667,1
MR-04,MR-04_MR-04_image-00014_synthetic-lesion-removal,MR-04_image-00014_synthetic-lesion-removal.tiff,3,1.25054166666667,5.14520833333333,18.556125,3.16866666666667,1.52770833333333,29.6550833333333,1
MR-04,MR-04_MR-04_image-00014_synthetic-lesion-removal,MR-04_image-00014_synthetic-lesion-removal.tiff,4,1.228375,5.00395833333333,18.6692083333333,3.40283333333333,1.48191666666667,29.790875,1
MR-04,MR-04_MR-04_image-00014_synthetic-lesion-removal,MR-04_image-00014_synthetic-lesion-removal.tiff,5,1.24258333333333,4.93733333333333,18.30975,3.262,1.428125,29.1829166666667,1
MR-04,MR-04_MR-04_image-00014_synthetic-lesion-removal,MR-04_image-00014_synthetic-lesion-removal.tiff,6,1.22166666666667,4.94129166666667,18.375125,3.24041666666667,1.41608333333333,29.1971666666667,1
MR-04,MR-04_MR-04_image-00014_synthetic-lesion-removal,MR-04_image-00014_synthetic-lesion-removal.tiff,7,1.21004166666667,4.926375,18.2271666666667,3.25204166666667,1.408125,29.0259583333333,1
MR-04,MR-04_MR-04_image-00014_synthetic-lesion-removal,MR-04_image-00014_synthetic-lesion-removal.tiff,8,1.22679166666667,4.92908333333333,18.3260833333333,3.26004166666667,1.40458333333333,29.148875,1
MR-04,MR-04_MR-04_image-00014_synthetic-lesion-removal,MR-04_image-00014_synthetic-lesion-removal.tiff,9,1.20820833333333,4.924625,18.418875,3.26258333333333,1.415375,29.2317916666667,1
MR-04,MR-04_MR-04_image-00014_synthetic-lesion-removal,MR-04_image-00014_synthetic-lesion-removal.tiff,10,1.21825,4.93191666666667,18.654,3.273875,1.406375,29.486625,1
MR-04,MR-04_MR-04_image-00019_ai-denoising,MR-04_image-00019_ai-denoising.tiff,1,1.26808333333333,4.99725,16.741,3.38941666666667,1.54895833333333,27.9505833333333,1
MR-04,MR-04_MR-04_image-00019_ai-denoising,MR-04_image-00019_ai-denoising.tiff,2,1.223625,4.960625,16.511875,3.35941666666667,1.50629166666667,27.5661666666667,1
MR-04,MR-04_MR-04_image-00019_ai-denoising,MR-04_image-00019_ai-denoising.tiff,3,1.236125,4.977125,17.5564583333333,3.27391666666667,1.446875,28.494,1
MR-04,MR-04_MR-04_image-00019_ai-denoising,MR-04_image-00019_ai-denoising.tiff,4,1.222125,4.91675,17.446125,3.32754166666667,1.50454166666667,28.420625,1
MR-04,MR-04_MR-04_image-00019_ai-denoising,MR-04_image-00019_ai-denoising.tiff,5,1.2165,4.989,16.9775833333333,3.38904166666667,1.63983333333333,28.2155833333333,1
MR-04,MR-04_MR-04_image-00019_ai-denoising,MR-04_image-00019_ai-denoising.tiff,6,1.21395833333333,4.94166666666667,17.3618333333333,3.3275,1.41433333333333,28.2618333333333,1
MR-04,MR-04_MR-04_image-00019_ai-denoising,MR-04_image-00019_ai-denoising.tiff,7,1.215625,4.955625,17.2101666666667,3.33079166666667,1.40954166666667,28.1241666666667,1
MR-04,MR-04_MR-04_image-00019_ai-denoising,MR-04_image-00019_ai-denoising.tiff,8,1.21279166666667,4.97245833333333,17.0691666666667,3.21266666666667,1.44379166666667,27.914125,1
MR-04,MR-04_MR-04_image-00019_ai-denoising,MR-04_image-00019_ai-denoising.tiff,9,1.217375,4.907375,16.7863333333333,3.273375,1.40833333333333,27.59525,1
MR-04,MR-04_MR-04_image-00019_ai-denoising,MR-04_image-00019_ai-denoising.tiff,10,1.20966666666667,4.91629166666667,16.6912916666667,3.249125,1.40154166666667,27.4702083333333,1
MR-04,MR-04_MR-04_image-00019_ai-inpainting,MR-04_image-00019_ai-inpainting.tiff,1,1.220375,4.93504166666667,16.735875,3.29833333333333,1.40720833333333,27.5994166666667,1
MR-04,MR-04_MR-04_image-00019_ai-inpainting,MR-04_image-00019_ai-inpainting.tiff,2,1.215125,4.90695833333333,16.704625,3.33879166666667,1.47983333333333,27.648125,1
MR-04,MR-04_MR-04_image-00019_ai-inpainting,MR-04_image-00019_ai-inpainting.tiff,3,1.220125,4.923125,17.0370416666667,3.33220833333333,1.42466666666667,27.9401666666667,1
MR-04,MR-04_MR-04_image-00019_ai-inpainting,MR-04_image-00019_ai-inpainting.tiff,4,1.21166666666667,4.92154166666667,16.84275,3.38995833333333,1.42895833333333,27.79725,1
MR-04,MR-04_MR-04_image-00019_ai-inpainting,MR-04_image-00019_ai-inpainting.tiff,5,1.22529166666667,4.910125,16.9160416666667,3.367875,1.41145833333333,27.833125,1
MR-04,MR-04_MR-04_image-00019_ai-inpainting,MR-04_image-00019_ai-inpainting.tiff,6,1.2155,4.91183333333333,16.729,3.35558333333333,1.41558333333333,27.6295833333333,1
MR-04,MR-04_MR-04_image-00019_ai-inpainting,MR-04_image-00019_ai-inpainting.tiff,7,1.215375,4.914875,17.00175,3.33454166666667,1.41233333333333,27.880875,1
MR-04,MR-04_MR-04_image-00019_ai-inpainting,MR-04_image-00019_ai-inpainting.tiff,8,1.230125,4.92254166666667,17.0600833333333,3.49833333333333,1.40895833333333,28.122,1
MR-04,MR-04_MR-04_image-00019_ai-inpainting,MR-04_image-00019_ai-inpainting.tiff,9,1.22925,4.91929166666667,16.5329166666667,3.27270833333333,1.40029166666667,27.3562916666667,1
MR-04,MR-04_MR-04_image-00019_ai-inpainting,MR-04_image-00019_ai-inpainting.tiff,10,1.21325,4.95983333333333,16.5915,3.38416666666667,1.45025,27.602125,1
MR-04,MR-04_MR-04_image-00019_synthetic-lesion-insertion,MR-04_image-00019_synthetic-lesion-insertion.tiff,1,1.218125,4.985625,16.6919583333333,3.47870833333333,1.40329166666667,27.7797083333333,1
MR-04,MR-04_MR-04_image-00019_synthetic-lesion-insertion,MR-04_image-00019_synthetic-lesion-insertion.tiff,2,1.21225,4.951375,16.932375,3.45245833333333,1.41666666666667,27.96725,1
MR-04,MR-04_MR-04_image-00019_synthetic-lesion-insertion,MR-04_image-00019_synthetic-lesion-insertion.tiff,3,1.210625,4.93054166666667,16.8560833333333,3.41175,1.679375,28.0914166666667,1
MR-04,MR-04_MR-04_image-00019_synthetic-lesion-insertion,MR-04_image-00019_synthetic-lesion-insertion.tiff,4,1.22654166666667,4.926875,17.1064583333333,3.434875,1.51125,28.2095416666667,1
MR-04,MR-04_MR-04_image-00019_synthetic-lesion-insertion,MR-04_image-00019_synthetic-lesion-insertion.tiff,5,1.25408333333333,4.98054166666667,16.7516666666667,3.414625,1.42591666666667,27.8295416666667,1
MR-04,MR-04_MR-04_image-00019_synthetic-lesion-insertion,MR-04_image-00019_synthetic-lesion-insertion.tiff,6,1.21395833333333,4.94979166666667,16.73975,3.414125,1.40441666666667,27.724375,1
MR-04,MR-04_MR-04_image-00019_synthetic-lesion-insertion,MR-04_image-00019_synthetic-lesion-insertion.tiff,7,1.22433333333333,4.93508333333333,16.78475,3.37070833333333,1.42483333333333,27.7417916666667,1
MR-04,MR-04_MR-04_image-00019_synthetic-lesion-insertion,MR-04_image-00019_synthetic-lesion-insertion.tiff,8,1.2075,4.92804166666667,16.9377083333333,3.35833333333333,1.40004166666667,27.8336666666667,1
MR-04,MR-04_MR-04_image-00019_synthetic-lesion-insertion,MR-04_image-00019_synthetic-lesion-insertion.tiff,9,1.21045833333333,4.94825,17.252,3.37341666666667,1.40208333333333,28.1882083333333,1
MR-04,MR-04_MR-04_image-00019_synthetic-lesion-insertion,MR-04_image-00019_synthetic-lesion-insertion.tiff,10,1.21466666666667,4.94979166666667,16.9861666666667,3.38154166666667,1.40904166666667,27.9430416666667,1
MR-04,MR-04_MR-04_image-00019_synthetic-lesion-modification,MR-04_image-00019_synthetic-lesion-modification.tiff,1,1.25079166666667,4.98358333333333,16.8126666666667,3.454625,1.4285,27.9330833333333,1
MR-04,MR-04_MR-04_image-00019_synthetic-lesion-modification,MR-04_image-00019_synthetic-lesion-modification.tiff,2,1.22120833333333,5.02641666666667,17.0018333333333,3.25158333333333,1.62120833333333,28.128875,1
MR-04,MR-04_MR-04_image-00019_synthetic-lesion-modification,MR-04_image-00019_synthetic-lesion-modification.tiff,3,1.2295,4.99766666666667,16.340875,3.21033333333333,1.457625,27.2397083333333,1
MR-04,MR-04_MR-04_image-00019_synthetic-lesion-modification,MR-04_image-00019_synthetic-lesion-modification.tiff,4,1.23325,4.95895833333333,16.1146666666667,3.170125,1.42279166666667,26.9024583333333,1
MR-04,MR-04_MR-04_image-00019_synthetic-lesion-modification,MR-04_image-00019_synthetic-lesion-modification.tiff,5,1.21875,4.967625,16.0756666666667,3.16120833333333,1.40545833333333,26.8311666666667,1
MR-04,MR-04_MR-04_image-00019_synthetic-lesion-modification,MR-04_image-00019_synthetic-lesion-modification.tiff,6,1.213375,4.98241666666667,16.0902083333333,3.138375,1.41316666666667,26.8399166666667,1
MR-04,MR-04_MR-04_image-00019_synthetic-lesion-modification,MR-04_image-00019_synthetic-lesion-modification.tiff,7,1.23129166666667,4.95583333333333,15.9039583333333,3.09745833333333,1.42491666666667,26.61575,1
MR-04,MR-04_MR-04_image-00019_synthetic-lesion-modification,MR-04_image-00019_synthetic-lesion-modification.tiff,8,1.23183333333333,4.92004166666667,15.8985833333333,3.08370833333333,1.406,26.5422916666667,1
MR-04,MR-04_MR-04_image-00019_synthetic-lesion-modification,MR-04_image-00019_synthetic-lesion-modification.tiff,9,1.226,4.924625,15.67425,3.112125,1.4125,26.3514166666667,1
MR-04,MR-04_MR-04_image-00019_synthetic-lesion-modification,MR-04_image-00019_synthetic-lesion-modification.tiff,10,1.21254166666667,4.93295833333333,15.791125,3.08483333333333,1.4115,26.4350833333333,1
MR-04,MR-04_MR-04_image-00019_synthetic-lesion-removal,MR-04_image-00019_synthetic-lesion-removal.tiff,1,1.2055,4.923625,16.9480416666667,3.377875,1.82141666666667,28.2799583333333,1
MR-04,MR-04_MR-04_image-00019_synthetic-lesion-removal,MR-04_image-00019_synthetic-lesion-removal.tiff,2,1.254,5.08025,17.0947083333333,3.35070833333333,1.470125,28.2542083333333,1
MR-04,MR-04_MR-04_image-00019_synthetic-lesion-removal,MR-04_image-00019_synthetic-lesion-removal.tiff,3,1.22833333333333,5.013,16.757875,3.33891666666667,1.44641666666667,27.7881666666667,1
MR-04,MR-04_MR-04_image-00019_synthetic-lesion-removal,MR-04_image-00019_synthetic-lesion-removal.tiff,4,1.22720833333333,4.94725,16.83775,3.39183333333333,1.41658333333333,27.8233333333333,1
MR-04,MR-04_MR-04_image-00019_synthetic-lesion-removal,MR-04_image-00019_synthetic-lesion-removal.tiff,5,1.21583333333333,4.95191666666667,16.7440416666667,3.3425,1.41616666666667,27.6728333333333,1
MR-04,MR-04_MR-04_image-00019_synthetic-lesion-removal,MR-04_image-00019_synthetic-lesion-removal.tiff,6,1.22608333333333,4.94320833333333,16.9512916666667,3.27395833333333,1.43916666666667,27.8360416666667,1
MR-04,MR-04_MR-04_image-00019_synthetic-lesion-removal,MR-04_image-00019_synthetic-lesion-removal.tiff,7,1.22054166666667,4.97783333333333,16.1337916666667,3.156875,1.4305,26.922125,1
MR-04,MR-04_MR-04_image-00019_synthetic-lesion-removal,MR-04_image-00019_synthetic-lesion-removal.tiff,8,1.215875,4.999375,16.0187083333333,3.18654166666667,1.4125,26.83525,1
MR-04,MR-04_MR-04_image-00019_synthetic-lesion-removal,MR-04_image-00019_synthetic-lesion-removal.tiff,9,1.220125,4.96033333333333,16.072875,3.18133333333333,1.401625,26.8384166666667,1
MR-04,MR-04_MR-04_image-00019_synthetic-lesion-removal,MR-04_image-00019_synthetic-lesion-removal.tiff,10,1.21,4.95870833333333,16.1485416666667,3.204625,1.406,26.9299166666667,1
MR-05,MR-05_MR-05_image-00000_ai-denoising,MR-05_image-00000_ai-denoising.tiff,1,1.23083333333333,5.04445833333333,15.417,3.23366666666667,1.43933333333333,26.3688333333333,1
MR-05,MR-05_MR-05_image-00000_ai-denoising,MR-05_image-00000_ai-denoising.tiff,2,1.25920833333333,5.08633333333333,15.23975,3.18520833333333,1.48395833333333,26.2578333333333,1
MR-05,MR-05_MR-05_image-00000_ai-denoising,MR-05_image-00000_ai-denoising.tiff,3,1.21995833333333,4.98504166666667,15.084875,3.17133333333333,1.41695833333333,25.8806666666667,1
MR-05,MR-05_MR-05_image-00000_ai-denoising,MR-05_image-00000_ai-denoising.tiff,4,1.24733333333333,5.05929166666667,15.32875,3.215375,1.44266666666667,26.295625,1
MR-05,MR-05_MR-05_image-00000_ai-denoising,MR-05_image-00000_ai-denoising.tiff,5,1.21491666666667,4.94858333333333,15.2877083333333,3.18591666666667,1.42691666666667,26.0660833333333,1
MR-05,MR-05_MR-05_image-00000_ai-denoising,MR-05_image-00000_ai-denoising.tiff,6,1.21766666666667,4.9265,15.2025416666667,3.3715,1.47925,26.199875,1
MR-05,MR-05_MR-05_image-00000_ai-denoising,MR-05_image-00000_ai-denoising.tiff,7,1.227125,4.96666666666667,15.1026666666667,3.45441666666667,1.42279166666667,26.176125,1
MR-05,MR-05_MR-05_image-00000_ai-denoising,MR-05_image-00000_ai-denoising.tiff,8,1.21145833333333,4.947375,15.291,3.32133333333333,1.41333333333333,26.1867083333333,1
MR-05,MR-05_MR-05_image-00000_ai-denoising,MR-05_image-00000_ai-denoising.tiff,9,1.20970833333333,4.9405,15.4666666666667,3.29529166666667,1.40204166666667,26.3162916666667,1
MR-05,MR-05_MR-05_image-00000_ai-denoising,MR-05_image-00000_ai-denoising.tiff,10,1.214,4.93616666666667,15.4692083333333,3.31145833333333,1.411125,26.3439583333333,1
MR-05,MR-05_MR-05_image-00000_ai-inpainting,MR-05_image-00000_ai-inpainting.tiff,1,1.23704166666667,4.98733333333333,15.4565833333333,3.16870833333333,1.44670833333333,26.2997083333333,1
MR-05,MR-05_MR-05_image-00000_ai-inpainting,MR-05_image-00000_ai-inpainting.tiff,2,1.22175,4.992875,15.4509166666667,3.15491666666667,1.424625,26.2475833333333,1
MR-05,MR-05_MR-05_image-00000_ai-inpainting,MR-05_image-00000_ai-inpainting.tiff,3,1.25645833333333,4.93008333333333,15.4032083333333,3.23508333333333,1.46233333333333,26.2896666666667,1
MR-05,MR-05_MR-05_image-00000_ai-inpainting,MR-05_image-00000_ai-inpainting.tiff,4,1.23758333333333,5.00775,15.2321666666667,3.17495833333333,1.41983333333333,26.0747083333333,1
MR-05,MR-05_MR-05_image-00000_ai-inpainting,MR-05_image-00000_ai-inpainting.tiff,5,1.21758333333333,4.938875,15.2225833333333,3.19458333333333,1.41383333333333,25.989625,1
MR-05,MR-05_MR-05_image-00000_ai-inpainting,MR-05_image-00000_ai-inpainting.tiff,6,1.21504166666667,4.96233333333333,14.935125,3.193875,1.40091666666667,25.7094166666667,1
MR-05,MR-05_MR-05_image-00000_ai-inpainting,MR-05_image-00000_ai-inpainting.tiff,7,1.23870833333333,4.99979166666667,15.2016666666667,3.20775,1.45245833333333,26.10275,1
MR-05,MR-05_MR-05_image-00000_ai-inpainting,MR-05_image-00000_ai-inpainting.tiff,8,1.217875,4.91854166666667,15.4420416666667,3.18733333333333,1.4075,26.175375,1
MR-05,MR-05_MR-05_image-00000_ai-inpainting,MR-05_image-00000_ai-inpainting.tiff,9,1.21154166666667,4.91708333333333,15.3145416666667,3.18370833333333,1.39954166666667,26.0285416666667,1
MR-05,MR-05_MR-05_image-00000_ai-inpainting,MR-05_image-00000_ai-inpainting.tiff,10,1.21933333333333,4.900875,14.9895416666667,3.19,1.40666666666667,25.708375,1
MR-05,MR-05_MR-05_image-00000_synthetic-lesion-insertion,MR-05_image-00000_synthetic-lesion-insertion.tiff,1,1.21925,5.00725,15.6623333333333,3.313625,1.45491666666667,26.6610833333333,1
MR-05,MR-05_MR-05_image-00000_synthetic-lesion-insertion,MR-05_image-00000_synthetic-lesion-insertion.tiff,2,1.217875,4.96720833333333,15.4920833333333,3.394875,1.43520833333333,26.5099166666667,1
MR-05,MR-05_MR-05_image-00000_synthetic-lesion-insertion,MR-05_image-00000_synthetic-lesion-insertion.tiff,3,1.21491666666667,4.96225,15.66675,3.35133333333333,1.40483333333333,26.6025416666667,1
MR-05,MR-05_MR-05_image-00000_synthetic-lesion-insertion,MR-05_image-00000_synthetic-lesion-insertion.tiff,4,1.21245833333333,4.91383333333333,15.6507916666667,3.4105,1.40195833333333,26.5915416666667,1
MR-05,MR-05_MR-05_image-00000_synthetic-lesion-insertion,MR-05_image-00000_synthetic-lesion-insertion.tiff,5,1.21291666666667,4.92158333333333,15.7033333333333,3.416625,1.40054166666667,26.6569166666667,1
MR-05,MR-05_MR-05_image-00000_synthetic-lesion-insertion,MR-05_image-00000_synthetic-lesion-insertion.tiff,6,1.22554166666667,4.91933333333333,15.2997916666667,3.42470833333333,1.40791666666667,26.27925,1
MR-05,MR-05_MR-05_image-00000_synthetic-lesion-insertion,MR-05_image-00000_synthetic-lesion-insertion.tiff,7,1.21145833333333,4.94329166666667,15.22475,3.32841666666667,1.40595833333333,26.116,1
MR-05,MR-05_MR-05_image-00000_synthetic-lesion-insertion,MR-05_image-00000_synthetic-lesion-insertion.tiff,8,1.217875,4.92841666666667,15.479875,3.32758333333333,1.40479166666667,26.3604583333333,1
MR-05,MR-05_MR-05_image-00000_synthetic-lesion-insertion,MR-05_image-00000_synthetic-lesion-insertion.tiff,9,1.21595833333333,5.276625,15.37225,3.36991666666667,1.63570833333333,26.87275,1
MR-05,MR-05_MR-05_image-00000_synthetic-lesion-insertion,MR-05_image-00000_synthetic-lesion-insertion.tiff,10,1.22845833333333,4.93833333333333,15.4991666666667,3.27379166666667,1.41566666666667,26.3582083333333,1
MR-05,MR-05_MR-05_image-00000_synthetic-lesion-modification,MR-05_image-00000_synthetic-lesion-modification.tiff,1,1.23895833333333,4.96941666666667,15.8651666666667,3.428125,1.40975,26.9138333333333,1
MR-05,MR-05_MR-05_image-00000_synthetic-lesion-modification,MR-05_image-00000_synthetic-lesion-modification.tiff,2,1.20579166666667,4.9535,15.7557916666667,3.41995833333333,1.41041666666667,26.7475833333333,1
MR-05,MR-05_MR-05_image-00000_synthetic-lesion-modification,MR-05_image-00000_synthetic-lesion-modification.tiff,3,1.21879166666667,4.947375,15.5835833333333,3.34341666666667,1.4225,26.5175416666667,1
MR-05,MR-05_MR-05_image-00000_synthetic-lesion-modification,MR-05_image-00000_synthetic-lesion-modification.tiff,4,1.21725,5.0265,15.869875,3.286875,1.65104166666667,27.0555,1
MR-05,MR-05_MR-05_image-00000_synthetic-lesion-modification,MR-05_image-00000_synthetic-lesion-modification.tiff,5,1.243,4.987125,15.9209166666667,3.40004166666667,1.47254166666667,27.02725,1
MR-05,MR-05_MR-05_image-00000_synthetic-lesion-modification,MR-05_image-00000_synthetic-lesion-modification.tiff,6,1.25454166666667,4.93508333333333,15.8289166666667,3.30033333333333,1.43308333333333,26.754625,1
MR-05,MR-05_MR-05_image-00000_synthetic-lesion-modification,MR-05_image-00000_synthetic-lesion-modification.tiff,7,1.20866666666667,4.95854166666667,15.7564166666667,3.30004166666667,1.410875,26.6368333333333,1
MR-05,MR-05_MR-05_image-00000_synthetic-lesion-modification,MR-05_image-00000_synthetic-lesion-modification.tiff,8,1.21979166666667,4.94508333333333,15.6963333333333,3.30545833333333,1.41741666666667,26.5862083333333,1
MR-05,MR-05_MR-05_image-00000_synthetic-lesion-modification,MR-05_image-00000_synthetic-lesion-modification.tiff,9,1.21908333333333,4.919375,15.6197916666667,3.31633333333333,1.40675,26.483375,1
MR-05,MR-05_MR-05_image-00000_synthetic-lesion-modification,MR-05_image-00000_synthetic-lesion-modification.tiff,10,1.2145,4.93170833333333,15.5817083333333,3.31891666666667,1.41204166666667,26.4607083333333,1
MR-05,MR-05_MR-05_image-00000_synthetic-lesion-removal,MR-05_image-00000_synthetic-lesion-removal.tiff,1,1.20775,4.92691666666667,15.5595416666667,3.36620833333333,1.42120833333333,26.483625,1
MR-05,MR-05_MR-05_image-00000_synthetic-lesion-removal,MR-05_image-00000_synthetic-lesion-removal.tiff,2,1.22658333333333,4.9465,15.461375,3.33879166666667,1.48983333333333,26.4660833333333,1
MR-05,MR-05_MR-05_image-00000_synthetic-lesion-removal,MR-05_image-00000_synthetic-lesion-removal.tiff,3,1.22595833333333,5.00929166666667,15.79325,3.32854166666667,1.68083333333333,27.041375,1
MR-05,MR-05_MR-05_image-00000_synthetic-lesion-removal,MR-05_image-00000_synthetic-lesion-removal.tiff,4,1.257875,4.979875,15.515125,3.4645,1.46854166666667,26.6902916666667,1
MR-05,MR-05_MR-05_image-00000_synthetic-lesion-removal,MR-05_image-00000_synthetic-lesion-removal.tiff,5,1.22783333333333,5.02258333333333,15.3491666666667,3.251375,1.48575,26.341,1
MR-05,MR-05_MR-05_image-00000_synthetic-lesion-removal,MR-05_image-00000_synthetic-lesion-removal.tiff,6,1.239625,4.97020833333333,15.3489583333333,3.27858333333333,1.43520833333333,26.2755833333333,1
MR-05,MR-05_MR-05_image-00000_synthetic-lesion-removal,MR-05_image-00000_synthetic-lesion-removal.tiff,7,1.22925,4.943375,16.102125,3.462125,1.64520833333333,27.3850416666667,1
MR-05,MR-05_MR-05_image-00000_synthetic-lesion-removal,MR-05_image-00000_synthetic-lesion-removal.tiff,8,1.215125,4.94958333333333,16.014125,3.38483333333333,1.42520833333333,26.9913333333333,1
MR-05,MR-05_MR-05_image-00000_synthetic-lesion-removal,MR-05_image-00000_synthetic-lesion-removal.tiff,9,1.22179166666667,4.90575,15.834375,3.33291666666667,1.41445833333333,26.7117083333333,1
MR-05,MR-05_MR-05_image-00000_synthetic-lesion-removal,MR-05_image-00000_synthetic-lesion-removal.tiff,10,1.21208333333333,4.907625,15.9417916666667,3.41429166666667,1.40879166666667,26.886625,1
MR-05,MR-05_MR-05_image-00006_ai-denoising,MR-05_image-00006_ai-denoising.tiff,1,1.31620833333333,5.14183333333333,15.6927083333333,3.457625,1.43666666666667,27.0475833333333,1
MR-05,MR-05_MR-05_image-00006_ai-denoising,MR-05_image-00006_ai-denoising.tiff,2,1.23545833333333,4.91579166666667,15.8970833333333,3.49054166666667,1.572,27.1144166666667,1
MR-05,MR-05_MR-05_image-00006_ai-denoising,MR-05_image-00006_ai-denoising.tiff,3,1.25216666666667,4.92625,15.8785833333333,3.35075,1.43325,26.84425,1
MR-05,MR-05_MR-05_image-00006_ai-denoising,MR-05_image-00006_ai-denoising.tiff,4,1.22679166666667,4.94229166666667,15.8032083333333,3.31283333333333,1.41254166666667,26.7000833333333,1
MR-05,MR-05_MR-05_image-00006_ai-denoising,MR-05_image-00006_ai-denoising.tiff,5,1.21779166666667,4.91675,16.0300416666667,3.32454166666667,1.41195833333333,26.9030416666667,1
MR-05,MR-05_MR-05_image-00006_ai-denoising,MR-05_image-00006_ai-denoising.tiff,6,1.22608333333333,4.919,15.793125,3.44854166666667,1.49779166666667,26.8870833333333,1
MR-05,MR-05_MR-05_image-00006_ai-denoising,MR-05_image-00006_ai-denoising.tiff,7,1.2205,4.95216666666667,15.9225833333333,3.32391666666667,1.430875,26.85275,1
MR-05,MR-05_MR-05_image-00006_ai-denoising,MR-05_image-00006_ai-denoising.tiff,8,1.21354166666667,4.93870833333333,16.256625,3.33720833333333,1.41533333333333,27.1635833333333,1
MR-05,MR-05_MR-05_image-00006_ai-denoising,MR-05_image-00006_ai-denoising.tiff,9,1.22204166666667,4.93029166666667,15.9491666666667,3.34904166666667,1.40266666666667,26.8553333333333,1
MR-05,MR-05_MR-05_image-00006_ai-denoising,MR-05_image-00006_ai-denoising.tiff,10,1.21504166666667,4.93633333333333,16.0662916666667,3.31729166666667,1.40545833333333,26.9425416666667,1
MR-05,MR-05_MR-05_image-00006_ai-inpainting,MR-05_image-00006_ai-inpainting.tiff,1,1.21475,4.9285,15.9619166666667,3.28045833333333,1.50445833333333,26.8934583333333,1
MR-05,MR-05_MR-05_image-00006_ai-inpainting,MR-05_image-00006_ai-inpainting.tiff,2,1.26116666666667,5.15333333333333,15.7215833333333,3.32441666666667,1.56820833333333,27.034875,1
MR-05,MR-05_MR-05_image-00006_ai-inpainting,MR-05_image-00006_ai-inpainting.tiff,3,1.223875,4.92795833333333,15.7545,3.26795833333333,1.46654166666667,26.6442916666667,1
MR-05,MR-05_MR-05_image-00006_ai-inpainting,MR-05_image-00006_ai-inpainting.tiff,4,1.22666666666667,4.93470833333333,15.1043333333333,3.13945833333333,1.42666666666667,25.8344583333333,1
MR-05,MR-05_MR-05_image-00006_ai-inpainting,MR-05_image-00006_ai-inpainting.tiff,5,1.21520833333333,4.93129166666667,14.89725,3.11458333333333,1.65208333333333,25.8128333333333,1
MR-05,MR-05_MR-05_image-00006_ai-inpainting,MR-05_image-00006_ai-inpainting.tiff,6,1.23616666666667,4.96520833333333,15.770125,3.42204166666667,1.42416666666667,26.820125,1
MR-05,MR-05_MR-05_image-00006_ai-inpainting,MR-05_image-00006_ai-inpainting.tiff,7,1.22445833333333,4.93258333333333,15.7306666666667,3.4145,1.40095833333333,26.7052916666667,1
MR-05,MR-05_MR-05_image-00006_ai-inpainting,MR-05_image-00006_ai-inpainting.tiff,8,1.217125,4.915375,15.6729583333333,3.464,1.41220833333333,26.6837083333333,1
MR-05,MR-05_MR-05_image-00006_ai-inpainting,MR-05_image-00006_ai-inpainting.tiff,9,1.210375,4.917125,15.5372916666667,3.39691666666667,1.40983333333333,26.4735833333333,1
MR-05,MR-05_MR-05_image-00006_ai-inpainting,MR-05_image-00006_ai-inpainting.tiff,10,1.223125,4.92320833333333,15.71275,3.342,1.40320833333333,26.6062083333333,1
MR-05,MR-05_MR-05_image-00006_synthetic-lesion-insertion,MR-05_image-00006_synthetic-lesion-insertion.tiff,1,1.26845833333333,4.97920833333333,15.7910833333333,3.32504166666667,1.55008333333333,26.918625,1
MR-05,MR-05_MR-05_image-00006_synthetic-lesion-insertion,MR-05_image-00006_synthetic-lesion-insertion.tiff,2,1.228625,4.98629166666667,15.6481666666667,3.32520833333333,1.452,26.6430416666667,1
MR-05,MR-05_MR-05_image-00006_synthetic-lesion-insertion,MR-05_image-00006_synthetic-lesion-insertion.tiff,3,1.22420833333333,4.96483333333333,15.84375,3.32158333333333,1.41233333333333,26.7687916666667,1
MR-05,MR-05_MR-05_image-00006_synthetic-lesion-insertion,MR-05_image-00006_synthetic-lesion-insertion.tiff,4,1.23641666666667,4.943125,15.6458333333333,3.38354166666667,1.41195833333333,26.6229583333333,1
MR-05,MR-05_MR-05_image-00006_synthetic-lesion-insertion,MR-05_image-00006_synthetic-lesion-insertion.tiff,5,1.22079166666667,4.90795833333333,15.6787916666667,3.44333333333333,1.48954166666667,26.742875,1
MR-05,MR-05_MR-05_image-00006_synthetic-lesion-insertion,MR-05_image-00006_synthetic-lesion-insertion.tiff,6,1.22120833333333,4.92929166666667,15.908875,3.34791666666667,1.425125,26.8352916666667,1
MR-05,MR-05_MR-05_image-00006_synthetic-lesion-insertion,MR-05_image-00006_synthetic-lesion-insertion.tiff,7,1.21979166666667,4.93041666666667,15.557125,3.32579166666667,1.400875,26.4364583333333,1
MR-05,MR-05_MR-05_image-00006_synthetic-lesion-insertion,MR-05_image-00006_synthetic-lesion-insertion.tiff,8,1.20920833333333,4.914375,15.5234166666667,3.37295833333333,1.40933333333333,26.4313333333333,1
MR-05,MR-05_MR-05_image-00006_synthetic-lesion-insertion,MR-05_image-00006_synthetic-lesion-insertion.tiff,9,1.20983333333333,4.906125,15.6425,3.36141666666667,1.39833333333333,26.5201666666667,1
MR-05,MR-05_MR-05_image-00006_synthetic-lesion-insertion,MR-05_image-00006_synthetic-lesion-insertion.tiff,10,1.204,4.91041666666667,15.598625,3.31375,1.407875,26.43675,1
MR-05,MR-05_MR-05_image-00006_synthetic-lesion-modification,MR-05_image-00006_synthetic-lesion-modification.tiff,1,1.22375,4.98545833333333,16.056625,3.591375,1.46283333333333,27.3290833333333,1
MR-05,MR-05_MR-05_image-00006_synthetic-lesion-modification,MR-05_image-00006_synthetic-lesion-modification.tiff,2,1.23366666666667,4.96645833333333,15.4314166666667,3.3335,1.430625,26.3982083333333,1
MR-05,MR-05_MR-05_image-00006_synthetic-lesion-modification,MR-05_image-00006_synthetic-lesion-modification.tiff,3,1.217,4.91508333333333,15.559375,3.43083333333333,1.65320833333333,26.7777083333333,1
MR-05,MR-05_MR-05_image-00006_synthetic-lesion-modification,MR-05_image-00006_synthetic-lesion-modification.tiff,4,1.221875,4.92316666666667,15.5675833333333,3.37408333333333,1.41695833333333,26.5056666666667,1
MR-05,MR-05_MR-05_image-00006_synthetic-lesion-modification,MR-05_image-00006_synthetic-lesion-modification.tiff,5,1.21870833333333,4.91245833333333,15.328875,3.31233333333333,1.407875,26.182375,1
MR-05,MR-05_MR-05_image-00006_synthetic-lesion-modification,MR-05_image-00006_synthetic-lesion-modification.tiff,6,1.22045833333333,4.92308333333333,15.5935,3.31008333333333,1.42475,26.473875,1
MR-05,MR-05_MR-05_image-00006_synthetic-lesion-modification,MR-05_image-00006_synthetic-lesion-modification.tiff,7,1.21929166666667,4.911625,15.7732083333333,3.39595833333333,1.415375,26.7175416666667,1
MR-05,MR-05_MR-05_image-00006_synthetic-lesion-modification,MR-05_image-00006_synthetic-lesion-modification.tiff,8,1.212125,4.91979166666667,15.3554583333333,3.41841666666667,1.416,26.32375,1
MR-05,MR-05_MR-05_image-00006_synthetic-lesion-modification,MR-05_image-00006_synthetic-lesion-modification.tiff,9,1.213,4.91541666666667,15.4305,3.450625,1.41991666666667,26.431375,1
MR-05,MR-05_MR-05_image-00006_synthetic-lesion-modification,MR-05_image-00006_synthetic-lesion-modification.tiff,10,1.21654166666667,4.912625,15.402375,3.41554166666667,1.40416666666667,26.3531666666667,1
MR-05,MR-05_MR-05_image-00006_synthetic-lesion-removal,MR-05_image-00006_synthetic-lesion-removal.tiff,1,1.2235,4.96583333333333,14.80525,3.08008333333333,1.423125,25.5002916666667,1
MR-05,MR-05_MR-05_image-00006_synthetic-lesion-removal,MR-05_image-00006_synthetic-lesion-removal.tiff,2,1.21729166666667,4.95729166666667,14.85,3.11254166666667,1.41079166666667,25.5505,1
MR-05,MR-05_MR-05_image-00006_synthetic-lesion-removal,MR-05_image-00006_synthetic-lesion-removal.tiff,3,1.22275,4.96191666666667,14.630875,3.12966666666667,1.40758333333333,25.3552083333333,1
MR-05,MR-05_MR-05_image-00006_synthetic-lesion-removal,MR-05_image-00006_synthetic-lesion-removal.tiff,4,1.22025,4.9615,14.4589166666667,3.088875,1.3995,25.1311666666667,1
MR-05,MR-05_MR-05_image-00006_synthetic-lesion-removal,MR-05_image-00006_synthetic-lesion-removal.tiff,5,1.243,4.97854166666667,14.6380833333333,3.10195833333333,1.40141666666667,25.365,1
MR-05,MR-05_MR-05_image-00006_synthetic-lesion-removal,MR-05_image-00006_synthetic-lesion-removal.tiff,6,1.21120833333333,4.95170833333333,14.634,3.10383333333333,1.416,25.3187083333333,1
MR-05,MR-05_MR-05_image-00006_synthetic-lesion-removal,MR-05_image-00006_synthetic-lesion-removal.tiff,7,1.21720833333333,4.98179166666667,14.6679583333333,3.08866666666667,1.40720833333333,25.3647916666667,1
MR-05,MR-05_MR-05_image-00006_synthetic-lesion-removal,MR-05_image-00006_synthetic-lesion-removal.tiff,8,1.22920833333333,4.94491666666667,14.6659166666667,3.0825,1.39891666666667,25.32325,1
MR-05,MR-05_MR-05_image-00006_synthetic-lesion-removal,MR-05_image-00006_synthetic-lesion-removal.tiff,9,1.22108333333333,4.93408333333333,14.8643333333333,3.09820833333333,1.40970833333333,25.52925,1
MR-05,MR-05_MR-05_image-00006_synthetic-lesion-removal,MR-05_image-00006_synthetic-lesion-removal.tiff,10,1.21395833333333,4.922625,14.44725,3.06295833333333,1.40329166666667,25.052,1
MR-05,MR-05_MR-05_image-00013_ai-denoising,MR-05_image-00013_ai-denoising.tiff,1,1.22770833333333,4.93758333333333,14.5824166666667,3.15920833333333,1.662875,25.5727083333333,1
MR-05,MR-05_MR-05_image-00013_ai-denoising,MR-05_image-00013_ai-denoising.tiff,2,1.21958333333333,4.9415,14.68725,3.18458333333333,1.408125,25.443375,1
MR-05,MR-05_MR-05_image-00013_ai-denoising,MR-05_image-00013_ai-denoising.tiff,3,1.226875,4.92970833333333,14.6506666666667,3.15516666666667,1.419375,25.384125,1
MR-05,MR-05_MR-05_image-00013_ai-denoising,MR-05_image-00013_ai-denoising.tiff,4,1.21279166666667,4.94954166666667,14.7000833333333,3.23233333333333,1.42166666666667,25.5187083333333,1
MR-05,MR-05_MR-05_image-00013_ai-denoising,MR-05_image-00013_ai-denoising.tiff,5,1.24891666666667,5.14833333333333,14.9949166666667,3.35154166666667,1.53979166666667,26.29075,1
MR-05,MR-05_MR-05_image-00013_ai-denoising,MR-05_image-00013_ai-denoising.tiff,6,1.2215,5.054875,15.1967083333333,3.46170833333333,1.51904166666667,26.45825,1
MR-05,MR-05_MR-05_image-00013_ai-denoising,MR-05_image-00013_ai-denoising.tiff,7,1.216875,4.96570833333333,14.8555416666667,3.44404166666667,1.42666666666667,25.9117083333333,1
MR-05,MR-05_MR-05_image-00013_ai-denoising,MR-05_image-00013_ai-denoising.tiff,8,1.21095833333333,4.93883333333333,15.0070416666667,3.38754166666667,1.50383333333333,26.0507916666667,1
MR-05,MR-05_MR-05_image-00013_ai-denoising,MR-05_image-00013_ai-denoising.tiff,9,1.23125,4.955,14.62925,3.18979166666667,1.44504166666667,25.4535416666667,1
MR-05,MR-05_MR-05_image-00013_ai-denoising,MR-05_image-00013_ai-denoising.tiff,10,1.21895833333333,4.930125,14.6105416666667,3.18908333333333,1.40783333333333,25.35925,1
MR-05,MR-05_MR-05_image-00013_ai-inpainting,MR-05_image-00013_ai-inpainting.tiff,1,1.22491666666667,4.993,14.819875,3.2105,1.44654166666667,25.6973333333333,1
MR-05,MR-05_MR-05_image-00013_ai-inpainting,MR-05_image-00013_ai-inpainting.tiff,2,1.221,4.97229166666667,14.9149166666667,3.223875,1.410625,25.7450416666667,1
MR-05,MR-05_MR-05_image-00013_ai-inpainting,MR-05_image-00013_ai-inpainting.tiff,3,1.213625,4.97445833333333,15.0312916666667,3.265375,1.41454166666667,25.9013333333333,1
MR-05,MR-05_MR-05_image-00013_ai-inpainting,MR-05_image-00013_ai-inpainting.tiff,4,1.21716666666667,4.96508333333333,15.41625,3.38508333333333,1.69333333333333,26.6809166666667,1
MR-05,MR-05_MR-05_image-00013_ai-inpainting,MR-05_image-00013_ai-inpainting.tiff,5,1.22604166666667,4.941,15.3403333333333,3.37075,1.4915,26.3735833333333,1
MR-05,MR-05_MR-05_image-00013_ai-inpainting,MR-05_image-00013_ai-inpainting.tiff,6,1.2335,5.00845833333333,15.523375,3.359,1.43483333333333,26.56275,1
MR-05,MR-05_MR-05_image-00013_ai-inpainting,MR-05_image-00013_ai-inpainting.tiff,7,1.21854166666667,4.94108333333333,15.406375,3.39666666666667,1.42654166666667,26.391875,1
MR-05,MR-05_MR-05_image-00013_ai-inpainting,MR-05_image-00013_ai-inpainting.tiff,8,1.22820833333333,4.92829166666667,15.674125,3.423,1.41633333333333,26.6722916666667,1
MR-05,MR-05_MR-05_image-00013_ai-inpainting,MR-05_image-00013_ai-inpainting.tiff,9,1.21958333333333,4.913,15.6856666666667,3.40479166666667,1.40283333333333,26.627875,1
MR-05,MR-05_MR-05_image-00013_ai-inpainting,MR-05_image-00013_ai-inpainting.tiff,10,1.21670833333333,4.92370833333333,15.6964166666667,3.43154166666667,1.40804166666667,26.6785416666667,1
MR-05,MR-05_MR-05_image-00013_synthetic-lesion-insertion,MR-05_image-00013_synthetic-lesion-insertion.tiff,1,1.21241666666667,4.92075,14.7118333333333,3.11591666666667,1.435625,25.3991666666667,1
MR-05,MR-05_MR-05_image-00013_synthetic-lesion-insertion,MR-05_image-00013_synthetic-lesion-insertion.tiff,2,1.21991666666667,4.92341666666667,14.932875,3.23916666666667,1.41633333333333,25.7341666666667,1
MR-05,MR-05_MR-05_image-00013_synthetic-lesion-insertion,MR-05_image-00013_synthetic-lesion-insertion.tiff,3,1.21441666666667,4.93383333333333,14.7852083333333,3.34370833333333,1.53870833333333,25.8184583333333,1
MR-05,MR-05_MR-05_image-00013_synthetic-lesion-insertion,MR-05_image-00013_synthetic-lesion-insertion.tiff,4,1.28670833333333,4.99666666666667,15.5067083333333,3.32733333333333,1.579875,26.7028333333333,1
MR-05,MR-05_MR-05_image-00013_synthetic-lesion-insertion,MR-05_image-00013_synthetic-lesion-insertion.tiff,5,1.23779166666667,4.97258333333333,15.2307916666667,3.44745833333333,1.47266666666667,26.3647916666667,1
MR-05,MR-05_MR-05_image-00013_synthetic-lesion-insertion,MR-05_image-00013_synthetic-lesion-insertion.tiff,6,1.22379166666667,4.97941666666667,15.185875,3.328875,1.42008333333333,26.1410416666667,1
MR-05,MR-05_MR-05_image-00013_synthetic-lesion-insertion,MR-05_image-00013_synthetic-lesion-insertion.tiff,7,1.21525,4.97858333333333,15.297625,3.36004166666667,1.4045,26.2582083333333,1
MR-05,MR-05_MR-05_image-00013_synthetic-lesion-insertion,MR-05_image-00013_synthetic-lesion-insertion.tiff,8,1.215625,4.97108333333333,15.0764583333333,3.331375,1.42283333333333,26.0194583333333,1
MR-05,MR-05_MR-05_image-00013_synthetic-lesion-insertion,MR-05_image-00013_synthetic-lesion-insertion.tiff,9,1.206,5.00429166666667,15.20575,3.30779166666667,1.40579166666667,26.1316666666667,1
MR-05,MR-05_MR-05_image-00013_synthetic-lesion-insertion,MR-05_image-00013_synthetic-lesion-insertion.tiff,10,1.22654166666667,4.93379166666667,15.051625,3.31620833333333,1.40133333333333,25.9316666666667,1
MR-05,MR-05_MR-05_image-00013_synthetic-lesion-modification,MR-05_image-00013_synthetic-lesion-modification.tiff,1,1.2125,4.925,14.9537916666667,3.306125,1.40320833333333,25.802875,1
MR-05,MR-05_MR-05_image-00013_synthetic-lesion-modification,MR-05_image-00013_synthetic-lesion-modification.tiff,2,1.211625,4.91995833333333,15.071625,3.230625,1.417375,25.853375,1
MR-05,MR-05_MR-05_image-00013_synthetic-lesion-modification,MR-05_image-00013_synthetic-lesion-modification.tiff,3,1.2225,4.93166666666667,15.6183333333333,3.28033333333333,1.56041666666667,26.617125,1
MR-05,MR-05_MR-05_image-00013_synthetic-lesion-modification,MR-05_image-00013_synthetic-lesion-modification.tiff,4,1.2585,4.945125,14.8715416666667,3.26591666666667,1.45045833333333,25.7945833333333,1
MR-05,MR-05_MR-05_image-00013_synthetic-lesion-modification,MR-05_image-00013_synthetic-lesion-modification.tiff,5,1.22508333333333,4.925125,15.1816666666667,3.22666666666667,1.42283333333333,25.9835,1
MR-05,MR-05_MR-05_image-00013_synthetic-lesion-modification,MR-05_image-00013_synthetic-lesion-modification.tiff,6,1.21129166666667,4.95045833333333,15.1424583333333,3.2435,1.40358333333333,25.953375,1
MR-05,MR-05_MR-05_image-00013_synthetic-lesion-modification,MR-05_image-00013_synthetic-lesion-modification.tiff,7,1.22020833333333,4.94129166666667,15.0925,3.24058333333333,1.45895833333333,25.955625,1
MR-05,MR-05_MR-05_image-00013_synthetic-lesion-modification,MR-05_image-00013_synthetic-lesion-modification.tiff,8,1.23116666666667,4.94995833333333,15.04175,3.32954166666667,1.440875,25.9957916666667,1
MR-05,MR-05_MR-05_image-00013_synthetic-lesion-modification,MR-05_image-00013_synthetic-lesion-modification.tiff,9,1.22641666666667,4.95166666666667,14.9109166666667,3.32066666666667,1.685625,26.097625,1
MR-05,MR-05_MR-05_image-00013_synthetic-lesion-modification,MR-05_image-00013_synthetic-lesion-modification.tiff,10,1.24908333333333,4.93625,15.91775,3.4975,1.44516666666667,27.048875,1
MR-05,MR-05_MR-05_image-00013_synthetic-lesion-removal,MR-05_image-00013_synthetic-lesion-removal.tiff,1,1.21754166666667,4.93354166666667,15.5443333333333,3.38904166666667,1.414875,26.5015833333333,1
MR-05,MR-05_MR-05_image-00013_synthetic-lesion-removal,MR-05_image-00013_synthetic-lesion-removal.tiff,2,1.23254166666667,4.94170833333333,15.37575,3.26904166666667,1.50783333333333,26.3307916666667,1
MR-05,MR-05_MR-05_image-00013_synthetic-lesion-removal,MR-05_image-00013_synthetic-lesion-removal.tiff,3,1.2635,4.985625,15.3310833333333,3.23645833333333,1.57583333333333,26.397625,1
MR-05,MR-05_MR-05_image-00013_synthetic-lesion-removal,MR-05_image-00013_synthetic-lesion-removal.tiff,4,1.22529166666667,4.94170833333333,14.8532083333333,3.334,1.47033333333333,25.8280416666667,1
MR-05,MR-05_MR-05_image-00013_synthetic-lesion-removal,MR-05_image-00013_synthetic-lesion-removal.tiff,5,1.23691666666667,4.98054166666667,14.864,3.33233333333333,1.42166666666667,25.8379166666667,1
MR-05,MR-05_MR-05_image-00013_synthetic-lesion-removal,MR-05_image-00013_synthetic-lesion-removal.tiff,6,1.21375,4.96708333333333,14.8728333333333,3.30629166666667,1.41629166666667,25.7784583333333,1
MR-05,MR-05_MR-05_image-00013_synthetic-lesion-removal,MR-05_image-00013_synthetic-lesion-removal.tiff,7,1.22283333333333,4.95520833333333,14.9681666666667,3.27995833333333,1.40370833333333,25.8320416666667,1
MR-05,MR-05_MR-05_image-00013_synthetic-lesion-removal,MR-05_image-00013_synthetic-lesion-removal.tiff,8,1.21845833333333,4.93520833333333,15.106875,3.30075,1.4075,25.97075,1
MR-05,MR-05_MR-05_image-00013_synthetic-lesion-removal,MR-05_image-00013_synthetic-lesion-removal.tiff,9,1.20620833333333,4.959875,14.6542083333333,3.15791666666667,1.43083333333333,25.4115833333333,1
MR-05,MR-05_MR-05_image-00013_synthetic-lesion-removal,MR-05_image-00013_synthetic-lesion-removal.tiff,10,1.23279166666667,4.94029166666667,15.4125,3.46554166666667,1.45220833333333,26.5060833333333,1
